CalendarYear,Lineno_renamed,AnnualBoardings,AVG_Daily_Boardings_MF,AVG_Daily_Boardings_Sat,AVG_Daily_Boardings_SunHol,Annual_Revenue_Hours,Annual_Service_Hours,Average_Boarding_Per_Revenue_Hour,Average_Peak_Passenger_Load,Average_Peak_Load_Factor,Average_Capacity_Utilization,Revenue_Hrs_w_Overcrowding,Perc_Trips_w_Overcrowding,On_Time_Performance_Percentage,Bus_Bunching_Percentage,AVG_speed_km_per_hr
2023,2,3478726.346,10442.71491,8784.226293,6796.357624,40609.88333,54794.41667,85.66206206,32.62390116,65.24780232,32.22923305,11.79290622,11.10810933,85.42904623,5.624601775,18.47889469
2023,3,3623533.308,10621.97766,9591.733329,7679.853509,45693.45,54475.25,79.30093499,24.56604889,35.09435556,21.58587811,1.088500479,0.931389564,76.44033453,2.052024441,13.86464935
2023,4,2245396.369,6586.873988,5871.396649,4793.334181,45649.65,60679.91667,49.18759222,27.0462301,57.54517043,34.27241969,5.566262288,5.045200744,76.28919244,2.319629103,18.04531933
2023,005/006,4528533.697,13267.43432,11801.73125,9756.414321,57717.86556,80589.44889,78.45982614,23.95118312,50.95996408,30.58490029,8.841904594,8.148495474,82.82234423,3.994664216,9.866629823
2023,7,3572403.27,10615.6303,9227.560906,7220.175378,59536.38333,75617.35,60.00369975,26.11249727,55.55850483,29.91315742,2.780697435,2.633130281,65.91237278,3.034836251,17.00065116
2023,8,2998296.423,8903.875142,7523.192054,6237.72249,41309.81917,50003.86917,72.58072011,22.0738241,31.53403442,22.2361528,0.713814934,0.56679703,73.72915497,2.643742764,14.24127422
2023,9,3865149.746,11694.1949,8736.565161,7950.607425,56178.05833,77032.725,68.80176817,28.5899642,57.1799284,31.71396522,11.00904048,8.538179365,82.61329246,2.212084667,15.78517778
2023,10,3042568.872,9379.598457,6833.645627,5666.078507,46219,54654.08333,65.82939639,21.99982754,31.5952927,19.61533696,0.325277255,0.295236473,72.35182684,2.538556105,16.27527814
2023,14,3129642.132,8836.241112,9295.296536,7124.942712,63827.97778,81998.87778,49.03245005,26.83176376,57.08885906,34.80881212,6.780256042,5.740702048,73.26980547,2.790626281,17.09931347
2023,015/050,2465551.804,7148.886137,6565.024045,5479.576082,46452.36667,57697.11667,53.07699005,18.33490607,36.66981215,21.07119513,2.868289289,2.480641403,76.95323638,0.997967148,15.63670882
2023,16,5347137.861,16062.33415,13142.28019,10663.3275,81737.00111,100400.0011,65.4188163,31.55725014,67.11296309,33.30526039,7.371544389,6.747854968,77.23950868,2.912789596,15.84315543
2023,17,2141496.063,6568.546082,4769.648293,4135.542243,39659.75,46864.06667,53.99671111,16.74893493,35.62440122,16.65090468,1.549368398,1.505113527,71.11650861,2.380646255,16.38586155
2023,19,4487908.564,12686.21536,12267.60423,10917.40236,68902.15361,87478.37028,65.134518,25.95403958,55.20871001,35.74745104,4.549010237,3.771844411,70.19718815,3.712633189,14.38129115
2023,20,4438678.048,13349.73516,10589.96582,9020.074459,57786.56667,69914.06667,76.81158968,26.9840787,38.54868386,22.26030929,1.337940829,1.077070369,77.56445538,2.96063962,14.12634437
2023,22,2804078.059,8679.219618,6154.694057,5198.997162,46537.25,59245.16667,60.25448557,27.07302199,54.14604399,37.69521299,7.494298283,6.336774653,84.15595239,2.093862989,16.42571566
2023,23,1383485.056,4083.610946,3597.964341,2877.288403,28718.1,43552.31667,48.17467228,13.38007123,55.75029681,33.82270482,1.472117128,1.395544346,82.21286453,2.099261656,15.10943604
2023,25,6645530.338,21039.71605,13898.64136,11125.89924,84641.25,112713.05,78.51408548,41.62038555,83.2407711,44.96678252,28.33034191,26.51623901,76.73159696,6.089105766,21.47059089
2023,26,1240216.558,3977.235999,2573.053021,1909.560413,20442.43333,27217.75,60.6687344,17.27833842,34.55667683,15.20149089,0.311745188,0.273298715,91.15103305,0.266362787,20.02037418
2023,27,1164209.644,3563.249961,2836.111692,2103.151167,14011.15,19447.91667,83.09165514,17.64078439,35.28156879,22.67703084,0.163167494,0.165167921,87.98186542,0.44072145,16.509175
2023,28,1618135.423,5063.68499,3381.491495,2923.364451,26062.97139,33766.60472,62.08560792,19.82403588,39.64807177,26.9562783,0.664088491,0.620981882,82.11955185,0.692105448,21.74456347
2023,29,653455.8334,2049.188314,1464.684264,1094.736101,8827.983333,11520.78333,74.02096365,13.78271936,27.56543871,18.83751883,0.841275893,0.798597585,91.0485124,0.243845238,17.89101143
2023,31,269343.9356,809.5715299,678.2488391,523.8489075,6050.583333,9119.083333,44.51536666,10.12180477,42.17418656,34.25236541,0.313445447,0.304105423,82.18083012,0.280350519,23.49363809
2023,33,2240379.332,7303.374146,4103.024643,3411.561019,32653.06667,42578.73333,68.6116056,32.72444592,65.44889185,39.43520673,13.88673134,12.39807265,78.21912819,0.979225495,20.88302978
2023,41,2067395.05,5674.380504,5893.697325,5464.230387,37496.11667,49780.76667,55.13624433,20.13687867,42.84442271,21.09886961,1.38912407,1.130494663,84.87258239,0.831380157,20.02193681
2023,42,11083.88438,NULL,257.6477161,269.0685987,391.9333333,682,28.28002477,NULL,NULL,NULL,NULL,NULL,89.58858102,0,23.5791443
2023,44,1102441.544,4426.394015,NULL,1824.444385,13874.86667,17867.16667,79.45600993,41.7407086,58.48060581,42.89354729,4.89919947,4.654874318,79.54937257,3.606204973,22.08295511
2023,49,8477198.01,26944.43617,16786.62647,14483.73302,85047.53333,112003.4167,99.67600091,57.49943288,76.74231369,43.80534144,24.81593826,23.08914787,75.81735019,5.181115102,21.92586687
2023,68,479605.9991,1387.359343,1232.249927,1109.39123,10931.13333,17423.16667,43.87523091,10.00633103,41.69304596,29.88213819,0.549704598,0.539403913,87.63371727,0.196152165,21.04514478
2023,80,74509.96765,420.6018669,NULL,161.3463573,1710.433333,2547.766667,43.56204138,14.88370809,29.76741617,21.360323,0.351058084,0.342465753,94.96329527,0.024753156,20.7587456
2023,84,2293679.837,7729.390183,4355.719069,2479.568514,26163.4,35471.73333,87.66749876,39.92349203,53.2313227,35.3023362,6.506384646,6.061829042,81.4157432,1.007513953,23.28420768
2023,99,11284242.65,36131.08678,23708.67084,17364.33824,97808.43333,118961.1333,115.3708557,54.09454152,72.20962693,43.0897387,23.59758703,22.77843147,79.98277855,7.54474322,21.06960599
2023,100,3572610.047,10839.59173,8149.194426,7187.251631,51822.21667,68188.1,68.93973814,31.5916369,63.18327379,39.78346143,8.269433863,7.734832082,87.09307388,3.13173055,23.9954408
2023,101,932476.7601,2976.608736,1841.354126,1551.131159,16324.21667,22366.85,57.12229745,24.1454095,48.29081901,28.9776481,1.875169515,1.623181436,79.13284959,0.94439436,21.32537492
2023,102/103,451405.9652,1401.72055,1018.387907,801.1591598,16261.23333,18491.65,27.75963889,4.778421549,19.91008979,15.65912131,0.052987211,0.035323207,90.08136502,0.279392574,14.85506141
2023,104,895555.8026,3117.684881,1308.174727,889.6677591,14751.33667,18625.62,60.71014599,26.92795025,53.85590051,28.55011698,5.726036654,5.561238724,81.2435827,1.202107564,25.92531608
2023,105,261416.4588,796.5300602,647.3596503,477.5784218,9835.983333,12646.4,26.5775622,8.629466572,35.95611072,20.42788904,0.49951103,0.45630531,74.65955701,0.085203916,17.52415458
2023,106,3029150.555,9271.838901,7329.258789,5505.400957,26984.48333,37186.41667,112.2552734,31.34253761,62.68507521,39.32899128,8.793838113,7.812415289,87.3724927,1.498438387,14.9658496
2023,109,139893.3451,439.5465543,288.5189109,249.100284,6330.666667,10021.61667,22.09772722,5.273937033,21.97473764,12.99761924,0,0,92.42330425,0.043326553,21.32651418
2023,110,908484.5435,2947.081582,1642.0952,1450.619248,23829.86667,31775.5,38.12377787,16.88638213,33.77276427,17.55430745,1.310267783,1.124846865,84.0202612,0.627598419,22.68419481
2023,112,1140563.575,3616.564308,2578.959508,1752.219925,13356.43333,19156.56667,85.39432244,22.14794691,44.29589383,26.30038932,1.43471962,1.259407157,95.21197007,0.303256325,17.14494417
2023,116,1201861.274,4265.23218,1408.842006,1149.502429,22591.36667,30524.31667,53.20002513,26.25215922,52.50431844,27.72944191,2.724411104,2.485981308,89.33519152,0.75210996,25.04137157
2023,119,1933099.225,5763.817934,4785.833795,3984.497672,19851.5,30158.28333,97.37799285,25.59106446,51.18212893,35.75984935,2.313854757,2.088936144,93.61620446,0.710591224,16.58947785
2023,123,2050439.147,6385.870688,4430.113456,3710.920691,30166.23333,40843.7,67.97133485,26.17134296,52.34268591,29.24852485,4.45095794,3.496264188,86.64551006,1.349201568,19.91323849
2023,128,813080.9705,2726.747338,1385.444657,1038.950578,12766.31667,19478.63333,63.68955054,17.95970981,35.91941961,22.80599139,1.49627055,1.272071388,93.09322034,0.858219237,20.68182082
2023,129/133,1796654.425,5833.569057,3396.963984,2743.646846,35069.16667,43341.35,51.23173988,21.21916359,42.43832718,24.42141728,1.116180385,0.83658093,77.56022119,0.891588346,20.02385539
2023,130,3181005.021,9978.207603,7095.415637,5343.657637,37689.33333,50519.58333,84.40067095,27.69365937,55.38731873,36.74560412,5.908445271,5.137614679,76.00676632,3.699121032,18.37737344
2023,131,36390.50304,117.3327309,67.06411977,59.75618304,3329.1,5617.483333,10.93103332,2.314983447,9.645764364,3.401664471,0,0,83.34030683,0.040297213,20.11744623
2023,132,38232.04718,122.4417366,73.60262151,63.51318517,2589.533333,2590.133333,14.76406837,3.555518137,14.8146589,7.786026485,0,0,83.90571449,0.014349474,21.345902
2023,134,461033.4738,1412.548919,1018.169447,902.0809839,13527.75,18988.35,34.08057317,12.9436922,30.74071833,13.20345871,0.675130073,1.0606259,81.73642135,0.413477885,23.95544736
2023,136,420020.4337,1300.169934,920.499645,779.333006,15190.59889,20503.68222,27.65002465,13.5921677,32.75062255,13.50681062,0.093881832,0.104698338,79.82073296,0.257971524,25.60911559
2023,143,453314.4662,1828.154641,NULL,352.0539688,5730.766667,9869.75,79.10188855,21.76117469,29.01489959,24.65945247,0.390628468,0.354696673,94.4175842,0.26329135,31.31282305
2023,144,1532612.026,4978.24038,2981.213633,2274.017161,32184.85,41102.25,47.61905138,25.86117995,51.7223599,31.47925974,2.416254998,2.316341195,84.64901159,1.092467793,24.51868508
2023,145,1464947.553,5170.080457,1853.851977,1407.230913,16579.8,26082.86667,88.35737179,27.38516998,36.51355997,32.60622569,1.649642603,1.571660837,95.52393827,0.76539324,31.01386697
2023,146,98302.35999,303.903314,211.2375854,186.7768079,3755.033333,6185.216667,26.17882486,4.778287723,19.90953218,14.63285851,0,0,85.25337978,0.030688402,21.82432637
2023,147,462040.5857,1433.983504,1006.409099,848.2987587,10179.31667,17126.96667,45.39013775,10.98622368,45.775932,27.08648933,0.581144595,0.544739231,94.72411788,0.290714718,22.42709145
2023,148,374510.4748,1190.268154,701.6451154,668.6033356,7741.966667,11762.63333,48.37407482,8.09534376,33.730599,17.87220729,0.103599165,0.093798854,87.16457822,0.163397435,26.82228311
2023,150,40187.1185,314.6858711,526.5975036,628.2018384,1513.45,2136,26.55331759,NULL,NULL,NULL,NULL,NULL,83.92076151,0.058360416,29.98189797
2023,151,392086.6155,1235.453769,813.5442978,682.1139699,9691.7,15496.45,40.45591749,12.43524093,24.87048186,14.01362383,0.209198822,0.171174255,93.41683265,0.197315801,28.11742681
2023,152,917155.2515,2965.768285,1743.810597,1437.156028,15594.98333,22541.41667,58.81091579,25.49421066,50.98842132,24.97257382,1.268554051,1.143555013,91.64142944,0.335734962,25.33470643
2023,153,637318.2493,2166.932255,951.4542585,803.8365735,14072.13333,21141.46667,45.28938394,15.98208039,36.51022701,20.90475883,0.485460717,0.446379967,88.67924528,0.332382261,26.22569492
2023,155,657545.9662,2017.847278,1540.245752,1212.545606,11208.16667,16140.76667,58.66668348,17.26216722,34.52433444,20.57650898,0.21064891,0.171274774,88.05367663,0.787928954,19.29068827
2023,156,700696.754,2258.3711,1652.529098,897.1763272,15298.03333,20541.51667,45.803061,19.84497009,39.68994017,19.45916624,0.63287329,0.561393407,83.12769982,0.040379305,23.7930954
2023,157,490263.0173,1506.000719,1081.84055,945.9514912,12139.35,18492.41667,40.38626593,15.98358977,35.72577472,17.20073822,0.267560426,0.258961428,88.81953703,0.010701765,23.73170286
2023,159,709976.5571,2325.563439,1530.212051,877.9999602,20426.07833,26602.26167,34.75833909,17.69652327,35.39304654,19.80232854,0.810359121,1.302643228,81.70550059,0.547065,26.2131955
2023,160,1269666.112,3851.893811,2992.273657,2487.346828,52861.43333,63147.63333,24.01876059,12.96922668,25.93845336,14.61007587,0.089847396,0.074657255,77.14387332,1.029562618,25.95613296
2023,169,287551.9305,762.7474766,852.5443464,831.5743594,10927.08333,15598.6,26.31552462,7.778778817,26.00488768,13.99640388,0.012563603,0.012172855,92.43673382,0.08270022,29.18982094
2023,170,89854.04178,310.6073,128.3984473,99.16688051,6352.3,9210.616667,14.14511937,3.388988923,14.12078718,7.288541277,0.032237844,0.029655991,92.14115735,0.633146914,22.97396908
2023,171/172,532816.0505,1754.042261,1128.340566,641.7235398,19678.42833,27589.145,27.07614864,8.339060656,34.61823796,22.75321199,0.368009759,0.292620121,86.99000978,2.287438918,26.11254525
2023,173/174,390110.2196,1292.163661,774.2122703,478.397015,29352.06667,35933.35,13.29072409,5.726811805,23.86171586,11.81266121,0.118297147,0.108160077,80.06511739,0.682879522,24.21391841
2023,175,96281.47243,387.1998505,NULL,128.6218719,4284.9,5992.7,22.46994619,7.639853884,31.83272452,20.31612327,0.261175026,0.238237046,79.74944934,0.688621258,21.71010435
2023,179,13895.63836,NULL,320.5082447,339.3905091,768.55,979.5833333,18.08033096,NULL,NULL,NULL,NULL,NULL,72.57112185,2.083932164,29.83449848
2023,180,700115.5506,2327.589776,1166.156935,986.3650177,18686.98333,28244.66667,37.46541312,11.96781163,34.24566167,16.4318696,0.263221235,0.24695292,88.77525889,0.320312775,22.65117829
2023,181,59887.61088,199.1959892,105.6594362,79.83897368,4761.733333,7248,12.57685105,3.363190481,14.01329367,6.698167603,0,0,88.71479672,0.022917488,31.73643003
2023,182,106552.0516,334.7212685,217.9956512,191.219006,10989.03333,13760.31667,9.696216984,4.97395895,20.72482896,7.809206859,0,0,79.55684943,0.09003538,33.62762001
2023,183,479829.9485,1600.738362,809.1769073,649.2449956,20955.73333,30033.85,22.89731124,10.90359508,27.08760675,13.02516357,0.116487357,0.09154156,87.43268484,0.210389853,24.70047165
2023,184/185,221125.8692,745.1030987,364.7027628,278.4778031,13846.91667,21015.06667,15.96932187,3.815545271,15.8981053,8.596543011,0.012048844,0.010647359,90.94671576,0.109531784,24.7356547
2023,186,247535.2975,784.3604904,526.3445229,405.903982,9020.216667,12448.36667,27.44227846,8.541407241,35.58919684,20.28470186,0.66497263,0.588109495,90.10581675,0.126200448,24.03213787
2023,187,266965.4218,869.140265,494.2814076,406.7824256,9786.45,14488.08333,27.27908708,7.445813805,29.97547724,17.40755895,0.168394007,0.159146227,88.96434635,1.658913811,24.06499501
2023,188,616001.0996,2007.219921,1143.030131,930.5696026,18194.53333,25351.01667,33.85638358,16.28094225,32.56188451,17.53753523,1.357148304,1.067346746,90.48907681,0.386830429,26.29705514
2023,189,93993.9472,301.0807078,178.4021133,157.7580991,4610.933333,7579.516667,20.38501544,4.691889865,14.46605621,9.936296926,0,0,92.08802958,0.043551251,20.25545489
2023,191,243572.272,776.8552384,483.540069,405.7328228,7229.1,9763.233333,33.69330512,11.28843191,22.570052,13.32869538,0.066436774,0.059435364,84.29654296,0.21397371,23.42308834
2023,209,143841.7421,399.2764524,449.3076642,336.2954026,5899.016667,7820.833333,24.38402029,12.9861977,25.97239539,16.18048715,0.398095312,0.359138069,84.27729462,0.168056111,24.84864513
2023,210,857973.8558,2769.345548,1671.444864,1333.981262,22535,30161.96667,38.07294678,20.24492525,40.48985051,26.14841348,0.722214458,0.713545863,78.6298652,1.3676437,23.30751621
2023,211,652139.1241,1996.376071,1431.591686,1288.206403,19520.93333,26994.21667,33.40716926,15.54534352,31.09068704,22.60831736,1.161281165,0.825677404,79.58787879,1.094140174,26.81710374
2023,212,272540.9833,833.7340656,601.6859087,538.0588339,6371.585278,10794.41861,42.7744386,9.152147175,18.30429435,10.87587801,0.032567689,0.031565657,85.38727976,0.106228152,30.83612793
2023,214,87448.57318,219.7516567,323.9381842,250.6803326,6487.632222,9492.048889,13.47927413,4.985517469,15.66528339,11.15450925,0,0,89.77685121,0.256505331,26.63070526
2023,215,202195.3241,671.4073254,365.1704622,267.5994498,7148.05,11043.43333,28.28678088,8.192874934,34.13697889,18.05756889,0.153932156,0.156453716,92.13333333,0.074015426,27.6695069
2023,222,911642.8736,3667.865464,NULL,1136.020789,12259.01667,16977.28333,74.36508966,28.57167524,57.14335047,42.83738576,7.21871143,7.117915659,85.56654676,3.727294325,24.41142806
2023,227,146950.221,367.9772811,507.420852,452.1189969,6295.516667,8719.833333,23.34204304,4.911226852,20.46344522,13.11131266,0,0,87.54470861,0.046191759,23.76045316
2023,228,575139.356,1758.925358,1348.074777,1081.581572,13826.95,19988.88333,41.59553307,11.32840094,22.65680188,13.15783196,0.45800351,0.385914134,82.60497496,0.59059501,21.53837346
2023,229,859126.5245,2591.218771,2160.949279,1640.709761,13288.05,20453.71667,64.65407073,18.15418953,36.30837905,20.40600035,1.29734414,1.070166583,82.87638002,0.451946764,16.27132817
2023,230,672365.8824,2099.043537,1614.817844,1083.710933,11236.98333,16747.98333,59.83508762,16.549441,33.098882,15.65013427,0.592634471,0.513288468,84.72382004,0.48978023,15.98064078
2023,231,18433.71659,74.42518295,NULL,10.1392808,382.2,1244.416667,48.230551,8.036520758,16.07304152,13.99411732,0,0,94.96139781,0.059839289,16.26844597
2023,232,673116.2965,2063.845979,1508.799837,1295.871705,16022.43333,21142.66667,42.0108658,16.6337728,33.2675456,19.31783837,0.395943486,0.336087383,78.41512729,0.41749024,20.65875282
2023,236,521602.1603,1309.247382,1811.213593,1586.501317,13937.38333,20653.73333,37.42468352,11.9507357,23.90147139,17.77473077,0.422424253,0.393472978,85.16095794,0.438765708,22.71973143
2023,240,2996979.921,9097.092459,7446.638014,5581.345225,42352.95,56750.01667,70.76201116,39.18432719,59.55849206,39.66232763,6.035751634,5.659478137,71.86168125,4.572580755,20.54632359
2023,241,284321.4497,1141.452884,NULL,476.5174683,4726.633333,8672.133333,60.15305814,24.743459,49.48691801,38.9899156,2.73446666,2.283105023,76.05006105,1.947491574,19.18797388
2023,245,612033.7306,2364.627964,308.4079517,186.3570119,10418.65,15693.48333,58.74405327,11.99358803,23.98717605,17.02249879,0.954083035,0.965588084,90.97906192,0.722927061,22.8432653
2023,246/249,1152576.449,3592.642913,2574.113674,2015.392456,26991.04889,36069.19889,42.70217337,13.0674932,26.1349864,20.81278305,0.949786919,0.639156762,73.5895596,1.429322409,20.66803087
2023,247,66363.88107,266.4093207,NULL,112.1557693,1571.033333,2887.95,42.24218523,19.43616396,38.87232792,20.76872856,0.597493442,0.547945205,81.13869401,0.570445985,26.02859682
2023,250,2216652.219,6477.119338,6094.785545,4611.003637,50125.18333,67569.65,44.22232642,34.90464087,69.80928175,37.95349855,20.85144844,17.1700827,65.95391503,4.813084182,24.02605838
2023,251,79956.16052,261.8738031,150.131942,114.7371882,5955.116667,8577.716667,13.42646416,4.903172191,20.42988413,9.354639688,0,0,73.2006611,0.000172865,26.00167754
2023,252,56003.08723,178.3465851,112.0330316,93.65017606,4753.95,7339.2,11.78032735,3.768750392,15.70312663,8.032897757,0.070000491,0.065189048,74.9524938,0.007001481,22.51634756
2023,253,293567.4238,1069.210914,266.356,237.9838283,8135.572778,10974.80611,36.08441985,31.48309473,62.96618946,28.19044767,7.594989216,8.102345416,66.94160113,0.544545267,26.03551506
2023,254,169016.3895,577.6058533,251.5677155,203.2018218,5872.083333,7707.5,28.78303661,17.04845784,34.09691568,10.37636644,2.607884603,3.231518371,66.90957699,0.830478218,25.94726179
2023,255,1020641.476,3250.904074,2100.209221,1663.158223,24165.08389,32567.80056,42.2362066,26.02332149,52.04664299,24.22865734,4.673571039,4.706968159,59.71155212,0.624191216,22.22730354
2023,256,94955.44788,270.1612711,266.9947243,219.461919,4454.666667,5415.466667,21.31594909,6.033368814,25.13903672,12.84324486,0,0,69.4214876,0,19.71176693
2023,257,1410820.546,3682.721965,4523.009272,4051.605306,24800.41667,34957.83333,56.88696948,40.5309833,54.04131106,38.93800915,5.04080926,4.766810264,81.5902708,1.267145942,35.56013746
2023,262,33862.25951,99.51558628,98.81391615,64.34822909,4414.583333,5601.733333,7.670544863,2.827609989,11.78170829,6.697571507,0,0,84.4103472,0.04032074,46.94471528
2023,280,27706.74157,86.33058256,59.91985249,51.20790558,3284.166667,4364.966667,8.436460259,2.324673862,9.686141093,4.855701934,0,0,NULL,NULL,29.19229231
2023,281,8581.251274,30.61825769,7.960064075,9.552416553,1891.75,3726.8,4.536144456,2.000391569,8.334964871,6.123760114,0,0,NULL,NULL,22.31048856
2023,301,1710461.207,5534.790628,2956.611876,2876.723767,27694.05,36049.7,61.76276879,46.14497488,54.28820574,41.22160927,5.078439117,4.766590139,72.94509315,2.610410631,34.37447233
2023,310,543829.9961,1592.595754,1276.253554,1274.237983,17868.78333,22967.73333,30.43464045,18.45213608,38.68742428,27.07122551,0.514560291,0.521562142,77.74488258,1.723792004,33.57005675
2023,311,195823.8091,785.3941632,NULL,366.2901489,3992.6,8065.183333,49.04668864,35.98770293,42.33847403,37.36004321,0.056664447,0.054794521,87.06096753,0.884683437,46.81740622
2023,312,1152939.985,3502.114631,2768.809147,2206.464104,16138.91667,23027.21667,71.43849919,33.10662529,66.21325058,42.85146144,18.50606174,17.14538224,89.54794878,0.578276274,23.77459593
2023,314,483844.3562,1566.395618,1000.95106,694.1744438,7743.666667,10172.4,62.48259087,29.87059112,59.74118225,32.59099367,15.30367415,11.15879828,76.77028124,0.176530538,20.50521663
2023,316,892324.085,2679.635016,2322.626662,1690.514923,12455.36667,17051.35,71.64173555,33.14006376,66.28012753,40.66469072,9.989937032,9.707837378,79.95883234,0.197127764,20.84383911
2023,319,6834840.581,20522.2112,16311.72323,14008.40546,75391.76667,101076,90.65765246,35.74523096,71.49046193,50.73378717,21.77035678,20.02923227,68.39239309,10.13878601,21.38351809
2023,320,2102093.308,6278.692035,5091.720843,4373.363108,39317.43333,52083.96667,53.46466262,31.32035046,62.64070091,36.78256909,15.75005718,11.12545173,79.30943159,1.753266412,22.52007897
2023,321,3562302.331,10352.78196,9406.347447,7887.74148,60967.68333,75289.78333,58.42935366,41.79870986,83.59741971,44.15910886,28.75499666,27.60929303,71.35621003,4.42752523,24.62540288
2023,322,831422.6833,2548.652899,1794.943452,1651.495481,20711.55,30297.13333,40.14294842,17.06819579,71.11748245,30.28045833,6.624144506,6.543127328,88.18609987,0.586331218,24.3650953
2023,323,4126673.808,12226.70907,9990.439373,8944.132437,44167,58703.11667,93.4334188,39.97548977,79.95097953,47.19930021,29.2819485,28.71350658,78.63024794,5.1828763,19.30479662
2023,324,1425735.053,4419.352805,3115.280682,2630.524011,17102.81667,23775.91667,83.36258762,36.36416436,72.72832872,43.62815528,19.46423645,19.43209378,79.00479186,1.581710477,20.53861424
2023,325,1285287.506,3893.170306,2893.581045,2636.072014,12719.98333,19226.45,101.0447476,35.13929863,70.27859725,49.56272569,16.80621393,16.05823788,85.52122935,1.186271432,19.76373123
2023,326,482304.5102,1613.422235,796.0099674,649.0540533,9481.098611,13167.66528,50.87010799,29.83531512,59.67063023,27.75415209,9.365436771,9.03307888,79.68075788,0.116945268,20.6638544
2023,329,178876.0926,627.5495799,435.6707813,420.5796763,2947.783333,3867.8,60.68156047,26.75146155,53.50292311,31.78716237,4.675078404,4.214559387,72.97578756,0.006958942,19.2410895
2023,335,3718234.432,11581.16185,8082.209184,6690.713117,48745.11667,60419.26667,76.27911647,42.35149689,84.70299378,41.57010423,28.75586333,28.34948117,75.067651,5.656891829,22.3082769
2023,337,876122.1888,2651.772962,1974.34951,1802.770163,16769.78333,22796.65,52.2440971,19.08999807,38.17999615,26.8988041,1.748052935,1.54294653,83.55012239,1.207865132,26.09112161
2023,340,1446761.007,4531.400121,3123.151332,2528.561769,18213.81667,27557.35,79.43206159,38.15395761,44.88700895,39.01187678,1.838671958,1.627001298,91.66386207,0.700932254,36.90070534
2023,341,933731.2288,2839.671879,2058.813693,1905.078314,13013.06667,19461.61667,71.75335781,32.20939048,64.41878096,32.27139131,5.649809238,5.680367628,85.78224303,0.530932892,21.05807474
2023,342,1461512.323,4637.612693,3134.296058,2354.224365,28510.7,36613.13333,51.26188846,36.20127102,72.40254204,36.42411465,14.11920979,14.11180366,78.10976659,1.716679882,26.28517452
2023,345,1095674.082,4384.037343,NULL,2562.735093,19279.81667,26020.03333,56.83010896,42.6091007,85.2182014,46.02908736,33.24521349,33.00381302,78.05964662,0.847789762,24.86299202
2023,350,187008.8552,529.872086,535.6083094,433.1252581,10837.13333,18517.81667,17.25630289,7.573748307,15.14749661,9.06967205,0,0,92.6924298,0.075659407,30.75928574
2023,351,1432158.404,4212.623564,3608.56542,3113.343161,45240.00556,59427.7,31.65690159,28.96673612,34.07851308,28.6123205,0.160202791,0.152634471,76.63733302,1.281527167,48.55515746
2023,352,101377.5899,407.4602212,NULL,146.9830612,4854,9136.816667,20.88537082,20.25271695,40.5054339,32.71006093,0.115463085,0.124533001,82.93799029,0.985943833,50.17363069
2023,354,117779.6639,473.782429,NULL,151.0807968,4590.65,7640.133333,25.65642424,28.13807607,56.27615214,44.07527802,0.57621222,0.564061241,79.87679671,2.695446207,42.784967
2023,360,61629.68141,215.2600685,83.69520592,63.17941176,7022.216667,8830.233333,8.776385625,4.377004062,18.23751693,7.793854204,0.123223527,0.105307498,73.03839213,0.060063734,28.68425113
2023,361,93108.38075,305.8316692,168.1174838,135.2203151,7149.416667,9374.5,13.02321365,6.080145966,25.33394153,11.44871972,0.324291511,0.319744205,82.33288259,0.054882376,27.39220151
2023,362,92441.01406,199.8189453,383.5387098,352.0628667,3767.55,5452.883333,24.5361081,4.441406877,18.50586199,13.26183823,0.121597605,0.122292103,77.95024775,0.087364055,19.24999923
2023,363,203374.1915,579.0517637,551.1600049,483.2110965,12177.28333,18496.08333,16.70111354,5.626868447,23.4452852,11.5455209,0.108818065,0.098786339,76.64060125,0.069651025,24.32720104
2023,364,1688949.349,5182.602686,3957.336989,3115.028596,27310.58333,34412.55,61.84230225,38.23092458,76.46184917,47.21630624,15.14391788,14.68632232,72.06688235,1.743946031,24.88002064
2023,370,110635.2518,389.605288,98.46911769,138.8080997,6602.983333,7346.466667,16.75534318,7.82344414,32.59768392,15.93860998,0.493671551,0.473579262,NULL,NULL,22.85081234
2023,371,262656.0524,834.7882316,574.477047,410.3475932,6559.566667,9713.916667,40.04167741,11.56612844,47.73183017,26.5281995,1.261022928,1.237303786,81.60216445,0.099704874,21.6537779
2023,372,148511.082,439.3872165,410.0736564,288.2439178,10361.86667,15526.9,14.3324641,7.732447987,32.21853328,15.7148615,0.42184427,0.422403004,NULL,NULL,23.37362434
2023,373,749101.4645,2304.591826,1654.541631,1431.80788,18565.34333,25145.11,40.34945388,14.95204419,60.69619046,28.69238515,4.547737935,4.558762024,75.07320954,1.26980564,22.2114246
2023,375,894944.2609,2149.462829,3391.395682,2867.370342,20135.68333,25426.06667,44.4456861,31.80200589,63.60401179,33.41161534,5.962261261,5.942432683,68.01853466,0.541794274,25.27360604
2023,388,409978.3495,1643.188194,NULL,822.1731201,10758.15306,14888.33639,38.1086184,28.86578987,57.73157974,31.49919802,0.543792372,0.592812153,70.91541786,1.196339524,29.23880699
2023,391,101326.3081,406.960977,NULL,161.3893494,1374.916667,2217.466667,73.69632685,36.85323618,73.70647235,44.4531184,12.48726367,13.07596513,85.48387097,0.337882602,21.8115824
2023,393,137583.6529,552.1678265,NULL,239.6399445,1744.583333,2131.85,78.863331,43.50772145,87.01544291,48.73713489,25.22123894,26.98630137,80.67810458,0.407584161,19.7451165
2023,394,245479.085,984.0014431,NULL,486.1457165,7277.3,11501.51667,33.73216509,23.39764267,46.79528535,25.37217788,1.562453704,1.747756259,77.25033587,1.099403197,27.43056238
2023,395,149639.1438,601.3691,NULL,220.1952188,3972.1,6217.083333,37.672552,30.60309737,61.20619474,29.32124448,18.18281246,19.24657534,74.94370522,1.711672571,26.56085485
2023,401,1221833.827,3757.377251,2790.020269,2276.096416,19544.76667,29331.83333,62.51462847,24.71858052,49.43716104,26.22472284,3.810702298,3.305492639,76.73833534,0.261542767,23.73924554
2023,402,858290.0734,2744.952689,1645.480212,1444.322157,14456.93333,21378.76667,59.36875087,23.82670971,47.65341941,23.55962342,2.215837032,1.895599162,93.92556081,0.290338425,23.46659578
2023,403,1683443.251,4974.2825,4251.528779,3572.037148,30324.41,38818.24333,55.51446017,25.61155578,49.20979126,24.45335457,4.552605943,3.712311174,80.4778657,1.057112847,21.13704472
2023,404,457009.3549,1393.097865,1004.939629,922.7846441,10629.25,18436.41667,42.99544698,17.50689242,35.01378484,16.90088473,0.52332593,0.487429451,88.83559067,0.310734423,23.82588051
2023,405,675495.4004,2161.655419,1325.596005,1110.323301,18307.70222,22743.80222,36.8967876,17.35493057,34.70986115,19.58192909,0.054139331,0.043917435,71.17987485,0.335620777,25.89449012
2023,406,1369986.367,4090.998894,3327.232995,2847.467006,23786.26667,36273.36667,57.59568688,23.16650336,46.33300673,21.87502804,2.820087324,2.527389717,95.52342886,0.350469933,26.24290749
2023,407,1003539.57,3259.393206,1756.238717,1629.184804,25731.02889,33424.21222,39.00114429,18.56878914,37.13757828,18.35372454,0.493832577,0.352306507,81.17932846,0.488421896,23.10320756
2023,408,1242908.476,3966.218696,2480.107624,2054.017169,18754.2,26583.41667,66.27360677,25.39350833,50.78701667,24.67989249,3.630157397,3.219525763,86.32638649,0.999039853,23.62653635
2023,410,3296807.021,10125.04578,7397.830726,6281.550845,54424.26667,66085.81667,60.57604856,33.31939736,66.63879471,42.64040946,8.213512819,7.291190658,77.84357098,5.234766403,27.85327721
2023,412,115386.7016,452.0189176,65.52283462,87.90168508,4728.766667,8438.75,24.401014,7.073302677,17.44782175,9.274130139,0.112973761,0.102669405,92.24683544,0.166149272,29.23003097
2023,413,120866.9,374.2697429,292.5385017,204.1722739,6436.565,9646.131667,18.77816817,7.578370653,30.57064318,16.42154289,0.237209141,0.22556391,81.0024614,0.178241096,27.04872011
2023,414,55108.69403,191.5622109,142.9560212,131.3304812,2738.816667,3872.666667,20.12135193,4.116098809,17.1504117,12.08086029,0.034035397,0.027578599,79.67229072,0,18.19672377
2023,416,68942.40079,276.757747,NULL,116.6474564,3504.933333,4749.833333,19.67010332,8.956638292,37.31932622,19.12951326,0.962650465,0.880626223,68.06968779,0.166919343,21.72864231
2023,418,314458.5137,1260.992308,NULL,598.6827271,6193.016667,7527.983333,50.7763067,20.94239902,41.88479803,31.10838215,0.344516447,0.319634703,73.13963211,2.197828744,30.52103212
2023,430,2375435.935,7109.841933,5745.641203,4895.196494,35062.31667,44100.41667,67.7489727,39.27109976,78.50885611,54.70034173,15.95631672,15.77295096,67.80583874,1.530998365,22.04453356
2023,501,1793638.748,5800.700947,3721.543263,2587.101371,38747.95,48422.01667,46.28990045,35.87348812,71.74697624,46.13163151,13.66408821,12.77230408,76.58594437,1.917513839,26.78177679
2023,502,1957115.013,5675.60555,5582.173519,4082.810717,44484.71667,58882.35,43.99522261,31.92677058,63.85354116,37.22870049,15.40475643,14.43577086,83.86067648,1.092406761,25.45651421
2023,503,2529086.483,7879.218392,5313.852888,4674.503609,55574.62389,72793.07389,45.50793701,39.27693318,67.65114474,42.43650071,22.09872756,17.32808758,81.00150536,2.154329325,29.22345272
2023,509,94941.28394,382.004207,NULL,117.2489609,3508.466667,7107.433333,27.0606202,19.13810769,38.27621538,21.96798624,0.321768123,0.328299409,76.48503164,1.727421001,34.05077318
2023,531,921561.0202,2951.13213,1790.709271,1520.096084,23099.77944,30168.34611,39.89479737,29.98609925,59.97219851,32.25213164,10.36695798,9.460476788,86.98771246,1.000602781,27.70071547
2023,555,1123473.013,3812.86987,1815.717796,1343.825843,11535.25,19840.8,97.39476934,40.1274651,47.20878247,42.73513939,7.637171168,6.620314389,94.33787499,0.314208765,66.74238213
2023,560/561,75628.40168,224.184816,178.7027334,166.6422926,10207.16667,13218.66667,7.409343273,4.32194809,18.00811704,10.64621238,0.184428555,0.183667703,NULL,NULL,26.18835234
2023,562,223862.1107,752.4693182,438.1977819,239.572431,14735.28333,19976.13333,15.19225017,10.96149552,45.67289801,24.54627197,0.765965825,0.754527163,NULL,NULL,34.39297837
2023,563,63814.71854,219.1016593,99.40656172,69.93749527,4881.583333,7164.683333,13.07254515,7.110967735,29.62903223,16.19647249,0.337958022,0.323624595,NULL,NULL,33.19606722
2023,564,36658.48947,115.9300169,68.70177565,67.49838114,4700,5710.916667,7.79967861,4.20006738,17.50028075,10.33810725,0,0,NULL,NULL,24.84768015
2023,595,567570.3072,1821.159828,1126.510048,906.4469171,13406.68333,18494.5,42.33487829,21.07721093,42.15442185,28.2478097,1.263277582,1.133062173,76.65501276,0.478734253,30.77480352
2023,601,1116120.771,3293.524196,2796.729851,2399.71785,34092.71889,45743.41889,32.73780464,26.19788904,52.39577808,36.08639816,5.002571501,4.498525074,78.80479108,0.826282978,36.56451676
2023,602,67408.55802,271.252784,NULL,81.82407684,2881.65,5228.433333,23.39234745,18.12648683,36.25297365,29.79533423,0.305720501,0.304414003,77.4026438,0.63952249,40.83132475
2023,603,38095.46707,153.2370615,NULL,49.1825737,2520.6,3936.3,15.11365035,7.439347206,14.87869441,17.87865996,0,0,78.74856925,0.268635024,34.66509682
2023,604,33730.90485,135.7771758,NULL,38.78848305,2304,3930.9,14.64014967,7.36518716,14.73037432,17.79135686,0,0,84.3151341,0.307380598,35.17019463
2023,606,4369.951997,17.5975653,NULL,4.670673418,620.3,1212.95,7.044900849,4.717041352,9.434082703,6.134103126,0,0,89.09221385,0.093641952,25.37081749
2023,608,8424.185514,33.91728862,NULL,9.323044968,579.6,953.4,14.53448156,4.908719495,9.81743899,6.280805085,0,0,92.7359131,0.124057862,25.06488387
2023,609,19457.69694,60.44225157,43.36017718,34.83785689,3468.25,5991.55,5.610234829,2.427451463,10.1143811,5.28402927,0,0,75.84680921,0,23.04544168
2023,614,10816.74471,30.60084462,33.46846178,23.4548038,2260.083333,2878.966667,4.785993751,2.36040456,9.835018999,5.355676263,0,0,84.7012842,0,27.03238934
2023,616,21491.58198,70.92768723,41.20221333,28.31209832,2317.916667,4262.116667,9.271939019,2.477552214,10.32313422,6.348367682,0.01709694,0.022114109,94.84780604,0.005140701,26.02546701
2023,618,18348.98938,60.09057752,38.43595536,23.5254337,2402.9,4323.316667,7.636185186,2.05935737,8.580655709,5.568518054,0,0,92.37242853,0.000471814,26.66431585
2023,619,10500.95257,31.51970019,27.98470003,19.4831351,1846.366667,2712.366667,5.687360349,1.915696748,7.982069783,5.259875218,0,0,90.32611075,0,28.05240872
2023,620,820215.8186,2035.680849,2615.26504,2742.821188,15071.48333,25772.4,54.42170492,42.48941518,50.24087474,45.62736172,12.65725495,12.6654633,73.23121418,1.670782688,46.98867191
2023,640,1156816.418,3944.483923,1691.326944,1444.258966,33709.63333,45557.06667,34.31708694,22.57362455,45.14724909,29.72344374,1.678931879,1.637055838,83.88275488,3.655061927,35.47451154
2023,701,1213434.69,3642.603898,2939.217893,2459.273188,44732.25,57886.45,27.12661871,15.33246377,29.81924919,18.16070269,0.313555823,0.304483027,73.30568874,2.359010754,28.99996901
2023,719/722,19411.35986,73.36682425,22.25581226,33.20324556,3604.583333,5084.1,5.385188264,2.404977374,10.02073906,5.175114017,0.062156199,0.050175615,78.63609158,0.077078583,22.61408541
2023,733,60035.23035,192.7513343,117.89251,96.36112736,4392.066667,7741.7,13.66901619,4.814395445,20.05998102,13.47214097,0,0,89.5709023,0.194130604,27.75222658
2023,741,61301.97844,200.2421725,108.9851274,94.23029858,4432.066667,7431.9,13.83146578,4.812911918,20.05379966,12.81545092,0,0,91.10458938,0.229413111,28.38946829
2023,743,51896.58886,189.8908084,82.73490003,13.61665356,6975.995833,10734.94583,7.439309039,3.212360647,13.38483603,7.484704346,0,0,83.98761976,0.018951864,25.31806573
2023,744,78284.36425,290.193908,117.5047368,141.4561442,6650.4,10573.81667,11.7713768,5.816738444,24.23641018,12.7630009,0.125843235,0.118511496,80.23356706,0.051108807,24.75911597
2023,745/746,183811.2059,649.5796421,236.338578,170.7890434,10823.88333,15859.91667,16.98200177,7.923295111,32.91518844,21.82920952,0.468392693,0.466279995,79.28678743,1.489555853,30.06678342
2023,748,13817.70495,49.10182059,31.39000241,25.24085744,2109.366667,2671.866667,6.550641559,4.619296416,19.2470684,10.21623097,0,0,74.54331173,0,37.10691904
2023,749,14366.80375,50.50009854,35.35190901,26.83931144,2107.6,2547.366667,6.816665283,5.30375618,22.09898408,11.9454145,0,0,74.60871659,0,39.9590717
2023,791,538146.3705,2157.978525,NULL,1025.134984,16529.08333,21173.7,32.55754476,22.62788102,45.25576205,25.8307106,2.53351009,2.559480894,78.78430848,1.061970749,31.72680525
2023,R1,4880559.93,14722.25779,11393.2771,9940.459091,38951.51667,52809.8,125.2983285,51.69842877,68.93123836,43.56056674,16.59099617,15.38813621,80.10494825,2.461932913,21.70374453
2023,R2,1964890.368,5814.670568,5051.198651,4074.753676,39417.03333,52452.81667,49.84876338,18.53722113,24.71629483,16.16501561,0.056507596,0.050110243,74.0535376,1.593230907,19.21282858
2023,R3,1000504.783,3036.07161,2393.565482,1932.034583,30669.18333,44783.65,32.62247878,17.52590818,23.36787757,18.75976127,0.020941038,0.016470847,92.14494043,0.94506131,36.64107642
2023,R4,8844105.601,28096.95432,18537.23503,14432.36763,78685.21667,110482.3833,112.398567,54.69016533,72.92022045,49.30338839,22.64246469,21.65999272,88.16848305,6.626361968,28.04685944
2023,R5,4663559.358,14772.51574,9730.630899,7796.334161,62880.17056,77318.93722,74.16581916,43.39277033,57.89283509,38.33572859,13.50139567,11.89521622,80.23105722,4.713679263,23.58704561
2024,2,3126503.815,9238.031144,7957.155245,6345.569039,37286,49849.75,83.8519502,31.73678844,42.31571792,20.42741201,1.581818989,1.488465588,77.87171057,6.109565188,18.36290912
2024,3,3559968.677,10356.24151,9388.729915,7585.393634,45967.31667,54705.38333,77.4456491,26.27649457,37.53784938,23.18352223,0.519423095,0.457917923,72.54528286,2.954208557,13.80458919
2024,4,2359541.189,6837.326153,6213.365267,5137.722812,48993.36667,64050.15,48.16042149,26.83872568,57.10367165,33.62041524,5.33777666,4.707126802,70.96997931,3.264563535,18.13815829
2024,005/006,4341985.889,12647.73636,11115.78456,9456.595944,58335.75,80792.45,74.43096024,21.33498372,45.39358239,27.57339605,2.568082033,2.359513772,79.56654488,4.908305776,9.83994713
2024,7,3335313.021,9822.067072,8608.146156,6799.918776,62120.03333,77628.98333,53.69142356,24.67918342,52.50890089,28.32349358,2.618655182,2.409243091,66.32269067,3.663279005,16.46182899
2024,8,2944018.329,8742.13653,7151.198336,6082.523374,41651.63389,50051.03389,70.68194099,22.88503774,32.69291106,22.85039439,1.045713308,0.788652482,71.67377002,2.882984665,14.19369211
2024,9,3993777.629,12111.90193,8791.880878,8011.326833,55546.68,75918.01333,71.89948399,30.78469513,61.56939025,32.14632445,14.15651573,12.02298948,80.70745103,2.525079878,16.06729016
2024,10,2879644.992,8791.756292,6489.861816,5431.151709,47937.08333,55427.4,60.07134335,21.92546927,31.65933138,19.4181878,0.305133544,0.276914383,67.77676951,3.617856586,15.91581175
2024,14,3246425.791,9081.968768,9548.440862,7515.33297,66740.81667,84771.91667,48.64228448,26.55750654,56.50533306,35.06490371,6.890748335,5.750492519,70.99432405,3.242587059,17.05526902
2024,015/050,2347047.849,6727.264042,6196.957383,5380.266441,47810.3,58310.71667,49.09084129,17.45333328,34.90666656,20.25651223,2.636137599,2.242644537,73.69809589,1.628906404,15.36326712
2024,16,5316525.476,16009.66181,12638.23768,10352.78962,83532.81667,102250.8167,63.64595003,32.14705836,68.36058292,33.9101422,8.674361184,8.034355295,73.50976742,3.847984511,15.62754487
2024,17,2012496.517,6122.505307,4502.137996,3905.869541,39599.35,46721.33333,50.82145332,14.8381311,31.5704917,14.65598163,0.770132633,0.756204757,65.21827601,3.634729565,16.20562382
2024,19,4378205.053,12301.21228,11872.15666,10736.16999,70496.78667,89943.05333,62.10503003,26.4047834,56.1803902,36.11545393,5.646190518,4.62920195,69.71794905,4.101644184,14.15808121
2024,20,4231824.627,12599.9493,10106.3329,8752.429841,56155.11667,67067.13333,75.35955543,28.65848935,40.94069908,23.65059125,1.36256213,0.999947647,76.60509852,3.015720398,13.94976523
2024,22,2778254.718,8535.692264,6094.143019,5168.798573,46353.875,58663.475,59.9357598,27.08056932,54.16113863,37.05161942,8.778757969,7.376540014,81.09417604,2.754131108,16.33975184
2024,23,1522672.337,4436.563985,4020.604525,3213.79184,31121.05,47482.16667,48.92740885,13.69550516,57.06460483,33.29686377,2.400705154,2.341278211,78.02950025,3.541751707,15.22237479
2024,25,6361425.543,19936.87532,13312.19599,10844.75997,77431.81667,102193.4833,82.15518914,47.19488639,63.10301759,33.90891778,7.187764167,6.512496111,67.03105078,8.131610539,21.29707415
2024,26,1230701.407,3923.146911,2536.757397,1875.791409,21412,27250.28333,57.47718135,18.03457448,36.06914897,16.05506006,0.278000734,0.264044432,88.18258303,0.77029257,19.16285999
2024,27,1201975.618,3662.713034,2902.748753,2138.725192,14377.38333,19646.96667,83.60183423,19.54692547,39.09385093,25.11505696,0.496855371,0.442927009,85.19898189,0.606506764,16.07602274
2024,28,1574275.573,4945.900025,3177.013972,2731.411392,27562.13167,34433.215,57.11733738,20.30063171,40.60126343,27.11784778,0.526962899,0.494428455,80.97730379,1.171873873,20.92894351
2024,29,666346.4576,2090.108251,1450.134142,1084.654272,9251.966667,11775.28333,72.02214206,15.21085856,30.42171712,20.77847346,0.16325228,0.147001176,90.40309855,0.545249069,17.08687137
2024,31,297251.3607,900.9480113,717.6698151,547.638085,6435.2,9548.1,46.19147202,10.39942946,43.33095609,35.27545419,0.749801973,0.69956754,77.90854573,0.690030587,23.15881893
2024,33,2284327.196,7457.528234,4073.477248,3316.643833,33186.78333,43081.53333,68.8324377,34.28982917,68.57965833,40.29792928,16.41249839,14.92884383,76.69128549,1.427206777,20.58288864
2024,41,2082517.788,5723.180383,5774.064566,5495.300237,37692.36667,49911.38333,55.25038548,20.07251183,42.70747199,20.7771359,1.070967204,0.860782738,82.0199943,1.187423549,19.94846597
2024,42,8766.474665,NULL,206.1342638,201.9038865,386.3666667,698.85,22.68952118,NULL,NULL,NULL,NULL,NULL,94.84662577,0,23.51868315
2024,44,1193832.479,4784.832376,NULL,2409.217773,15549.46667,21640.38333,76.77642616,40.83670012,60.97668499,42.62864451,6.974808607,6.533646322,78.4868836,4.230306955,21.19946006
2024,49,8500513.229,26850.74769,16838.82238,14447.05062,90828.76667,119175.5167,93.58833705,55.13002783,73.50670377,40.33345982,20.31371908,18.93246506,71.08850594,7.662130102,21.74620688
2024,68,478379.0304,1386.619396,1209.582491,1080.192482,11217.2,18745,42.64691994,9.276835645,38.65348185,27.0006751,0.269986267,0.265421929,90.03941824,0.155650704,20.51215594
2024,80,129382.2676,517.2825565,NULL,522.2692099,2277.65,3558.333333,56.80515776,19.47646747,38.95293493,28.55077775,2.71384404,2.716297787,94.91575092,0.045398022,21.7476017
2024,84,2167975.273,7278.61393,4117.716806,2176.602005,25221.7,33741.95,85.95674649,39.08009306,52.10679075,34.39380746,4.173304874,3.873659118,78.51865602,1.444857097,23.00324553
2024,99,10623298.29,34159.26671,21424.93859,15439.13966,98249.66667,116791.8333,108.1255403,52.89937745,70.53388363,41.54178301,21.80452309,20.41512007,78.55866937,7.44385195,20.25546499
2024,100,3501386.7,10495.71541,7941.835609,7307.355578,52346.36667,68276.91667,66.88882005,31.34857148,62.69714295,39.69532538,9.482925499,8.764354181,85.91816777,3.212458993,22.9482987
2024,101,927696.8054,2913.781002,1893.785478,1595.207553,17307.26667,23476.45,53.60157807,24.21956317,48.43912633,29.64019253,2.714043092,2.535619416,82.766097,1.122243461,19.12138545
2024,102/103,484715.064,1495.957171,1082.636792,860.3786964,13382.83333,19502.8,36.21916615,4.582754442,19.09481018,14.6731933,0.076823375,0.053911989,86.01439724,0.549475552,16.56503085
2024,104,884870.9514,3069.046134,1280.632662,832.0856258,16083.52056,20002.28722,55.01724255,25.35112852,50.70225704,26.41729434,3.591820372,3.28611898,80.64427878,1.592464473,24.643403
2024,105,270930.8032,808.8268935,689.8294766,517.8734452,9936.166667,12682.71667,27.26713554,8.090414202,33.71005917,19.64497076,0.399857569,0.363534676,72.99479597,0.248790856,17.32386509
2024,106,3012419.459,9171.40811,7171.203876,5474.403658,28187.35,37811.75,106.8713256,30.26209246,60.52418491,37.85012296,6.649136668,5.889884763,85.76598016,2.38471219,14.47538916
2024,109,153385.6743,483.5966929,311.2905147,258.1998616,6490.916667,10296.51667,23.6308186,5.372930142,22.38720893,12.88140574,0,0,87.3834153,0.12047772,20.8194465
2024,110,902216.7891,2903.315367,1643.623498,1443.428319,24529.01667,32243.31667,36.78161262,16.86405678,33.72811357,17.51868977,0.703887453,0.721580817,82.29041698,0.809422343,22.06812044
2024,112,1140593.668,3563.489782,2647.834097,1778.420607,13577.93333,19581.01667,84.00348125,21.0516598,42.10331959,26.4559824,0.866362406,0.772081532,92.29279628,0.623121639,17.45249488
2024,116,1191187.105,4201.014531,1385.583734,1124.371275,22698.88333,29753.26667,52.47778438,28.63911832,57.27823664,30.0234373,11.79097456,10.9050301,89.65669642,0.927103782,24.39608449
2024,119,1899904.301,5612.603382,4755.398222,3924.390026,20005.65,30224.68333,94.9683865,25.86065702,51.72131404,35.93956825,2.856006816,2.486153072,93.87200625,0.703908389,16.27434351
2024,123,2049368.861,6326.541069,4424.749981,3753.432863,33498.25,44576.98333,61.17838578,26.2020588,52.4041176,28.44939255,4.567611119,3.755493408,83.70827027,1.497840003,18.56107726
2024,128,807369.0437,2686.210215,1337.391199,1060.897814,13144.26667,19911.21667,61.42366586,18.44390068,36.88780135,23.15218813,1.308680257,1.14017438,91.83557114,1.12555508,20.06955645
2024,129/133,1776161.814,5757.090974,3297.605363,2633.395113,36380.25,43965.8,48.82214427,21.1744057,42.3488114,24.142739,2.11450894,2.060777237,74.44640846,1.725664421,19.90304955
2024,130,3255821.567,10241.53895,7042.625056,5222.490261,40286.78333,52933.2,80.81612127,31.53830864,63.07661728,41.26952749,10.47759283,9.204943737,76.21815587,4.301972577,17.51549934
2024,131,38670.27586,125.8221306,67.95100572,58.57096971,3333.133333,5580.55,11.60177886,2.008691955,8.369549814,3.291315625,0,0,82.24992995,0.120524198,20.08538069
2024,132,39659.2555,127.6040453,76.44096272,60.16797163,2624.15,2624.15,15.1131816,3.173525631,13.22302346,7.153631563,0,0,81.47862108,0.11934888,21.07962977
2024,134,445553.6473,1372.455793,934.6192287,849.4146912,14100,18939,31.59954945,11.01747905,26.62317171,11.2664289,0.100555681,0.116883117,86.15212878,0.302501454,22.91982905
2024,136,434143.1333,1360.645594,915.3894677,734.4942765,15567.8275,21261.24417,27.88720091,11.71730039,28.52876098,12.08435166,0.038702195,0.052431511,85.35778441,0.108697475,23.74354138
2024,143,456004.8312,1829.817651,NULL,380.2360535,5634.966667,9279.933333,80.92413996,27.76567304,37.02089739,33.39402498,2.450137064,2.269170579,93.1310721,0.297018199,30.72038365
2024,144,1529236.684,4946.360334,3002.395583,2176.43677,33580.91667,42605.1,45.53886062,25.5614522,51.1229044,31.87682993,1.977463677,1.836508072,83.4202177,1.799336289,23.54625233
2024,145,1416859.834,5008.0022,1680.829087,1268.679596,17458.63333,25988.81667,81.15525466,31.69902103,42.26536137,37.70609626,5.628617637,5.429331696,94.90932493,0.805391269,29.60575471
2024,146,104577.6781,322.9418786,210.459089,203.4042725,3808.183333,6264.5,27.46130345,4.583886705,19.09952794,13.58838388,0,0,85.55750292,0.016885283,21.53036162
2024,147,496278.123,1529.22642,1092.586319,902.8654724,10472.96667,17493.46667,47.38658479,11.27233663,46.96806929,27.64915697,0.817814076,0.770478508,93.70090544,0.388500934,22.14504391
2024,148,391888.6894,1246.767491,703.5485136,690.1394076,7960,12195.61667,49.23224741,8.074381086,33.64325453,17.53259988,0.206590603,0.189613399,88.26636835,0.14813016,26.03768571
2024,150,37312.17785,324.8158458,557.0033806,460.0412887,1538.083333,2069.033333,24.25887924,NULL,NULL,NULL,NULL,NULL,81.00785009,0.263125891,29.41837568
2024,151,389179.0326,1212.505809,775.8248485,721.8799082,9717.1,15581.61667,40.05094448,12.58179263,25.16358525,14.10950289,0.315468574,0.263007433,93.08901937,0.161203003,28.22640904
2024,152,880395.7357,2849.829685,1638.567726,1316.65573,16528.91667,22829.16667,53.26397086,24.03953638,48.07907276,25.18710057,1.366477586,1.237182345,91.7138561,0.453315297,24.14939297
2024,153,691747.2119,2304.714074,1143.420469,898.7006629,14250.68333,21084.23333,48.54133628,17.3409921,40.09711857,23.51564442,1.365119157,1.261933502,87.09850805,0.529331955,25.8888955
2024,155,655332.2493,2008.927713,1469.672427,1210.558192,12175.9,17815.38333,53.8220788,17.33375497,34.66750994,20.38250839,0.606868521,0.515093436,90.82422263,0.790461252,18.12203533
2024,156,692969.4416,2224.774193,1627.797622,836.2337116,15392.18333,20689.48333,45.02086719,20.44541935,40.89083871,20.82286204,0.976381512,0.883289893,81.25353947,0.073607145,23.7352956
2024,157,484312.0703,1486.731705,1058.488123,908.8383587,12658.45,18821.63333,38.25998209,14.17282254,34.41739084,16.95851146,0.510420528,0.440757065,89.77650697,0.089396403,23.38278416
2024,159,736557.2949,2392.796,1588.88282,894.2951411,20587.01417,26718.33083,35.77776208,20.05287684,40.10575368,22.8791747,3.924945829,3.318019398,82.50107388,0.654927742,26.23785348
2024,160,1241050.601,3743.761836,2927.300035,2409.75849,53535.66,63391.55,23.18175588,13.58670414,27.17340828,14.94126347,0.236739877,0.204109403,77.15505751,1.335282995,25.57887884
2024,169,317174.5164,840.5258361,926.9847154,918.1596621,11122.7,16176.68333,28.51596433,8.886667892,29.60851582,16.37948073,0.093957641,0.085251492,93.4334227,0.083006061,28.83294574
2024,170,89139.02648,307.8057878,118.884689,97.12894578,6447.5,9248.05,13.82536277,3.826482391,15.65484111,8.093292775,0,0,91.91531437,0.782396782,22.68633747
2024,171/172,536752.1149,1772.276199,1086.919185,599.0083658,19500.58917,26958.28917,27.52491786,8.927162879,37.03604041,24.76183905,0.497824652,0.395281329,84.24535276,2.434235697,25.59014208
2024,173/174,388890.9866,1279.829713,747.1385337,482.4951431,29714.8,36647.91667,13.08745092,5.603691181,23.12419302,11.07033996,0.065999722,0.059680115,73.04044579,1.170165191,24.78734872
2024,175,94685.06819,379.1669305,NULL,272.5025024,4453.083333,6090.016667,21.26281075,7.559043397,31.49601416,19.67231698,0.158338973,0.122473974,77.68098666,1.205357586,21.27243385
2024,179,14793.68645,NULL,369.1744438,322.1825031,723.35,1011.783333,20.45162984,NULL,NULL,NULL,NULL,NULL,84.01179941,0.067120529,28.42844152
2024,180,680626.3251,2250.829505,1126.758433,947.3590755,18789.35,28873.1,36.22404847,12.56855972,35.3052711,17.56080972,0.278612869,0.247544518,87.62415598,0.527160616,22.59499522
2024,181,58301.01591,194.9676018,99.76089492,70.25410039,4883.633333,7305.116667,11.93804119,3.104457069,12.93523779,6.030666706,0.018614117,0.019762846,86.91834057,0.02180583,30.88858471
2024,182,105881.683,337.4179017,197.0537479,178.7358552,11121.78333,13793.16667,9.520207311,5.398253081,22.49272117,8.046420171,0,0,76.09610425,0.110370221,33.19059394
2024,183,460149.1734,1521.937174,765.4797651,636.6441413,21139.93333,30098.05,21.76682235,10.90906185,27.18467072,13.07121323,0.183151687,0.156552169,85.57968438,0.516162962,24.33849225
2024,184/185,220643.6117,735.377465,361.1321585,288.5500095,13921.95,21054.81667,15.848614,3.919031824,16.32929927,8.728662995,0.030138259,0.032219955,90.01483024,0.1748761,24.58481471
2024,186,238692.3302,757.612285,475.9422343,389.1980772,9395.683333,13011.5,25.40446732,7.855052579,32.72938575,18.51061181,0.573918464,0.496152288,88.17801209,0.358299369,23.27952428
2024,187,270835.1606,874.2267993,502.7049126,415.5697254,9567.433333,14115.86667,28.30802695,8.993633614,26.31759849,15.04639736,0.022549609,0.020226537,87.46619362,1.49851325,24.09404733
2024,188,620200.5681,2017.693268,1131.111222,907.3409363,18445.4,25953.91667,33.62359006,16.87950659,33.75901317,18.18541467,0.908038983,0.741374394,89.91347204,0.508734517,25.76567544
2024,189,91335.74211,288.5033658,179.8110438,156.1266116,4660.183333,7463.033333,19.59917359,4.656370045,14.35661715,9.584959394,0,0,89.19076179,0.075267848,19.98251543
2024,191,260385.5558,833.6410557,509.0897592,405.1733148,7387.983333,10042.88333,35.24446985,11.45936736,22.91873473,14.40796473,0.275186567,0.266745702,84.25966321,0.100420125,23.12674175
2024,209,135772.0327,373.6881352,409.6573328,329.5616272,6050.35,7885.25,22.4403601,13.74996093,27.49992186,17.58270279,0.088816806,0.079840319,83.8215136,0.223741073,24.15868232
2024,210,852488.3995,2732.447363,1646.321583,1330.773597,24209.93333,30677.36667,35.21233982,23.04793344,46.09586688,30.52637933,0.799971641,0.74704057,81.02400451,1.799241041,21.7389202
2024,211,669712.2523,2063.453916,1403.656712,1275.72428,20443.76667,27273.26667,32.75875054,17.5535493,35.1070986,24.95163742,1.364457572,1.227639425,75.94040815,1.828969806,26.00882864
2024,212,255831.2248,778.3288894,551.4753309,513.0863716,6898.884444,11213.80111,37.08298449,10.18428534,20.36857068,11.77321232,0,0,89.47087119,0.154147759,29.22592148
2024,214,87069.57505,201.0177536,323.262928,310.8689561,6407.316667,9579.433333,13.58908566,6.860599152,20.68489432,15.28057143,0.054817171,0.067069081,85.3286341,0.215822078,27.54273123
2024,215,203918.7194,675.615051,352.9949758,266.6897381,7130.2,10955.86667,28.59929868,8.533027322,35.55428051,19.78211053,0.506277348,0.489703666,90.80828822,0.074639799,27.10618349
2024,222,946215.5844,3793.428378,NULL,1650.858154,13338.46667,17586.06667,70.93885737,31.8478818,63.6957636,47.37973173,9.70144546,9.500138083,80.57407709,5.80727668,22.68579304
2024,227,138559.656,352.8171751,455.7126578,415.5557098,6320.583333,9297.466667,21.92197281,5.402638099,22.51099208,15.04622469,0.12113397,0.12755102,91.93194012,0.055512942,23.71367437
2024,228,567635.7004,1735.632186,1306.949054,1038.49131,14695.7,20100.11667,38.62597225,14.13629989,28.27259978,16.15290091,1.235026138,1.12741763,83.47659203,0.756573801,20.32213861
2024,229,894193.1046,2663.405515,2267.700263,1739.764887,13984.48333,20650.16667,63.94180488,20.31771799,40.63543597,22.15382941,1.764878311,1.508707979,83.53882803,0.509321495,15.52006877
2024,230,685745.6872,2158.306228,1524.592273,1062.286743,11702.23333,16901.01667,58.59955683,21.71046072,43.42092144,20.2503399,2.622937965,2.064456933,84.49686455,0.644707652,15.49102293
2024,231,18115.682,72.61800496,NULL,33.79875946,387.3666667,1176.416667,46.76623869,6.696958583,13.39391717,11.76682751,0,0,91.28459314,0.190631808,15.89377262
2024,232,633283.7874,1929.581574,1408.127953,1224.543413,16724.63333,21348.96667,37.86533162,17.55562079,35.11124158,20.69589977,0.398677557,0.364861072,77.76318943,0.474267522,19.73168816
2024,236,485512.4532,1246.844042,1604.227313,1409.668717,14401.31667,20733.6,33.71306003,12.14223426,24.28446852,17.99787154,0.132550083,0.125743027,84.3837785,0.68909873,22.03964142
2024,240,2922573.258,8808.291337,7174.080285,5480.869851,46054.41667,59824.31667,63.45913095,32.32651626,64.65303251,42.68496921,8.290134737,7.102416055,70.06656413,4.984663522,19.74735898
2024,241,282524.8546,1131.740813,NULL,721.3922729,4802.106944,8576.640278,58.83351993,23.74057076,47.48114153,36.05109227,1.682080874,1.408450704,70.85439087,3.092922921,19.0379914
2024,245,659900.0485,2542.157288,300.6430682,173.3760671,12463.7,19094.56667,52.94575836,11.09644904,22.19289808,16.30077125,1.060167975,0.956870799,94.15177749,0.921751066,21.69971604
2024,246/249,1129188.505,3541.102692,2380.085889,1902.914905,27997.72389,36614.45722,40.33143943,14.75418894,29.50837787,23.59835998,1.62956582,1.074721421,71.76112773,1.517716522,20.00462891
2024,247,66989.70387,268.3944416,NULL,159.4878998,1616.316667,2773.283333,41.44590305,22.65195262,45.30390525,25.71920291,0.30027883,0.281690141,79.07811206,0.746788531,25.08732865
2024,250,2380795.907,7008.030963,6149.826904,4861.618436,50531.76667,68791.4,47.11483615,28.44449613,56.88899227,33.50920751,7.359165466,5.949597298,68.29547193,4.43540077,23.83608281
2024,251,86045.35763,281.6985423,164.8569364,112.7670755,5783.183333,8684.383333,14.87854572,4.94985525,20.62439687,9.063946534,0.113714125,0.109241861,77.84985456,0.006074111,26.82669547
2024,252,61973.07829,195.9809265,124.7636907,102.8633183,4741.6,7312.983333,13.07007725,4.067489848,16.94787437,8.55927157,0.043617859,0.043840421,79.00921557,0.037222206,22.718491
2024,253,290354.8898,1055.558496,263.336131,212.7283924,8113.343889,10638.29389,35.78732687,19.34402718,38.68805435,26.68481582,3.781177301,2.575792113,64.27627854,0.397598359,25.80054037
2024,254,173514.2645,603.7116538,221.438379,179.6194928,6195.577778,7870.794444,28.00614741,13.56979134,27.13958269,17.99225628,2.713526519,1.595744681,63.57767597,0.702615624,23.83680852
2024,255,984641.4645,3138.634223,1910.4163,1596.613775,24684.54972,32819.36639,39.88897815,23.07585443,46.15170885,25.446738,1.050625523,0.944461554,60.74980227,0.946787273,21.44333788
2024,256,97691.04998,279.0090277,279.8770071,210.2184264,4485,5572.616667,21.78172798,5.150996866,21.46248694,NULL,0,0,69.49956279,0.004283284,20.05285871
2024,257,1325749.419,3468.673898,4156.224835,3783.475793,25532.63333,35176.36667,51.92372449,39.634107,52.845476,38.13917048,4.522164315,4.32782576,80.88452279,1.452223937,34.85115397
2024,262,34583.05701,96.74113005,101.6102476,80.16588843,4400.533333,5603.15,7.858833098,2.827650444,11.78187685,7.31461765,0.035296277,0.034199726,81.46458347,0.020767533,48.25517909
2024,280,54323.71609,174.450038,107.0632067,81.82107526,3288.333333,4823.133333,16.52013667,2.777777778,11.57407407,1.496793783,0,0,NULL,NULL,29.19389643
2024,281,6502.463224,23.70610171,5.589005158,4.754086621,1893,3804.2,3.435004344,2.912849162,12.13687151,6.739689245,0,0,NULL,NULL,22.30845084
2024,301,1666534.373,5213.916867,3209.288818,3098.24699,28728.2,37564.15,58.01039998,47.07507714,55.3824437,42.8048871,4.98951723,4.845045832,77.28577018,1.346153481,33.49000412
2024,310,598926.4734,1760.041908,1379.265076,1368.526989,18602.9,24328.88333,32.19532833,17.40494791,36.72115294,25.86068203,0.405019483,0.396368751,81.13791419,1.471285991,32.22529102
2024,311,217873.0679,873.0325235,NULL,487.969574,4061.583333,8255.4,53.64239757,39.79871331,46.82201566,41.33518945,0.168735183,0.169014085,85.80764075,1.4964989,45.7612159
2024,312,1207991.239,3657.627541,2899.602614,2253.271461,17429.88333,24438.36667,69.30575585,30.41342286,60.82684572,38.6571167,11.10005626,10.18636171,92.57739888,0.315099046,22.52888202
2024,314,536174.0493,1747.569449,999.6398421,754.5843788,8479.433333,10781.3,63.23229727,28.08727723,56.17455445,31.04794054,10.41269635,7.632722464,88.1601045,0.278931383,19.00938997
2024,316,945551.1459,2793.314404,2475.288278,1866.167212,14320.55,19315.88333,66.02757198,31.19446513,62.38893025,36.50094632,8.045977011,7.657260435,88.22379069,0.132073012,18.81993656
2024,319,3046597.409,9063.857355,7170.232835,6412.997232,43083.96667,56495.6,70.71302029,27.38233841,54.76467681,36.16818582,6.006192275,5.611263041,83.05383832,1.270138856,20.19740556
2024,320,2167960.661,6448.392021,5161.777513,4521.517186,42688.13333,56175.4,50.78602627,30.1817474,60.3634948,36.32607428,13.76345851,9.767291532,79.1596515,2.022035115,21.10556171
2024,321,4328229.721,12700.69444,10951.82155,9173.262853,72855.31667,89296.85,59.40856369,43.9716124,87.94322479,46.67614177,35.29590239,32.9953271,78.99782999,2.956045061,23.30192891
2024,322,986672.9396,2984.099044,2215.809988,1975.540895,25488.01667,37349.96667,38.71124821,15.26388277,63.59951153,26.1823963,3.37946434,3.346116249,91.36200273,0.809711866,24.18139014
2024,323,4881393.743,14347.85793,11811.34339,10685.95789,48871.65,63891.13333,99.88190992,46.91328649,65.55184072,37.91529296,13.20967989,12.17391304,86.14088439,2.60067701,17.9665679
2024,324,1568446.565,4769.79402,3661.061702,2929.117629,20720.78333,27993.15,75.69436638,33.83090757,67.66181515,39.76166394,12.15442343,11.63906236,85.95823254,0.935836757,18.27297125
2024,325,1424099.713,4230.536423,3368.761874,3008.008089,14108.38333,20637.9,100.9399645,34.89974123,69.79948246,49.27719315,15.73495423,14.57255856,87.26948803,0.989646901,18.18610824
2024,326,588967.4828,1969.252113,932.8830003,770.9813937,10335.78333,14801.76667,56.98334261,32.37768588,64.75537176,30.98457387,14.96611853,14.70904015,80.40152063,0.109642841,19.47409251
2024,329,180578.8722,606.9998216,547.6519582,479.0074005,3274.766667,4311.45,55.14251566,26.56929303,53.13858607,30.65600319,6.415149736,5.684754522,88.17120623,0.016407992,17.31199635
2024,335,4207423.433,12929.47707,9332.404194,7733.824985,55238.68333,67534.05,76.16806157,44.12100737,88.24201473,43.56627158,33.14944901,32.13732862,76.74230619,5.238359351,20.8450143
2024,337,931002.2299,2834.745865,2121.484572,1766.666335,18146.81667,23714.88333,51.3038869,19.19301784,38.38603569,27.0856561,2.357439586,2.110366462,84.97634014,1.064907939,24.09042627
2024,340,1379593.969,4284.824834,3015.070388,2398.29116,18794.86667,29272.81667,73.40270051,33.29197844,39.16703345,33.47272903,0.785223035,0.662540319,92.16247884,0.676322263,35.75202902
2024,341,1002463.76,3037.033464,2235.821085,1999.688166,13792.4,20771.95,72.68232937,33.28930794,66.57861589,33.86933607,6.813996317,6.803069054,83.41572863,0.547704139,19.98391867
2024,342,1581217.815,4965.203968,3393.884207,2590.769978,31393.61667,40154.36667,50.36749452,37.36830424,74.73660848,37.4071962,17.01723275,16.47426192,76.84668256,1.523426038,24.47202975
2024,345,1195194.606,4786.193514,NULL,3368.257229,21764.28333,29109.16667,54.91541293,41.68735432,83.37470864,43.36724411,28.950057,28.12799125,77.46236826,1.830468325,23.6902088
2024,350,199488.1523,553.7670148,561.6739901,498.3556629,10868.76667,18540.51667,18.35425843,7.125161909,14.25032382,8.340935018,0,0,92.65892316,0.082967768,31.13386003
2024,351,1563093.209,4612.418141,3793.202947,3343.91598,46315.98333,60066.56667,33.74846212,31.41186399,36.9551341,31.01769955,0.563608359,0.51429621,78.47597322,1.380271844,47.5476683
2024,352,113721.4763,455.6480615,NULL,265.1090088,4960.966667,9276.483333,22.92324943,22.82922949,45.65845898,36.22958282,0.382427012,0.384122919,81.56903372,2.144865771,48.74591187
2024,354,122077.089,489.1835298,NULL,270.3900757,4731.8,7832.133333,25.79929181,33.66024264,67.32048527,51.88182033,4.07487661,4.225352113,79.9904184,3.22486053,41.58340283
2024,360,65466.34652,220.2988687,104.6847478,79.51263598,7002.433333,8813.15,9.349085297,4.622520578,19.26050241,8.363469204,0.154201362,0.149221914,74.28196803,0.117669077,28.71880642
2024,361,100644.5365,334.0166335,162.0840629,139.1695915,7239.116667,9373.25,13.90287532,5.933977114,24.72490464,11.05553363,0.321517563,0.324083451,83.22315526,0.081657412,26.96945117
2024,362,94518.93841,207.9382448,368.7812814,362.5490587,3767.483333,5479.05,25.08808402,3.877678047,16.15699186,11.28949254,0.071163122,0.069613644,76.00264322,0.063566676,20.08819071
2024,363,223812.1378,630.6153221,606.6932737,542.1672672,12076.03333,18518.2,18.53358066,5.977649539,24.90687308,12.61896121,0.128972198,0.113154173,81.03347362,0.049803741,24.86702061
2024,364,1860896.445,5707.518942,4189.904602,3413.064453,30782.73333,39287.66667,60.45260585,37.66034969,75.32069937,46.43533762,15.72234911,14.95812573,71.60642063,1.678639306,23.21045762
2024,370,139013.1654,485.5157208,155.0939701,154.6902233,6596.25,7338.483333,21.07457501,6.809189236,28.37162182,14.03380612,0.05301899,0.050327126,NULL,NULL,22.85460949
2024,371,278733.8107,863.2750876,648.4155602,462.4723811,7525.433333,11609.65,37.03890505,10.93661133,45.14014731,24.77989196,0.882279697,0.859078143,81.43709413,0.204749378,21.103101
2024,372,177262.0381,513.5234703,477.5825847,377.8523008,10380.53333,15622.9,17.07639024,7.65095971,31.87899879,15.97658747,0.159178549,0.156936598,NULL,NULL,23.37362434
2024,373,893615.2693,2708.004166,2040.768951,1741.573022,22019.42056,30408.97056,40.58305109,13.86135054,56.75189655,26.85692072,3.861964086,3.644826981,72.4763147,1.887294381,22.24319002
2024,375,985870.1019,2346.233367,3715.432068,3207.008094,23206.66667,27968.58333,42.48219342,33.2983226,66.5966452,34.58739902,7.965478491,7.780847145,74.69262295,0.241129488,22.02142181
2024,388,434172.5318,1738.570303,NULL,1268.526292,11214.50833,15382.84167,38.71525339,30.20339888,60.40679776,32.54481879,2.048878196,2.093642939,68.82725004,1.04720387,27.77178421
2024,391,94439.55942,378.4439439,NULL,207.017395,1549.566667,2635.266667,60.94578662,33.88425086,67.76850172,39.83760724,6.594110115,7.170294494,88.65858428,0.050835395,19.12752758
2024,393,131121.2008,525.2804481,NULL,326.3692627,1864.966667,2331.716667,70.30753052,42.58121398,85.16242797,47.17372951,31.2688493,34.64788732,76.09413708,0.08883315,18.17369794
2024,394,224442.496,899.1570247,NULL,552.3968707,6015.25,9036.55,37.31224737,24.55435102,49.10870205,26.1979676,2.0088206,2.331228752,81.83381089,0.309714979,26.02836546
2024,395,164691.2322,659.7732317,NULL,407.6975403,4060.25,6536.366667,40.56184527,31.74322267,63.48644535,32.66160831,10.97411846,11.12676056,79.83436853,1.416587159,25.89236274
2024,401,1241700.492,3807.10086,2796.214046,2281.988426,19762.33333,29485.41667,62.83167434,21.21209661,42.42419321,22.22008687,0.486386142,0.426408926,80.1701178,0.322091102,23.56951253
2024,402,858909.1737,2725.850529,1646.836689,1454.413602,14551.13333,21313.45,59.02696058,22.37689473,44.75378946,22.29888561,2.098187492,1.901360873,90.9844618,0.592379732,23.30448349
2024,403,1679936.248,4906.032652,4252.861023,3649.005298,30767.8475,38840.61417,54.60038269,25.58266987,51.16533974,22.91129993,4.879720138,4.304660295,81.24647254,1.228004248,20.89073507
2024,404,470086.8654,1446.725353,1011.891881,880.5211477,10611.63333,18384.41667,44.29919981,13.79650235,27.5930047,13.2707403,0.301073154,0.245192928,86.5388057,0.373391008,23.90966811
2024,405,657457.399,2091.010096,1276.960662,1082.983551,18882.21889,23128.66889,34.81886334,15.08500309,30.17000618,17.00640411,0.020371821,0.014692918,68.48265115,0.539877901,25.13125339
2024,406,1386751.315,4103.400402,3324.960543,2955.487183,24211.86667,36473.36667,57.27568776,21.54416508,43.08833016,21.04300861,1.594659788,1.342476899,94.36624519,0.587735308,25.89168889
2024,407,916506.1706,2982.424634,1532.91348,1448.783628,25508.96194,33254.19528,35.92879132,14.96014398,29.92028796,14.50943403,0.044070997,0.033222591,76.5676485,0.66038368,24.2768599
2024,408,1214535.907,3826.464897,2478.714055,2043.892571,19226.91667,26822.41667,63.16852194,23.34951584,46.69903168,22.69676599,4.161550171,3.615803434,84.39245753,1.640471922,23.10988375
2024,410,3380927.293,10257.97442,7757.878775,6512.030262,58117.78333,69858.1,58.17371378,32.77064671,65.54129341,42.15820531,9.612488299,8.33459999,81.69628056,4.466207027,26.50086573
2024,412,118196.4553,459.9363923,66.32306524,111.7471294,4786.233333,8499.366667,24.69508841,6.241777754,15.87917494,8.389771461,0.108571084,0.087077673,89.50380619,0.232937602,28.93920227
2024,413,122664.5227,382.1761169,282.6914905,196.9648007,6485.545,9674.011667,18.9135258,7.195898496,29.34027816,15.06169637,0.225475625,0.226187484,79.88978637,0.109723125,26.88642759
2024,414,55433.23409,189.9891489,151.3529641,127.7909431,2828.183333,3886.183333,19.60029728,4.395242947,18.31351228,12.63800267,0.035039265,0.027917365,75.93017538,0.004148861,17.64808541
2024,416,70010.13701,280.5331789,NULL,157.375473,3511.616667,4753.95,19.93672535,9.148433009,38.11847087,19.23634266,0.896735554,0.804828974,66.66666667,0.130808878,21.57389506
2024,418,273160.7601,1093.065071,NULL,987.5574951,6358.133333,7653.25,42.96241457,18.66005419,37.32010838,27.22913055,4.503476556,3.591549296,75.49875754,2.003712037,29.52210756
2024,430,2432699.023,7255.703566,5816.352304,4978.131002,37377.25,46781.5,65.08501891,35.98446855,71.96893709,49.68262594,12.69815476,12.69171468,66.3858278,2.407731593,21.64494063
2024,501,2041400.538,6539.058212,4252.272808,2954.720878,41825.11667,52486.4,48.80800583,39.18946025,78.37892051,51.45766813,22.05776059,20.61651838,80.36486642,1.481885343,25.16709362
2024,502,2092707.295,6099.935525,5479.531752,4444.426125,46759.21667,60894,44.75496906,30.7465071,61.4930142,36.14321145,12.5352166,11.69996614,75.9465175,2.676348736,24.26724028
2024,503,2749730.329,8340.498612,6443.4452,5198.26191,66953.9475,83870.01417,41.06897997,37.39744565,74.7948913,44.51114769,26.17693442,22.68138306,76.59466595,4.31620697,28.12563349
2024,509,107195.0277,429.6876914,NULL,202.7925568,3715.85,7291.05,28.8480503,23.62446075,47.24892149,26.70618457,1.629188681,1.74379611,79.63388921,1.114142421,31.86243913
2024,531,981246.4711,3178.574626,1805.319125,1475.45838,25093.11556,33130.31556,39.10421043,29.38591401,58.77182802,31.15525668,9.599173911,8.91973446,90.59578169,0.61486463,26.18906694
2024,555,1181552.976,3969.770061,1920.073547,1434.406254,11908.35,20961.03333,99.22054493,41.9534282,49.35697435,44.2999928,6.402067761,5.563241107,91.71177065,0.726232618,66.14365182
2024,560/561,87795.73833,259.3363708,222.2297896,179.4620452,10230,13256.66667,8.58218361,4.371797084,18.21582118,10.7930677,0.056869882,0.056641178,NULL,NULL,26.18699543
2024,562,288028.4396,952.2519305,567.4308701,329.4046718,15979.67917,21529.09583,18.02466974,10.2606072,42.75252999,24.98973912,0.755761377,0.714574626,NULL,NULL,31.38646565
2024,563,75961.92804,258.226034,113.2200784,88.86463828,4885.5,7240.7,15.548445,6.621842999,27.59101249,15.17875499,0.029825817,0.027144408,NULL,NULL,33.1973809
2024,564,45200.68393,148.0287937,75.98592212,67.54225154,4708.3,5749.916667,9.600213225,4.454929478,18.56220616,11.46365931,0,0,NULL,NULL,24.90263223
2024,595,611158.9754,1941.363528,1220.991378,988.7370051,14702.88333,20042.55,41.56728728,22.73408434,45.46816869,30.96181521,2.671134625,2.387885847,83.71059549,0.243569976,27.90413439
2024,601,1126329.307,3307.993967,2794.762127,2420.171974,34638.1925,46417.5425,32.51697693,25.75722584,51.51445168,35.69718669,2.994989869,2.994503241,75.2614129,1.373797317,36.25179773
2024,602,69476.20407,278.4270462,NULL,147.8695679,2921.95,5324.283333,23.77734187,19.75877772,39.51755544,32.26908972,0.080539022,0.078247261,74.85837605,0.739960112,39.98108506
2024,603,37844.60198,151.7572955,NULL,57.03540421,2557.8,3898.5,14.79576276,6.937529992,13.87505998,16.09634484,0,0,74.81880509,0.497857857,33.97386924
2024,604,36302.60223,145.5348327,NULL,64.42888641,2308.933333,3921.266667,15.72267233,8.882682874,17.76536575,21.57278685,0,0,81.38401559,0.255591619,34.92155013
2024,606,4184.385123,16.79203409,NULL,3.168633699,625.95,1212.866667,6.684855217,4.49475656,8.989513119,5.245505454,0,0,81.84534927,0.122426544,25.03873179
2024,608,9924.963092,39.77445329,NULL,21.12422371,575,945.8333333,17.26080538,5.353591458,10.70718292,7.288855455,0,0,92.5188744,0.172768797,25.06488387
2024,609,44318.0393,128.6049039,124.0829067,89.89395529,5860.433333,9237.516667,7.562246131,3.92153561,16.33973171,9.648404313,0.01935038,0.01878287,76.24090715,0.038177903,25.97223195
2024,614,11456.80288,33.88708114,29.59778736,22.76668817,2290.45,3048.616667,5.001987766,2.160483356,9.002013985,4.751447244,0,0,86.24202396,0.00058973,26.50305898
2024,616,26894.5542,89.28649427,44.33077948,36.26179369,2324.566667,4255.866667,11.56970655,2.669123179,11.12134658,6.832747319,0,0,92.90664226,0.000512379,26.03100618
2024,618,22829.59364,76.12898153,41.78524285,26.16376325,2398.833333,4342.216667,9.516956982,2.448237756,10.20099065,6.686873276,0,0,93.15041453,0.001397181,26.75886048
2024,619,10259.20381,30.97091321,22.52281832,21.17322876,1864.3,2939.95,5.502979033,1.960169412,8.16737255,5.254736428,0,0,91.31437356,0,27.73474584
2024,620,790121.7823,1953.392734,2526.167882,2651.788643,14956.46667,25527.2,52.82810438,41.78928014,49.16385899,44.37247939,10.98739952,10.82887701,71.36625492,2.525108219,46.88184727
2024,640,1303846.178,4417.782416,1911.316169,1606.614084,35994.46667,47403.06667,36.22351708,21.48778552,42.97557103,28.66428945,3.392808999,3.278582931,85.80269794,3.417173952,34.56847073
2024,701,1258945.656,3741.724544,3080.599342,2570.231979,44782.75,57716.61667,28.11229002,17.58644574,34.93998812,21.73196667,1.367953701,1.539460864,72.22962153,2.570874445,29.0154177
2024,719/722,18934.59723,70.84247376,23.68495382,31.60183167,3711.65,5136.333333,5.101396206,2.632632096,10.9693004,5.995191566,0.031500528,0.025575448,80.82304836,0.12484569,21.96486699
2024,733,66889.51661,211.6696458,138.1650295,107.6798966,4499.366667,7919.85,14.86642934,4.823322411,20.09717671,13.06844198,0.022764639,0.01939488,89.49881894,0.439992638,27.64507096
2024,741,63880.05098,208.8540844,108.6741185,95.75892005,4541.85,7732.033333,14.06476457,4.993818297,20.80757624,12.95141579,0.017466377,0.018573551,90.18735363,0.401649738,28.38984823
2024,743,56855.38744,206.3061319,93.27175199,9.769684674,7090.479167,10681.2125,8.018553628,3.791337999,15.79724166,8.759272348,0,0,83.20467729,0.01634188,24.78011655
2024,744,79787.37857,296.1070153,111.3298322,133.7902374,6803.183333,10638.3,11.72794774,5.745611913,23.94004964,12.19051082,0.026458639,0.024166264,82.0901892,0.014252787,24.12951972
2024,745/746,198741.8973,694.9354347,249.4861584,195.8414432,10941.53333,16271.71667,18.16398956,7.970262718,32.81181738,21.50862826,0.683289135,0.615858353,81.26617895,1.683786793,30.04149514
2024,748,15099.39102,53.79493665,31.66524168,28.92961407,2158.75,2754.65,6.994506553,5.099800109,21.24916712,11.25033368,0.094283713,0.085178876,71.19654299,0,36.30895737
2024,749,15148.24348,52.7951156,37.23002579,33.1491766,2121.766667,2588.983333,7.139448326,5.265523939,21.93968308,11.25396459,0,0,72.56519102,0,39.94257664
2024,791,572592.1235,2292.338734,NULL,1799.778816,16783.86667,21598.98333,34.11562633,26.58903469,53.17806938,31.38300879,10.44176157,10.37805782,76.93718352,1.728488703,30.99091147
2024,R1,5162437.354,15432.64935,12018.38434,10688.4874,43779.24278,59605.50944,117.9197498,50.17754239,66.90338986,42.67873572,14.69397028,13.17564488,84.02186913,1.683462925,19.42972621
2024,R2,1943736.97,5727.935384,4977.891944,3978.933505,37387.81667,50331.08333,51.98851238,18.74738866,24.99651821,18.26496009,0.090580435,0.07601865,77.5330044,1.719744681,19.69430016
2024,R3,1069538.335,3181.569688,2670.401682,2130.255303,32074.23333,45322.06667,33.34571784,17.62545265,23.50060353,18.60942068,0.053733419,0.044057716,92.95605946,0.856401149,35.21995446
2024,R4,8802797.673,27902.28004,18053.75214,14097.45894,83516.15,116465.45,105.4023404,51.26661009,68.35548012,47.12708404,17.18563402,16.38755629,74.03044247,7.213432785,27.08455305
2024,R5,4347718.88,13712.49805,8872.58421,7260.499775,62261.23861,75838.33861,69.83026642,43.18049021,57.72717455,38.48612773,13.15417079,11.44540554,81.99050248,4.135057493,22.70007102
2024,R6,5246368.915,15681.48017,12486.25483,10652.23231,45969.9,68212.53333,114.1261764,45.56178967,60.74905289,45.49675433,8.719476634,8.283858629,93.05958094,1.958310016,23.27516878
2025,2,3129649.84,9324.859101,7792.586764,6336.465715,39052.71667,51334.36667,80.13910702,33.04987268,44.82821886,20.57969041,2.924992335,2.603618264,80.88233107,4.133813946,17.55712168
2025,3,3384098.444,9983.565603,8629.954684,7067.946627,45996.86667,54357.43333,73.57236893,25.29621875,36.13745536,20.81136485,0.379103239,0.336192905,71.445103,3.354693011,13.71432209
2025,4,2359476.621,6835.736539,6221.366887,5241.582792,51080.48333,66187.51667,46.19135269,26.54606561,56.48099065,34.73287457,5.093673684,4.512706314,76.28773743,2.36855725,17.4738592
2025,005/006,4197331.989,12275.87782,10626.9735,9235.564134,58237.59722,80904.18056,72.07254744,20.20120688,42.98129124,25.70665273,1.677792439,1.560528993,79.62109365,5.064250577,9.860689057
2025,7,3300990.491,9804.928081,8428.617206,6632.003568,63464.7,78899.88333,52.01301654,24.22459854,51.54169902,28.71710942,3.190269056,2.829383575,72.65501505,2.366630038,16.05753696
2025,8,2914804.358,8681.178544,7101.337966,6040.03854,42411.54167,51306.95833,68.72667778,21.63132316,30.90189022,21.06377892,0.300618687,0.230301036,72.89266296,3.222631106,14.33677976
2025,9,4169619.422,12549.29345,9492.685387,8673.461651,57783.53917,77364.70583,72.15929454,29.96669979,59.93339958,31.07420717,10.37807876,8.613383679,80.18774252,2.925726505,16.93662787
2025,10,2754859.972,8458.711786,6184.538875,5161.591188,48236.65,56084.53333,57.11134525,20.68864977,29.82649701,18.13727521,0.11274538,0.101317123,71.72102173,2.731476187,15.72727899
2025,14,3201505.223,9024.76391,9289.947491,7389.02313,67615.41667,85971.95,47.34874649,25.73552993,54.75644666,33.7376591,5.606007655,4.740263172,74.31571813,3.082880282,16.74662889
2025,015/050,2277565.991,6519.56916,6157.014564,5239.201264,47965.13333,58003.35,47.48378318,16.79032236,33.58064473,20.06072792,1.990170403,1.704272684,75.8623895,1.505393976,15.11482684
2025,16,5273006.714,16032.08513,12532.41863,9928.674361,86887.2,106952.4667,60.68795765,29.76494226,63.30050818,32.43928864,4.611688971,4.340231832,76.88479649,3.882055078,15.382629
2025,17,1971789.71,6066.45341,4278.638043,3766.462857,40324.63333,46706.91667,48.89789557,15.49262639,32.96303486,15.55439683,2.163846979,1.906670114,70.2318628,2.349976583,15.8897497
2025,19,4463306.889,12624.5081,11990.14558,10906.78937,71094.52528,90425.24194,62.7798958,25.60108855,54.47040117,35.65753784,4.408236178,3.618951613,70.30526926,3.887857536,14.12412453
2025,20,4047319.632,12097.06612,9659.478187,8383.913356,55138.53333,66015.16667,73.40274374,24.63198047,35.18854353,19.63467619,0.680143979,0.524466623,73.06424144,3.34629986,14.00401482
2025,22,2610866.977,8087.706248,5602.225577,4827.693806,46461.3475,58216.88083,56.19438775,24.15107698,48.30215396,32.78379006,4.228904933,3.406149705,81.23023641,2.718001453,16.21979637
2025,23,1588819.953,4718.234917,3976.380639,3260.398469,25370.65,38364.01667,62.62432982,22.44507462,44.89014923,25.92872733,2.801205049,2.680136068,81.08608966,2.609202832,15.71912905
2025,25,6360941.965,20101.43916,13087.65865,10695.79698,75971.4,99299.56667,83.72811301,47.91315322,64.08456729,34.91911069,8.38206939,7.423489406,71.32044817,6.019029159,20.67827378
2025,26,1178007.162,3795.576295,2361.677265,1752.261892,21771.91667,27450.8,54.10672748,18.0883452,36.17669039,16.19137165,0.188725013,0.163889648,87.60201567,0.702793243,18.80138786
2025,27,1159929.935,3594.667028,2727.254094,1948.23538,14592.45,20023.38333,79.48836113,20.03669721,40.07339443,25.74147871,0.167211521,0.147642336,87.23279688,0.449346899,15.79440687
2025,28,1479308.392,4725.258919,2900.531649,2409.485137,26591.93389,34378.13389,55.62996651,20.0518502,40.10370041,26.70553368,0.119616041,0.103313409,81.42605836,0.94358276,21.37986253
2025,29,671028.6592,2133.208901,1394.370636,1069.008903,9425.45,11933.23333,71.19327557,15.85708233,31.71416465,21.25915694,0.092606221,0.078400627,89.5455214,0.43693693,16.72728944
2025,31,335113.136,1022.524609,779.2610474,630.8532081,7272.65,10916.2,46.07854578,10.67229946,44.4679144,36.56060775,0.923478976,0.906905594,71.88726365,1.385145215,22.64066784
2025,33,2282397.284,7504.040429,3997.600933,3284.923222,34164.28333,44159.88333,66.8065319,31.83446904,63.66893808,38.18604319,11.98174147,10.69324875,72.97947106,2.144364091,20.37429315
2025,41,1929140.807,5274.116787,5425.811401,5215.656175,37630.36667,49462.06667,51.26553309,17.40191654,37.02535435,18.58646384,0.50019767,0.430762162,81.85599535,1.207822064,19.93704987
2025,42,12154.4108,NULL,274.0561791,315.7883361,562.8333333,1198.35,21.59504436,NULL,NULL,NULL,NULL,NULL,93.72071228,0.12130034,23.81539966
2025,44,1197470.584,4819.274063,NULL,2290.615983,16325.9,22471.05,73.34790631,40.27371261,59.76588281,41.90285349,7.879822301,7.016410389,76.75060747,4.664912266,20.46602158
2025,49,8582083.826,27316.06577,16855.01891,14326.74665,97284.45,127580.4333,88.21639868,51.45604694,68.60806258,38.21568604,15.78137502,14.33271499,76.99666503,5.608497504,21.41131374
2025,68,483804.9334,1422.110623,1198.277666,1058.631697,11899.9,18549.48333,40.65621841,8.799450668,36.66437778,24.77614023,0.349325536,0.342205323,85.96151329,0.282059724,20.58524171
2025,80,128203.6585,515.1057698,NULL,439.5830841,2242,3544.1,57.1827201,18.01114422,36.02228845,28.59228952,1.728793816,1.76056338,91.63789221,0.040552323,22.0562775
2025,84,2224861.096,7457.327219,4294.592783,2340.38647,24859.23333,33338,89.49837937,40.15265675,54.15694781,36.45301666,4.645153366,4.265281798,79.38339225,1.469937617,22.95631813
2025,99,10654582.78,34653.31404,20744.22127,15105.5599,101525.0667,121419.2833,104.9453414,52.03194883,69.37691241,40.56124818,21.74669501,20.25074479,81.86137226,6.918259915,20.15967824
2025,100,3311298.302,10056.56172,7372.596642,6675.322622,53458.76667,69267.66667,61.94116528,30.36078047,60.72156094,38.05375464,8.769644314,7.967084346,84.95519855,3.005269416,22.63645857
2025,101,929812.9572,2959.157981,1899.30954,1495.04126,17302.58333,25491.45,53.73838919,23.40866389,46.81732777,28.20137684,2.539464653,2.190829642,86.07352566,0.345237756,19.2690121
2025,102/103,495954.7443,1552.364908,1077.034492,845.5762094,14057.95,19824.63333,35.27930775,4.517119423,18.82133093,14.21420976,0.060714989,0.033694993,87.19435367,0.601347545,16.30797312
2025,104,830064.8586,2873.059942,1164.958887,876.432781,17142.50833,21528.94167,48.42143533,21.87663462,43.75326925,23.93156515,2.348265637,2.119799455,77.39753542,1.791342008,24.61933244
2025,105,261361.8349,791.4595638,630.5577645,496.7824503,9932.883333,12663.6,26.31278614,7.247073749,30.19614062,16.54597573,0.191054235,0.171184023,75.36556219,0.094174316,17.02134898
2025,106,3005429.425,9298.985521,6807.770771,5311.952851,29267.76667,39323.71667,102.6873509,29.61182661,59.22365322,36.77829776,7.825140509,6.982254487,86.08322178,2.059042636,14.31829614
2025,109,167727.7159,531.7841567,329.6933635,287.7106178,6821.6,10871.26667,24.58773835,6.105843204,25.44101335,15.18654192,0.040932609,0.038182512,91.86479519,0.022502171,19.89269585
2025,110,909973.0662,2974.581952,1553.075362,1407.951129,25253.53333,34547.46667,36.03349496,17.63031034,35.26062068,18.21983755,1.070006806,0.950819672,87.93232203,0.388181639,21.74508765
2025,112,1114042.464,3541.540032,2472.669722,1648.641694,13584.43333,19768.85,82.0087549,21.19309081,42.38618161,25.57874809,2.074859263,1.806670784,95.20835275,0.303966766,16.85847333
2025,116,1138212.903,4048.247679,1277.258945,1043.538666,22675.96667,30282.1,50.19468054,25.60316524,51.20633048,27.91870201,6.133853573,5.859375,88.58156647,1.34844105,24.17979622
2025,119,1861950.664,5550.53515,4533.132916,3841.462079,21126.66667,32093.76667,88.13272313,23.40123855,46.80247709,32.6214469,1.844822691,1.618684889,93.08356297,0.91873086,16.03233104
2025,123,2010284.665,6296.654345,4204.941416,3539.345128,34547.2,45932.93333,58.18951071,25.80344355,51.6068871,28.83480217,5.686428752,4.537215362,84.93519273,1.355357899,18.15820468
2025,128,780982.7772,2632.523027,1213.245924,1000.435053,13436.1,21986.45,58.12570442,17.7252268,35.45045361,21.42721591,1.576535444,1.379901028,93.46622688,0.91785893,19.73122787
2025,129/133,1810400.949,5928.533559,3220.224861,2656.50668,36855.35,44902.35,49.12179506,20.85637474,41.71274947,25.0931516,1.651066228,1.814948481,80.57582434,1.457136857,18.87570658
2025,130,3316660.055,10356.43214,7284.280987,5684.342646,43382.03333,56936.61667,76.45238823,31.50250375,63.0050075,39.06324282,9.974961979,8.930757125,78.82561929,4.076537113,18.11123693
2025,131,37445.6931,122.6944619,63.38028416,57.25679631,3315.1,5460.3,11.29549428,1.796839436,7.486830983,1.757720168,0,0,81.06615009,0.053570973,20.13509637
2025,132,39671.47034,129.8143223,73.10721537,56.55297235,2692.1,2692.1,14.73625435,2.944571195,12.26904665,5.47602322,0,0,80.17235189,0.032104692,20.42194716
2025,134,450282.9312,1404.323493,926.108848,828.5083825,14234.66667,18992.88333,31.63283987,11.13361252,26.63658944,11.30568078,0.044766583,0.064935065,84.16496237,0.25289462,22.41480169
2025,136,417952.4196,1322.455609,863.9783912,693.177725,15354.22028,21296.55361,27.22068669,11.60760707,27.9153476,11.94801355,0.005285086,0.013107878,86.38932911,0.097565629,23.85274342
2025,143,491236.2022,1979.343623,NULL,358.9837646,5730.833333,9205.116667,85.71811003,29.11784348,38.82379131,34.79192591,4.35616242,4.147104851,94.06728358,0.269619494,29.91617517
2025,144,1447681.97,4761.873749,2725.677845,1923.108191,34088.55,43483.31667,42.46827659,24.47898728,48.95797457,30.39662778,2.821487988,2.583057184,85.0735584,1.422185682,23.13100028
2025,145,1366401.369,4876.351295,1531.354322,1191.320351,19060.28333,26932.9,71.68840803,28.80254768,38.40339691,34.11098232,6.58518368,6.361066236,95.70275443,0.733303603,27.33980439
2025,146,99991.46485,313.7938305,197.2292381,183.3026847,3886.85,6274.25,25.72557852,4.09258402,17.05243342,11.91633673,0.014748392,0.013912076,85.51798873,0.034172025,21.09587146
2025,147,484560.2862,1511.581534,1037.935665,857.1601699,11156.86667,18782.21667,43.43157453,9.115774503,37.98239376,21.71302267,0.284559433,0.264275602,92.63929271,0.547958675,21.36179986
2025,148,342843.1945,1099.691044,598.4976642,599.9682622,8089.016667,12906.18333,42.38379133,6.056669178,25.23612157,12.32488956,0.011149049,0.010205123,82.95032773,0.349186233,28.60764064
2025,150,31254.3191,294.010323,321.1252118,501.8383897,1601.533333,2531.833333,19.51524733,NULL,NULL,NULL,NULL,NULL,86.00217865,0.152901602,28.59788569
2025,151,386697.9341,1223.511306,731.2296154,696.0490817,9855.916667,15647.95,39.2351059,12.90224914,25.80449828,13.97564169,0.472923389,0.411663808,92.40094517,0.302545132,27.79660245
2025,152,857912.3669,2781.137037,1586.73495,1318.156373,16792.51667,23183.13333,51.08896921,23.44087003,46.88174006,23.86551816,2.066726018,1.82790905,93.09915051,0.361420675,23.62529305
2025,153,690622.1627,2320.845563,1120.987196,873.2481351,14570.68333,21222.68333,47.39806273,17.12895088,39.12126068,23.09289624,1.11425866,1.009546801,88.2656105,0.332108349,25.04461743
2025,155,666841.344,2071.87212,1405.024278,1230.089168,12200.8,18085.75,54.65554259,17.36098407,34.72196814,19.990263,0.203344406,0.167704839,90.67622582,0.593173509,18.15945588
2025,156,675859.6826,2201.40403,1533.865251,771.5460027,15708.16667,20810.98333,43.02600659,19.32100273,38.64200547,19.33205194,1.216683846,1.100492326,84.4883147,0.046862959,23.139779
2025,157,479127.0251,1484.187367,991.44131,915.2863056,13053.81667,19651.7,36.70397994,13.39122661,32.4757661,16.21622307,0.56867504,0.479647394,92.50877877,0.023547625,23.01788686
2025,159,745021.9869,2408.244929,1534.621352,1045.798989,21722.61667,27905.98333,34.29706459,18.82425048,37.64850097,21.51017886,3.009000723,2.505554184,84.29111331,0.520044787,25.63866896
2025,160,1272337.886,3906.898011,2861.981873,2378.524955,54458.54,65040.75,23.36342264,14.02945452,28.05890905,15.30326864,0.454423724,0.387807865,81.00470716,1.109785573,25.13099195
2025,169,318052.0277,880.8180692,883.5642043,825.597045,11290.18333,16461.38333,28.17066989,8.305240431,27.91015904,15.24698629,0.081457383,0.073072707,93.08711774,0.055546232,28.32024814
2025,170,92031.60364,323.880774,114.6457941,88.42446747,6553.833333,9381.166667,14.04240831,3.490397634,14.32482754,7.238208465,0.024112571,0.019642506,91.02662722,0.873299645,22.40417858
2025,171/172,559641.4631,1827.648962,1082.443389,770.7302182,20039.68056,27864.51389,27.92666587,8.424157262,34.99802844,23.3414628,0.437691223,0.357164117,84.44553395,2.764483366,25.32951687
2025,173/174,419807.1929,1372.209084,798.2146295,584.495068,31757.16667,39456.86667,13.21928991,5.228355454,21.5756166,10.14801131,0.012928225,0.011518083,79.08522458,0.835669666,23.29530297
2025,175,100309.7816,403.3177554,NULL,286.978302,4556.966667,6246.25,22.01240189,7.118258891,29.65941205,18.74501866,0.075791069,0.061236987,79.76755984,1.207016764,20.7547716
2025,179,14417.60096,NULL,319.3307148,379.5598807,753.65,1116.983333,19.13036682,NULL,NULL,NULL,NULL,NULL,92.30279898,0.003439499,27.04603385
2025,180,711900.6671,2403.972225,1090.343534,907.9644869,19232.7,29530.25,37.01511837,12.26391567,33.62973896,17.62571384,0.636956027,0.550986185,90.28597586,0.34209907,22.07629418
2025,181,61849.975,208.3105648,100.0955994,76.67667336,4946.25,7375.716667,12.50441749,3.411017335,14.21257223,6.68202369,0.019496503,0.019762846,88.74517576,0.031713286,30.35977655
2025,182,114824.5989,375.3801578,196.972972,176.7342346,11259.85,13576.36667,10.19770236,5.497299238,22.90541349,8.252537254,0.018333288,0.019440124,80.22344506,0.114541778,32.54073481
2025,183,464111.3851,1540.341634,777.0221194,641.561688,21354.73333,30043.66667,21.73341984,10.85101818,26.77339027,13.08236367,0.288515148,0.239432729,86.52210825,0.365497186,24.07107288
2025,184/185,230170.5034,778.6142472,350.2817987,290.1464078,14047.01667,21174.51667,16.38572152,3.671254187,15.29689245,8.056399879,0,0,91.59677419,0.180384994,24.30707534
2025,186,230651.0959,745.6924829,442.0271119,349.7530816,9990.316667,13950.76667,23.08746595,6.921795033,28.84081264,15.90411294,0.305589198,0.26326448,84.35874821,0.806350729,21.86552393
2025,187,278558.0117,903.3963931,515.3602594,426.4149644,9484.65,13682.75,29.36935065,8.293998584,24.61931139,14.31638333,0.036272388,0.030339806,88.14361686,0.496549813,23.6259315
2025,188,619804.4485,2038.580993,1111.595667,868.2059627,18866.53333,26352.56667,32.85205806,16.84782756,33.69565512,17.81208161,1.661850147,1.331193353,91.95838084,0.497421443,25.28181286
2025,189,95871.53484,303.8032382,187.3745,165.9208887,4730.583333,7418.583333,20.26632406,4.911724796,15.19955522,10.241608,0,0,88.93958752,0.022045185,19.69940192
2025,191,269853.9077,870.9912031,541.9106856,394.9035947,7774.633333,10459.61667,34.70953498,11.09825849,22.19651698,13.22860377,2.020609662,1.749146758,82.29258025,0.189532104,22.33694528
2025,209,134401.8959,373.363204,404.8589997,319.3100508,5932.5,7835.116667,22.65518683,13.61534214,27.23068429,17.14896657,0.091630728,0.079840319,87.54398827,0.181866842,24.61777358
2025,210,877649.9536,2832.857884,1709.789952,1326.032628,24514.45,31736.56667,35.80133161,22.80591439,45.61182878,30.73610013,1.333097104,1.126307321,80.22919888,1.476868837,21.54162067
2025,211,683306.4247,2127.119645,1361.159176,1307.699624,21277.73333,27766,32.11368495,17.04922648,34.09845297,24.51061072,0.49386852,0.393170074,80.06473602,1.528220419,25.58075672
2025,212,274599.5792,840.1499258,609.631039,531.4089773,6816.415278,11743.49861,40.2850425,10.69250727,21.38501455,12.12722267,0.061216699,0.056227158,90.60998312,0.354946625,30.90915555
2025,214,85591.45795,220.4749483,303.0262161,233.1739622,6531.366667,10372.91667,13.10467813,7.221995965,21.10669556,15.87844866,0.031823204,0.040241449,85.49187726,0.334128011,27.57980242
2025,215,229020.2602,768.255073,371.9977261,294.6018521,7198.083333,11050.71667,31.81683924,8.787968943,36.61653726,19.7509049,0.693769723,0.666173205,90.94267139,0.019581312,27.15053461
2025,222,929452.7673,3741.052347,NULL,1670.735474,13820.88333,18005.03333,67.24988157,30.91896449,61.83792898,46.26844093,7.023507505,6.98808234,81.42652769,5.12349446,22.02035551
2025,227,126132.0419,346.6578212,346.5136336,340.6491273,6555.966667,10116.98333,19.23927443,4.536154779,18.90064491,12.83338816,0.051228587,0.050916497,94.81906663,0.055373247,23.77698657
2025,228,558758.6396,1718.5072,1286.897907,1010.002507,14679.46667,20763.16667,38.06396052,13.71834108,27.43668217,15.99540538,0.182363317,0.165224998,86.99629762,0.460240498,20.26687388
2025,229,852031.2276,2521.055103,2242.801786,1695.136447,14073.23333,20846.45,60.54267754,20.81098006,41.62196013,22.55845466,1.037774662,0.931551235,85.42193208,0.435059554,15.36837443
2025,230,695071.9206,2212.986238,1459.174241,1082.681125,11764.43333,16514.8,59.08248199,21.95559918,43.91119837,20.98813718,1.523184423,1.21573575,87.26588788,0.350053837,15.26330523
2025,231,17085.75282,68.71322519,NULL,44.87297058,398.9333333,1148.616667,42.82859162,7.732207313,15.46441463,13.69200451,0,0,90.72294191,0.105494505,15.43493708
2025,232,636073.1417,1962.674756,1377.032487,1195.755581,16550.86667,21392.81667,38.43140994,18.68224765,37.3644953,21.79687346,0.352208452,0.308728599,78.68236204,0.34209919,19.91156368
2025,236,480217.8978,1253.842262,1516.00197,1391.275607,14454.61667,20689.3,33.22245819,12.34054118,24.68108235,18.15575783,0.331099724,0.328835469,84.36772006,0.586677263,21.94902094
2025,240,2956779.011,9108.361444,6898.953876,5217.842642,48280.25,63666.7,61.24199878,35.19290562,70.38581125,46.46050101,11.88391562,10.53357612,71.17725116,3.665725567,19.33412112
2025,241,263065.5034,1058.143118,NULL,637.6135864,4981.125278,8791.308611,52.8124648,25.36840653,50.73681307,38.33465604,8.002969272,6.61971831,71.94840309,2.567343107,18.79169168
2025,245,596728.2138,2296.006376,303.8197723,177.2308357,12258.88333,19484.53333,48.67720799,10.69096213,21.38192425,15.64153198,0.373530646,0.344266108,94.93395377,1.044838353,22.13054882
2025,246/249,1095516.728,3458.634942,2268.356947,1843.395397,28461.70167,36854.75167,38.49090755,16.47697404,32.95394807,25.49547388,2.274767183,1.56550243,73.12931622,1.271378589,19.83857023
2025,247,73955.46036,297.6015648,NULL,150.2722778,1705.15,2754.183333,43.37182087,22.0283719,44.0567438,25.8072361,0.297227007,0.281690141,71.11111111,0.447110759,23.67897112
2025,250,2338651.036,6969.088473,5826.681603,4728.148486,56450.01667,77906.1,41.42870409,28.71036036,57.42072072,33.18569752,5.793996685,5.257496881,71.03922124,4.384958947,22.00922593
2025,251,82115.27116,269.7679557,142.3266216,120.1820587,6256.133333,9024,13.12556283,4.39666446,18.31943525,8.288577446,0.069822,0.065545117,74.42789846,0.007641927,24.79265375
2025,252,62169.51751,198.5527839,124.5300873,99.27480878,5035.966667,7310.016667,12.34510108,3.925701572,16.35708988,8.515006779,0.083128399,0.087680842,76.25419547,0.032516593,21.3572197
2025,253,222993.3981,792.6389801,242.37271,212.5469246,8203.170556,10721.40389,27.18380614,14.97453273,29.94906546,20.87652454,2.335592213,2.302256667,66.67930592,0.250231097,24.37069356
2025,254,139784.9673,484.018328,189.0743486,152.5623968,5667.199444,7520.166111,24.66561635,12.58501159,25.17002317,16.78563651,0.30308791,0.169245648,55.03144654,1.245797468,24.76756636
2025,255,972153.2521,2996.018927,2129.782405,1821.413434,26590.91667,34918.53333,36.55959907,21.56149365,43.1229873,23.72794704,0.723238538,0.63794288,60.49283912,0.771494312,20.52294587
2025,256,99572.33774,292.5026579,259.3902393,208.3597867,4672.666667,5739.8,21.30953155,6.327086654,26.36286106,9.201730453,0.240790388,0.209497207,69.47745072,0.000617181,19.04326151
2025,257,1457847.934,3853.796861,4541.745127,4091.316402,25623.43333,34928.46667,56.89510517,41.37175739,55.16234319,39.39951063,9.418472633,8.973398277,81.15078838,1.288256114,34.57063021
2025,262,41117.60845,121.9230624,102.2222071,85.61744939,4355.5,5534.466667,9.440387659,3.154641069,13.14433779,7.511039609,0,0,83.58082584,0.000849452,47.89264942
2025,280,18981.78907,54.85701383,48.04536269,44.29062735,3088.333333,4408.25,6.146288959,3.819895113,15.91622964,7.951204249,0,0,NULL,NULL,29.16870751
2025,281,9589.250058,35.23155519,4.774371266,9.285493299,1783.5,3577.933333,5.376647075,2.572983497,10.72076457,7.336088136,0,0,NULL,NULL,22.27659591
2025,301,1548984.658,4836.52422,3065.594722,2924.857317,29476.53333,38808.21667,52.54975679,41.61650553,48.96059474,37.79411966,3.092596101,2.943332984,77.47118522,1.429750111,33.03295268
2025,310,560370.7093,1672.170745,1279.808785,1217.266272,18969.71667,25330.6,29.54027828,17.67946379,37.4787854,26.7348578,0.252994172,0.242935686,82.79847626,0.908665526,31.27618995
2025,311,204915.5388,824.0756411,NULL,544.7798394,4337.9,8510.116667,47.23841924,34.80073746,40.94204407,36.10585021,0.189079684,0.169014085,88.20158436,0.961440505,42.58783654
2025,312,1083909.641,3334.094991,2481.853173,1969.195662,18262.16667,25226.75,59.35274059,25.63376213,51.26752427,32.59289531,3.802536523,3.367217281,92.70708093,0.348867805,22.07036197
2025,314,499365.7589,1659.665083,876.255695,649.2849558,8924.616667,11432.13333,55.95374878,24.61880428,49.23760857,27.64662213,3.692694787,2.758360098,89.59055262,0.264197579,18.69762123
2025,316,858390.3935,2619.160659,2104.139393,1529.589257,14613.46667,19831.5,58.73968259,26.63199767,53.26399533,31.53982284,2.777329503,2.71898883,87.20659618,0.076231801,19.032862
2025,319,2583819.129,7820.215698,5873.824519,5214.873238,42900.2,57096.78333,60.22860333,23.1034283,46.2068566,29.78069803,2.92189088,2.684087917,84.79756258,1.04169567,20.02985255
2025,320,2006147.995,6047.837704,4596.489521,4111.796764,43338.23333,57961.56667,46.29048858,27.18042909,54.36085818,32.92259255,10.86727702,7.349709114,77.71482053,1.942275687,20.7550832
2025,321,4146136.454,12294.75694,10395.58952,8561.016564,80584.63333,98457.73333,51.45070818,36.99238942,73.98477884,39.9923652,13.44178504,12.56851828,82.48831482,3.068378365,22.63338162
2025,322,989838.4867,3025.151325,2185.496756,1937.771182,31588.33333,45529.96667,31.33557178,12.61098234,52.54575975,20.92887918,1.338174911,1.282306823,88.43054844,1.123954829,24.10846038
2025,323,4149580.264,12326.03317,9886.931763,8901.593645,49270.8,63779.91667,84.21986784,37.9053754,55.01215219,31.18675268,4.825832674,4.543118952,86.38046033,2.286822658,17.54564497
2025,324,1457729.751,4501.391614,3118.385794,2757.362601,23351.95,32347.81667,62.42432648,28.89653621,57.79307241,32.49441377,5.932663827,5.649373259,86.08624167,0.710459785,18.17688257
2025,325,1212022.223,3634.910337,2814.717182,2526.141016,15118.55,23066,80.167888,27.91973765,55.83947529,38.0526044,5.250930615,4.685023772,85.33062645,0.956984027,18.00443594
2025,326,525316.1111,1785.610306,795.9121152,632.2665415,10899.96667,15556.18333,48.19428602,26.84404894,53.68809789,26.26741963,3.759877911,3.625755366,81.10827262,0.139579923,18.84702538
2025,329,169458.8312,564.2947188,557.9182422,501.9922867,3159.15,4159.45,53.64064104,22.5253532,45.05070639,25.16587271,2.050359712,1.791229154,86.85818276,0.00224709,18.05319398
2025,335,4132227.449,12706.11034,9220.985708,7717.243513,63057.45,77550.65,65.53115373,36.76017351,73.52034703,35.77930393,17.90080085,16.65168764,79.35306462,4.517849711,20.45303931
2025,337,875537.8589,2718.68194,1902.941927,1574.642422,18084.8,23701.96667,48.41291355,17.40128624,34.80257249,24.17439629,1.423592441,1.29759019,84.76680623,0.927976225,24.09310374
2025,338,65621.91061,214.3398173,126.6394665,102.1540122,7679.383333,10553.31667,8.54520575,3.302614304,13.76089293,7.456065838,0,0,77.36691106,0.083533747,17.80724285
2025,340,1211312.354,3825.611451,2528.507482,2016.589613,19384.73333,29748.81667,62.48795549,28.46564624,33.48899558,28.4323115,0.330028136,0.252811438,92.5948707,0.719715007,34.65954086
2025,341,877983.8583,2691.148618,1975.705123,1659.112842,15103.58333,22511.86667,58.13083153,27.17781567,54.35563134,28.53737573,2.658910878,2.568140521,80.77939455,0.450302183,19.4151392
2025,342,1534525.737,4911.533845,3064.399635,2417.177881,34183.55,43851.58333,44.89076579,33.02043162,66.04086325,35.13615444,9.250382216,8.616899675,80.4691083,0.999774743,24.26639375
2025,345,1096915.221,4409.807215,NULL,3283.031738,23689.85,32242.38333,46.30317292,34.55293153,69.10586307,37.08592782,11.23499489,10.83322364,82.13198575,1.225735607,22.56901948
2025,350,200193.2498,570.9832852,540.3711301,469.0784044,11124.75,18474.95,17.99530325,6.864133928,13.72826786,8.01395972,0,0,94.22326537,0.069279837,29.88571854
2025,351,1615271.078,4809.96407,3871.614507,3401.169753,46435.58889,59951.36667,34.78519636,30.67957908,36.09362245,30.25828499,0.544292197,0.489805914,75.455657,1.196076977,47.23826025
2025,352,124051.0388,499.0696706,NULL,281.7605286,5092.6,9325.816667,24.35907765,23.0693173,46.1386346,36.73020257,0.415828303,0.448143406,85.21631172,1.097299817,47.31294526
2025,354,129160.8666,519.6233202,NULL,294.2832031,4994.166667,8041.316667,25.86234606,31.67214778,63.34429556,48.57700078,1.800377243,1.822700911,81.41635748,1.687237489,38.87280369
2025,360,67764.16375,234.4780504,92.41506709,73.96959633,6837.633333,8786.366667,9.910470546,4.756624709,19.5712431,8.224060025,0.191818594,0.169815326,74.77950713,0.067109823,29.23126094
2025,361,99663.31165,336.2474328,151.3707139,129.2718643,7251.5,9219.383333,13.74382013,5.870655558,24.46106482,10.51799014,0.123081379,0.121531294,81.95266272,0.076325685,26.94459676
2025,362,90543.98728,196.5313779,366.0597294,350.2938404,3846.966667,5415.733333,23.53646265,3.750715862,15.62798276,9.865423787,0.054223016,0.052210233,79.52213123,0.179261526,19.51353616
2025,363,235543.102,665.781613,638.1543849,573.0035997,12338.31667,18812.45,19.09037581,6.238957099,25.99565458,13.41817573,0.152671756,0.136649358,81.23474595,0.048781403,24.86650523
2025,364,1797948.22,5496.720782,4114.239277,3397.246513,35406.3,44632.86667,50.78046053,32.97542703,65.95085406,41.32228709,6.984929905,6.446215924,78.5084464,0.907632136,21.83623801
2025,370,106256.6033,357.6222803,154.3763765,146.7493257,6575.383333,7490.816667,16.15975798,6.579357336,27.4139889,13.26993333,0.026509495,0.025163563,NULL,NULL,22.85730371
2025,371,290949.1145,922.0876832,630.5458491,453.5843839,8576.366667,14133.9,33.92451907,9.916459976,40.94984175,22.92482125,0.598001518,0.589123867,86.64477021,0.363093678,20.61036097
2025,372,183125.5331,581.6659769,351.8378058,316.5662298,10350.66667,15180.36667,17.69214863,7.221837346,30.09098894,14.45774007,0.111537082,0.109855618,NULL,NULL,23.37243048
2025,373,959184.8856,2981.953074,2066.1521,1726.470987,26374.86333,36879.58,36.3673879,12.33765484,50.55095138,23.27107554,2.134897846,2.109979045,78.82482477,1.501149521,22.03749516
2025,375,923117.0671,2292.78641,3279.700914,2830.178307,23854.4,28892.7,38.69797887,29.48295453,58.96590906,31.32085261,3.720263325,3.537949803,81.3014308,0.17005174,21.61520851
2025,388,457003.7653,1837.463589,NULL,1312.795288,14046.01028,18110.39361,32.53619756,24.25489294,48.50978587,25.72568775,1.243362061,1.260192735,72.65757679,1.288048745,26.19149527
2025,391,87537.64604,351.9476533,NULL,254.6280212,1492.383333,2536.85,58.65627422,30.12256966,60.24513932,36.78072135,2.916650042,3.201024328,87.9969419,0.096706961,19.69118484
2025,393,111436.5333,447.8765134,NULL,363.1579895,1960.483333,2720.2,56.84135714,30.97396628,61.94793255,31.06880665,8.243422801,8.920187793,78.55670103,0.224050586,18.39572713
2025,394,193656.3628,778.2887844,NULL,640.7442627,6148.866667,9166.983333,31.49464337,21.94668446,43.89336893,25.40704105,0.545391917,0.631374454,85.44641569,0.232797358,25.22408138
2025,395,145897.4772,586.9497684,NULL,333.9346538,4338.766667,7576.416667,33.62648615,27.06819375,54.1363875,29.66211325,5.03424215,5.211267606,81.86202558,2.155839755,24.18116011
2025,401,1225311.257,3784.442793,2727.985558,2229.449151,20294.65,29376.15,60.37607234,23.09271915,46.1854383,24.51528544,2.684260628,2.373676356,80.59205886,0.299835866,22.88045234
2025,402,874963.7091,2805.490334,1635.715656,1448.382957,14925.08333,21537.55,58.62370679,21.9498809,43.89976179,21.63347767,0.625270191,0.60541995,91.55874057,0.461362611,22.7469763
2025,403,1575994.326,4585.383954,4069.714139,3495.291846,30648.59278,38880.92611,51.42142536,24.89667649,49.79335298,22.26928734,1.664688036,1.459583611,83.54717975,0.699299536,20.60514664
2025,404,469891.5804,1452.759421,1008.224916,879.6853595,10761.61667,18343.03333,43.66366085,16.1080045,32.21600899,15.36689318,1.124530774,1.040195197,88.26648989,0.404154801,23.54723277
2025,405,609307.9128,1947.454239,1175.457626,1003.314845,19355.54278,23393.12611,31.4797637,14.42142218,28.84284435,16.13571803,0.021901703,0.014692918,71.4724716,0.448777348,24.40993108
2025,406,1367341.684,4075.581913,3195.512184,2929.703636,25208.66667,36468.13333,54.24093636,21.12585437,42.25170873,20.08445114,1.13396022,0.941477306,92.57191023,0.787982057,24.88588414
2025,407,868481.1193,2823.560519,1521.211236,1371.309635,26022.52389,33298.02389,33.37420778,15.85390651,31.70781301,15.06333418,0.124076933,0.088593577,81.0252791,0.709296212,22.74232233
2025,408,1190173.329,3786.542322,2335.459945,1994.875639,19739.43333,27029.23333,60.2941994,21.89153075,43.7830615,21.07407891,1.493696791,1.417004049,85.06132859,1.638765594,22.50127121
2025,410,3272754.883,10022.70361,7425.232065,6169.420294,59932.9,72722.58333,54.60698352,31.21152721,62.42305441,40.32838995,7.47251568,6.546080965,83.95821942,3.903244411,25.89164918
2025,412,114913.899,446.1944679,76.83921036,131.0159912,4952.183333,8511.45,23.20469402,7.179683095,17.70982861,8.636476049,0.177705033,0.139324277,90.6631329,0.215095132,27.89251017
2025,413,124559.3331,395.3072131,268.186191,193.4994209,6582.907778,9631.257778,18.92162815,6.628185313,26.72862086,13.3986179,0.079645595,0.075395828,76.77314564,0.273103825,26.42854518
2025,414,63483.37556,222.0530445,156.2296314,145.1398392,3636.085556,6523.518889,17.45926343,4.491579949,18.71491645,11.25500331,0,0,78.86466748,0.08953049,16.38942178
2025,416,70160.01407,282.0869513,NULL,202.4501495,3573.016667,4783.9,19.63607243,8.218349411,34.24312255,16.8542301,0.547465584,0.503018109,70.26236125,0.070160741,21.08108717
2025,418,270589.9086,1087.326485,NULL,932.9403687,6397.6,7842.116667,42.29553404,20.53070839,41.06141678,29.5972597,5.80075662,5.633802817,59.84767599,2.150431028,29.44274314
2025,430,2419686.012,7254.509047,5685.841797,4998.522994,40001.88333,50938.55,60.48930225,33.81427348,67.62854697,47.0114355,6.574365476,5.945777014,71.44765393,1.582697561,21.11981299
2025,501,2032050.937,6493.291959,4214.653771,3116.192854,44156.65,55430.45,46.01913726,35.7633491,71.52669819,47.04976704,14.42921984,13.5042735,77.84759916,2.080357099,24.473719
2025,502,1861676.684,5521.920304,4632.795401,3866.693656,51127.7,66140.96667,36.41229087,27.63682096,55.27364192,33.42895538,7.850837573,7.274059049,72.18831433,2.667294359,22.45297177
2025,503,2428360.265,7507.76744,5557.798171,4268.129766,73769.48889,90260.35556,32.91822,28.13402311,56.26804622,34.06507584,10.17403361,8.455276432,61.58714242,6.985496688,26.79379675
2025,509,106531.7846,428.8861768,NULL,168.0127563,3755.233333,7550.116667,28.36888554,21.29737204,42.59474409,24.97973186,1.126760563,1.14017438,75.14362313,1.018293232,31.14860246
2025,531,988569.6457,3255.441443,1696.485305,1430.81434,28714.07833,37860.96167,34.42804725,26.16531891,52.33063782,27.91277575,6.915619781,6.142888938,89.64646465,0.527395348,25.2285488
2025,555,1282978.403,4349.129479,2032.254895,1518.723656,12305.58333,21244.86667,104.2598606,44.30339566,52.12164195,46.96823897,9.616504063,7.885375494,91.53498529,0.800223607,64.65046257
2025,560/561,118342.1425,335.8962939,364.3642603,247.583385,10602.66667,13433.13333,11.16154513,4.025304355,16.77210148,10.19803634,0.027323897,0.027218291,NULL,NULL,26.16704134
2025,562,311639.8907,1070.423374,561.3197655,261.3271696,17527.76667,22306.31667,17.77978316,10.090745,42.04477085,24.38917478,1.577476038,1.570316843,NULL,NULL,30.62373699
2025,563,92661.56413,315.0353372,128.6327199,120.67537,4858.333333,7073.816667,19.07270617,6.60587892,27.5244955,15.57894877,0.167745028,0.163398693,NULL,NULL,33.19190314
2025,564,59497.09284,186.2948297,102.409644,122.6257475,4694.3,5639.583333,12.67432692,4.109733359,17.123889,10.18191523,0,0,NULL,NULL,24.83228787
2025,595,641807.5903,2044.721469,1296.331888,1035.498582,15875.41667,22097.15,40.42776349,21.353824,42.70764801,29.32796553,2.4392511,2.107228594,82.27427783,0.294677168,27.80758417
2025,601,1100399.595,3244.504052,2745.910865,2353.464999,36054.13556,48061.83556,30.52075935,23.17335383,41.15618761,26.17209982,1.116505459,0.960867881,76.55065634,1.217130373,35.69864573
2025,602,70754.7266,284.6827566,NULL,153.4029541,2937.25,5335.333333,24.08876555,19.21114609,38.42229219,31.13783662,0.082377288,0.078247261,75.65505194,0.500603977,39.59161451
2025,603,39280.02693,158.1221081,NULL,65.74411774,2579.833333,3873,15.22580022,7.338280108,14.67656022,17.61560147,0,0,79.92106561,0.394069383,33.67904481
2025,604,38139.53996,153.4854993,NULL,75.13613892,2351.766667,3906.366667,16.21739967,8.372563347,16.74512669,20.15328675,0,0,84.33242507,0.176447817,34.15570345
2025,606,4493.900256,18.0911103,NULL,7.304902077,627.65,1198.95,7.159882508,3.945864186,7.891728372,5.224377701,0,0,89.32002956,0.012301636,24.89613281
2025,608,9519.251912,38.29150665,NULL,22.9582634,567.2333333,928.3833333,16.78189795,4.872685889,9.745371779,6.71360721,0,0,92.1973408,0.082452226,25.52882599
2025,609,96951.97309,290.4225979,243.0132587,189.0842979,11325.65,16952.95,8.560389302,4.129204098,17.20501708,9.745060179,0.019946604,0.018011527,75.99811074,0.023717872,30.09705504
2025,614,9787.813796,30.07979614,23.24983346,17.21589251,2243.833333,3383.716667,4.362094836,1.714581563,7.144089845,3.212378367,0,0,83.0817464,0.008654423,26.9127514
2025,616,25943.67974,87.02522087,41.56538784,33.84653527,2352.466667,4214.3,11.02828793,2.420796342,10.08665143,5.595450525,0,0,93.80530973,0.001600751,25.77795117
2025,618,27170.77569,90.94887404,49.32376814,31.54798445,2422.083333,4269.7,11.21793595,2.307725641,9.615523505,6.452611233,0,0,94.92158327,0.00097085,26.43250613
2025,619,8660.29379,25.34898395,21.84584234,19.04249185,1806.516667,3479.266667,4.793918567,1.715861622,7.149423427,4.317223275,0,0,88.11666857,0.022101618,28.44497251
2025,620,797716.706,2021.647412,2471.223289,2582.223642,14966.68333,25176.8,53.29949784,41.68030566,49.03565372,44.314532,10.86254842,10.81325301,72.8563458,2.336770801,46.30864266
2025,640,1239195.875,4230.633324,1832.502446,1457.056672,36149.96667,47588.35,34.27930893,21.83718078,43.67436157,29.85661385,3.240672924,3.120585591,87.34046494,3.082504218,34.47542996
2025,701,1268259.286,3820.273638,3121.497084,2438.670389,45437.31667,58651.3,27.91228398,16.98304711,33.75108024,20.52615232,2.303383487,1.898446135,75.28173506,2.03833618,28.57674538
2025,719/722,29620.07533,102.1200791,43.03328955,44.7079275,8122.733333,11458.26667,3.646565031,1.711097864,7.129574432,3.521273107,0,0,81.620686,0.071267297,21.91206252
2025,733,70113.39258,225.1964678,139.366397,107.9633219,4665.666667,7932.25,15.02751859,4.680742796,19.50309498,12.20526227,0,0,90.46694595,0.268618446,26.99334722
2025,741,72432.4446,240.0089209,117.4383693,104.6682617,4765.033333,8277.2,15.20082642,4.998009103,20.82503793,12.47340286,0.015990314,0.017211704,89.36741544,0.615634158,27.76702425
2025,743,69754.14742,243.7529449,98.20171965,64.56811777,7491.329167,11538.29583,9.311317908,4.045170268,16.85487612,8.627985948,0,0,85.86124026,0.011940988,25.00669321
2025,744,89103.33912,313.9365235,123.2675852,105.1558014,7375.466667,11771.65,12.08104424,5.719101152,23.82958813,12.15452983,0.067798653,0.065302569,85.47498595,0.030512785,23.8346896
2025,745/746,207124.2949,719.1723056,262.5118325,232.5991981,11516.85,16981.95,17.98445712,7.661142085,31.69104879,20.24718245,0.264008488,0.249052518,82.49429192,1.113012216,29.38076879
2025,748,16099.97495,56.61463424,38.50226908,28.71383286,2183.683333,2853.8,7.37285242,5.150520135,21.46050056,11.84919382,0.092631802,0.085178876,74.00667273,0.000873622,35.76789114
2025,749,17032.56103,60.65416993,36.87028848,36.5359416,2149.966667,2709.816667,7.922244234,5.291836741,22.04931976,11.27885152,0,0,74.11764706,0,39.50066253
2025,791,597076.6708,2400.245475,NULL,1815.792968,17429.40333,23391.75333,34.25686235,25.66174566,51.32349131,29.93995037,8.652619185,8.254442784,75.31089683,1.368234136,31.04920205
2025,R1,4609500.766,13935.82348,10551.48973,9303.678087,43462.36556,62356.53222,106.0572913,43.20095428,57.60127237,36.32754029,6.548071837,5.810424456,84.09138816,1.549054088,19.95872025
2025,R2,1922975.395,5720.353645,4814.561091,3907.238681,35107.65,47717.41667,54.77368593,19.06609433,25.49151913,18.05014808,0.135196034,0.11656193,84.78982714,1.299152043,20.33791175
2025,R3,1026639.416,3081.204128,2556.726501,1993.092524,32603.5,46145.78333,31.48862594,16.60071249,22.13428332,17.77368548,0.01327443,0.011014429,93.67277483,0.811837025,34.64132001
2025,R4,8592112.271,27483.35847,17275.45048,13506.39919,91509.35,125876.8,93.8932718,50.51546733,67.35395644,46.0812699,16.50943222,15.22832311,85.08718568,5.095864891,25.64699601
2025,R5,4143031.679,13159.79605,8325.199623,6869.105803,62493.00167,76907.50167,66.29593024,40.00305618,53.88648257,35.39030906,10.2847921,8.704603475,83.82861459,3.480365045,22.25732855
2025,R6,5003693.581,15060.88039,11874.16354,10017.5191,47010,65870.83333,106.438919,38.93387028,51.91182704,38.24121975,3.812178021,3.536073493,93.1814344,2.17881803,22.58643006
