Stop_Number,Stop_Name,Sub_Region,Municipality,Line_Number,Line_Stop_Sequence,Line_Connections,Line_Data_Suppression_Note,Line_Data_Time_Period,Line_Avg_Daily_Boardings_MF,Line_Avg_Daily_Alightings_MF,Line_Avg_Daily_Boardings_Sat,Line_Avg_Daily_Alightings_Sat,Line_Avg_Daily_Boardings_SunHol,Line_Avg_Daily_Alightings_SunHol,Stop_Avg_Daily_Boardings_MF,Stop_Avg_Daily_Alightings_MF,Stop_Avg_Daily_Boardings_Sat,Stop_Avg_Daily_Alightings_Sat,Stop_Avg_Daily_Boardings_SunHol,Stop_Avg_Daily_Alightings_SunHol,Stop_Data_Suppression_Note,Stop_Data_Time_Period,Data_Collection_Method,TSPR_Year,Label,Stop_Latitude,Stop_Longitude,OBJECTID,GlobalID,x,y
50030,NB BURRARD ST AT ROBSON ST,Vancouver/UBC,Vancouver,32,54,002; 005/006; 032; 044; N22,Some boarding or alighting values for this route (Line Number) at this stop are below 5 and have been suppressed to reinforce the confidential nature of the data. All values that do not meet the threshold (5) are shown as zero.,Fall 2019,0,42,0,0,0,0,181,1970,119,1360,76,961,,Fall 2019,Automated Passenger Counting (APC) and Automatic Vehicle Location systems,2019,50030-NB BURRARD ST AT ROBSON ST,49.283593,-123.12214,15583,b142a27e-ecdc-40fb-b80d-38488a13cf96,-13705893.93,6323118.907
50031,NB BURRARD ST AT W GEORGIA ST,Vancouver/UBC,Vancouver,32,56,002; 005/006; 032; 044,Some boarding or alighting values for this route (Line Number) at this stop are below 5 and have been suppressed to reinforce the confidential nature of the data. All values that do not meet the threshold (5) are shown as zero.,Fall 2019,0,115,0,0,0,0,160,4923,57,2548,65,2103,,Fall 2019,Automated Passenger Counting (APC) and Automatic Vehicle Location systems,2019,50031-NB BURRARD ST AT W GEORGIA ST,49.284688,-123.120503,15584,b2dcc0e3-da11-4ab0-8308-9abac37b47cc,-13705711.7,6323305.774
50043,BURRARD STN BAY 1,Vancouver/UBC,Vancouver,32,25,002; 005/006; 032; N22,Some boarding or alighting values for this route (Line Number) at this stop are below 5 and have been suppressed to reinforce the confidential nature of the data. All values that do not meet the threshold (5) are shown as zero.,Fall 2019,67,0,0,0,0,0,5060,206,3054,76,2233,57,,Fall 2019,Automated Passenger Counting (APC) and Automatic Vehicle Location systems,2019,50043-BURRARD STN BAY 1,49.285306,-123.119982,15585,9c2cb3a8-5444-48d1-9dbe-db98d05db11b,-13705653.7,6323411.241
50044,SB BURRARD ST AT W GEORGIA ST,Vancouver/UBC,Vancouver,32,46,002; 005/006; 032; 044; N22,Some boarding or alighting values for this route (Line Number) at this stop are below 5 and have been suppressed to reinforce the confidential nature of the data. All values that do not meet the threshold (5) are shown as zero.,Fall 2019,39,0,0,0,0,0,1510,117,608,47,474,36,,Fall 2019,Automated Passenger Counting (APC) and Automatic Vehicle Location systems,2019,50044-SB BURRARD ST AT W GEORGIA ST,49.283992,-123.121957,15586,e70ebbd6-e543-48f1-824d-40e7e5878e14,-13705873.56,6323186.998
50045,SB BURRARD ST AT ROBSON ST,Vancouver/UBC,Vancouver,32,61,002; 032; N22,Some boarding or alighting values for this route (Line Number) at this stop are below 5 and have been suppressed to reinforce the confidential nature of the data. All values that do not meet the threshold (5) are shown as zero.,Fall 2019,16,0,0,0,0,0,399,90,409,54,295,42,,Fall 2019,Automated Passenger Counting (APC) and Automatic Vehicle Location systems,2019,50045-SB BURRARD ST AT ROBSON ST,49.283087,-123.123336,15587,8d57b6e6-f819-447f-9baa-cd0530f3b7f3,-13706027.07,6323032.558
50046,SB BURRARD ST AT BARCLAY ST,Vancouver/UBC,Vancouver,32,63,002; 032; N22,Some boarding or alighting values for this route (Line Number) at this stop are below 5 and have been suppressed to reinforce the confidential nature of the data. All values that do not meet the threshold (5) are shown as zero.,Fall 2019,14,0,0,0,0,0,374,250,328,127,250,95,,Fall 2019,Automated Passenger Counting (APC) and Automatic Vehicle Location systems,2019,50046-SB BURRARD ST AT BARCLAY ST,49.282068,-123.12488,15588,045941d5-e8c5-4f39-838c-8668983f8ead,-13706198.95,6322858.666
50047,SB BURRARD ST AT NELSON ST,Vancouver/UBC,Vancouver,32,65,002; 032; 044; N22,Some boarding or alighting values for this route (Line Number) at this stop are below 5 and have been suppressed to reinforce the confidential nature of the data. All values that do not meet the threshold (5) are shown as zero.,Fall 2019,10,9,0,0,0,0,598,1347,182,441,121,340,,Fall 2019,Automated Passenger Counting (APC) and Automatic Vehicle Location systems,2019,50047-SB BURRARD ST AT NELSON ST,49.280981,-123.126516,15589,ef9d2d43-5e2f-480b-846a-fb1fb2e23022,-13706381.06,6322673.174
50063,NB MACDONALD ST AT W 4 AVE,Vancouver/UBC,Vancouver,32,22,002; 032; N22,Some boarding or alighting values for this route (Line Number) at this stop are below 5 and have been suppressed to reinforce the confidential nature of the data. All values that do not meet the threshold (5) are shown as zero.,Fall 2019,7,0,0,0,0,0,217,83,153,46,115,39,,Fall 2019,Automated Passenger Counting (APC) and Automatic Vehicle Location systems,2019,50063-NB MACDONALD ST AT W 4 AVE,49.268707,-123.168204,15590,0b183af2-66a8-4193-af0d-afb2470c07e0,-13711021.75,6320578.953
50064,NB MACDONALD ST AT W 1 AVE,Vancouver/UBC,Vancouver,32,23,002; 032; N22,Some boarding or alighting values for this route (Line Number) at this stop are below 5 and have been suppressed to reinforce the confidential nature of the data. All values that do not meet the threshold (5) are shown as zero.,Fall 2019,7,0,0,0,0,0,108,52,68,41,44,23,,Fall 2019,Automated Passenger Counting (APC) and Automatic Vehicle Location systems,2019,50064-NB MACDONALD ST AT W 1 AVE,49.2705975,-123.1681415,15591,ac47517d-f8bd-4b8d-9394-68986d501771,-13711014.79,6320901.481
50066,EB CORNWALL AVE AT LARCH ST,Vancouver/UBC,Vancouver,32,30,002; 032; N22,Some boarding or alighting values for this route (Line Number) at this stop are below 5 and have been suppressed to reinforce the confidential nature of the data. All values that do not meet the threshold (5) are shown as zero.,Fall 2019,5,0,0,0,0,0,90,32,45,21,35,15,,Fall 2019,Automated Passenger Counting (APC) and Automatic Vehicle Location systems,2019,50066-EB CORNWALL AVE AT LARCH ST,49.272616,-123.161651,15592,2ce56788-c597-44db-bb02-e1373a294ca3,-13710292.27,6321245.86
50067,EB CORNWALL AVE AT BALSAM ST,Vancouver/UBC,Vancouver,32,32,002; 032; N22,Some boarding or alighting values for this route (Line Number) at this stop are below 5 and have been suppressed to reinforce the confidential nature of the data. All values that do not meet the threshold (5) are shown as zero.,Fall 2019,9,0,0,0,0,0,187,52,97,31,74,26,,Fall 2019,Automated Passenger Counting (APC) and Automatic Vehicle Location systems,2019,50067-EB CORNWALL AVE AT BALSAM ST,49.272582,-123.159332,15593,b7878d42-1446-481d-8d04-fcfeb7abbacb,-13710034.12,6321240.059
50068,EB CORNWALL AVE AT VINE ST,Vancouver/UBC,Vancouver,32,34,002; 032; N22,Some boarding or alighting values for this route (Line Number) at this stop are below 5 and have been suppressed to reinforce the confidential nature of the data. All values that do not meet the threshold (5) are shown as zero.,Fall 2019,11,0,0,0,0,0,167,30,114,35,79,24,,Fall 2019,Automated Passenger Counting (APC) and Automatic Vehicle Location systems,2019,50068-EB CORNWALL AVE AT VINE ST,49.272548,-123.156958,15594,f6c00a32-43de-45b9-9b52-ed3e92de255a,-13709769.85,6321234.258
50069,EB CORNWALL AVE AT YEW ST,Vancouver/UBC,Vancouver,32,36,002; 032; N22,Some boarding or alighting values for this route (Line Number) at this stop are below 5 and have been suppressed to reinforce the confidential nature of the data. All values that do not meet the threshold (5) are shown as zero.,Fall 2019,12,0,0,0,0,0,313,69,267,65,223,53,,Fall 2019,Automated Passenger Counting (APC) and Automatic Vehicle Location systems,2019,50069-EB CORNWALL AVE AT YEW ST,49.272507,-123.154568,15595,7dfbbb16-c8d0-45ef-af16-dfc39bc564b1,-13709503.8,6321227.263
50070,EB CORNWALL AVE AT ARBUTUS ST,Vancouver/UBC,Vancouver,32,38,002; 032; N22,Some boarding or alighting values for this route (Line Number) at this stop are below 5 and have been suppressed to reinforce the confidential nature of the data. All values that do not meet the threshold (5) are shown as zero.,Fall 2019,9,0,0,0,0,0,216,44,161,39,114,32,,Fall 2019,Automated Passenger Counting (APC) and Automatic Vehicle Location systems,2019,50070-EB CORNWALL AVE AT ARBUTUS ST,49.272471,-123.152226,15596,7f587501-a5ca-4a90-a44d-a5d45f7ee39e,-13709243.09,6321221.12
50071,EB CORNWALL AVE AT MAPLE ST,Vancouver/UBC,Vancouver,32,40,002; 032; N22,Some boarding or alighting values for this route (Line Number) at this stop are below 5 and have been suppressed to reinforce the confidential nature of the data. All values that do not meet the threshold (5) are shown as zero.,Fall 2019,12,0,0,0,0,0,275,81,191,50,117,38,,Fall 2019,Automated Passenger Counting (APC) and Automatic Vehicle Location systems,2019,50071-EB CORNWALL AVE AT MAPLE ST,49.272432,-123.149829,15597,c5466f48-7876-4a8f-812f-2dcc54018640,-13708976.26,6321214.467
50072,EB CORNWALL AVE AT CYPRESS ST,Vancouver/UBC,Vancouver,32,42,002; 032; N22,Some boarding or alighting values for this route (Line Number) at this stop are below 5 and have been suppressed to reinforce the confidential nature of the data. All values that do not meet the threshold (5) are shown as zero.,Fall 2019,16,5,0,0,0,0,755,153,464,99,350,67,,Fall 2019,Automated Passenger Counting (APC) and Automatic Vehicle Location systems,2019,50072-EB CORNWALL AVE AT CYPRESS ST,49.272368,-123.14734,15598,5e40d229-ee9c-4787-bda5-11757bc89fa3,-13708699.18,6321203.547
50073,NB BURRARD ST AT PACIFIC ST,Vancouver/UBC,Vancouver,32,44,002; 032; N22,Some boarding or alighting values for this route (Line Number) at this stop are below 5 and have been suppressed to reinforce the confidential nature of the data. All values that do not meet the threshold (5) are shown as zero.,Fall 2019,9,5,0,0,0,0,422,256,220,205,149,111,,Fall 2019,Automated Passenger Counting (APC) and Automatic Vehicle Location systems,2019,50073-NB BURRARD ST AT PACIFIC ST,49.277226,-123.131783,15599,c8c9dd2e-0746-4de8-b188-bab65da57764,-13706967.38,6322032.431
50075,NB BURRARD ST AT DAVIE ST,Vancouver/UBC,Vancouver,32,48,002; 032; 044; N22,Some boarding or alighting values for this route (Line Number) at this stop are below 5 and have been suppressed to reinforce the confidential nature of the data. All values that do not meet the threshold (5) are shown as zero.,Fall 2019,13,15,0,0,0,0,944,1073,475,479,362,337,,Fall 2019,Automated Passenger Counting (APC) and Automatic Vehicle Location systems,2019,50075-NB BURRARD ST AT DAVIE ST,49.278885,-123.129252,15600,7d151810-d475-4be9-a390-5720b3146c0f,-13706685.63,6322315.512
50076,EB W PENDER ST AT BURRARD ST,Vancouver/UBC,Vancouver,32,58,005/006; 019; 022; 032; 209; 210; 211; 214; N24,Some boarding or alighting values for this route (Line Number) at this stop are below 5 and have been suppressed to reinforce the confidential nature of the data. All values that do not meet the threshold (5) are shown as zero.,Fall 2019,0,56,0,0,0,0,656,471,326,444,302,469,,Fall 2019,Automated Passenger Counting (APC) and Automatic Vehicle Location systems,2019,50076-EB W PENDER ST AT BURRARD ST,49.286121,-123.117245,15601,745086c1-172a-45b4-917a-37aaf30d1e24,-13705349.02,6323550.329
50098,SB BURRARD ST AT DAVIE ST,Vancouver/UBC,Vancouver,32,67,002; 032; N22,Some boarding or alighting values for this route (Line Number) at this stop are below 5 and have been suppressed to reinforce the confidential nature of the data. All values that do not meet the threshold (5) are shown as zero.,Fall 2019,13,19,0,0,0,0,558,960,430,668,302,445,,Fall 2019,Automated Passenger Counting (APC) and Automatic Vehicle Location systems,2019,50098-SB BURRARD ST AT DAVIE ST,49.278914,-123.12964,15602,eb5a3c8d-ca9f-4042-9585-037290322533,-13706728.83,6322320.461
50101,WB CORNWALL AVE AT CYPRESS ST,Vancouver/UBC,Vancouver,32,72,002; 032; N22,Some boarding or alighting values for this route (Line Number) at this stop are below 5 and have been suppressed to reinforce the confidential nature of the data. All values that do not meet the threshold (5) are shown as zero.,Fall 2019,5,22,0,0,0,0,215,859,128,536,93,396,,Fall 2019,Automated Passenger Counting (APC) and Automatic Vehicle Location systems,2019,50101-WB CORNWALL AVE AT CYPRESS ST,49.272539,-123.148302,15603,96bf497b-3317-4cca-b31f-2a377c997a10,-13708806.27,6321232.722
50102,WB CORNWALL AVE AT MAPLE ST,Vancouver/UBC,Vancouver,32,3,002; 032; N22,Some boarding or alighting values for this route (Line Number) at this stop are below 5 and have been suppressed to reinforce the confidential nature of the data. All values that do not meet the threshold (5) are shown as zero.,Fall 2019,0,5,0,0,0,0,62,152,43,104,26,88,,Fall 2019,Automated Passenger Counting (APC) and Automatic Vehicle Location systems,2019,50102-WB CORNWALL AVE AT MAPLE ST,49.272566,-123.150628,15604,28f5bd38-a13f-49d1-a8ce-a5a01832fa94,-13709065.2,6321237.329
50103,WB CORNWALL AVE AT ARBUTUS ST,Vancouver/UBC,Vancouver,32,5,002; 032; N22,Some boarding or alighting values for this route (Line Number) at this stop are below 5 and have been suppressed to reinforce the confidential nature of the data. All values that do not meet the threshold (5) are shown as zero.,Fall 2019,0,7,0,0,0,0,69,162,50,141,40,99,,Fall 2019,Automated Passenger Counting (APC) and Automatic Vehicle Location systems,2019,50103-WB CORNWALL AVE AT ARBUTUS ST,49.272608,-123.152989,15605,c0b67182-3eec-4f8f-812f-5af961924c8f,-13709328.03,6321244.495
50104,WB CORNWALL AVE AT YEW ST,Vancouver/UBC,Vancouver,32,7,002; 032; N22,Some boarding or alighting values for this route (Line Number) at this stop are below 5 and have been suppressed to reinforce the confidential nature of the data. All values that do not meet the threshold (5) are shown as zero.,Fall 2019,0,12,0,0,0,0,132,328,114,253,100,220,,Fall 2019,Automated Passenger Counting (APC) and Automatic Vehicle Location systems,2019,50104-WB CORNWALL AVE AT YEW ST,49.272645,-123.155439,15606,32e0feef-7af1-4b15-bd8a-c5ded012fa78,-13709600.76,6321250.807
50105,WB CORNWALL AVE AT LARCH ST,Vancouver/UBC,Vancouver,32,9,002; 032; N22,Some boarding or alighting values for this route (Line Number) at this stop are below 5 and have been suppressed to reinforce the confidential nature of the data. All values that do not meet the threshold (5) are shown as zero.,Fall 2019,0,6,0,0,0,0,72,189,43,123,31,89,,Fall 2019,Automated Passenger Counting (APC) and Automatic Vehicle Location systems,2019,50105-WB CORNWALL AVE AT LARCH ST,49.272749,-123.161774,15607,43aa6c1b-1a06-4913-ad5d-3e7f0598fa8a,-13710305.97,6321268.551
50106,WB CORNWALL AVE AT TRAFALGAR ST,Vancouver/UBC,Vancouver,32,11,002; 032; N22,Some boarding or alighting values for this route (Line Number) at this stop are below 5 and have been suppressed to reinforce the confidential nature of the data. All values that do not meet the threshold (5) are shown as zero.,Fall 2019,0,0,0,0,0,0,25,47,22,29,15,26,,Fall 2019,Automated Passenger Counting (APC) and Automatic Vehicle Location systems,2019,50106-WB CORNWALL AVE AT TRAFALGAR ST,49.272799,-123.164636,15608,7f23441f-cd19-4f40-866b-8f252ce2948b,-13710624.56,6321277.082
50107,WB POINT GREY RD AT MACDONALD ST,Vancouver/UBC,Vancouver,32,13,002; 032; N22,Some boarding or alighting values for this route (Line Number) at this stop are below 5 and have been suppressed to reinforce the confidential nature of the data. All values that do not meet the threshold (5) are shown as zero.,Fall 2019,0,0,0,0,0,0,20,81,15,63,13,43,,Fall 2019,Automated Passenger Counting (APC) and Automatic Vehicle Location systems,2019,50107-WB POINT GREY RD AT MACDONALD ST,49.2712165,-123.1680085,15609,900e05d8-8037-4070-80fd-10dbf7ad28dd,-13710999.99,6321007.088
50108,SB MACDONALD ST AT W 3 AVE,Vancouver/UBC,Vancouver,32,15,002; 032; N22,Some boarding or alighting values for this route (Line Number) at this stop are below 5 and have been suppressed to reinforce the confidential nature of the data. All values that do not meet the threshold (5) are shown as zero.,Fall 2019,0,6,0,0,0,0,33,185,19,113,11,81,,Fall 2019,Automated Passenger Counting (APC) and Automatic Vehicle Location systems,2019,50108-SB MACDONALD ST AT W 3 AVE,49.268877,-123.168389,15610,a114e3ab-cf74-4d2f-ab02-02084fb95fed,-13711042.35,6320607.955
50298,NB DUNBAR ST AT W 41 AVE,Vancouver/UBC,Vancouver,32,1,007; 032,Some boarding or alighting values for this route (Line Number) at this stop are below 5 and have been suppressed to reinforce the confidential nature of the data. All values that do not meet the threshold (5) are shown as zero.,Fall 2019,16,0,0,0,0,0,306,11,261,20,231,11,,Fall 2019,Automated Passenger Counting (APC) and Automatic Vehicle Location systems,2019,50298-NB DUNBAR ST AT W 41 AVE,49.235129,-123.185234,15611,322d01b4-9efb-4d19-8b26-551104396561,-13712917.52,6314852.449
50299,NB DUNBAR ST AT W 39 AVE,Vancouver/UBC,Vancouver,32,26,007; 032,Some boarding or alighting values for this route (Line Number) at this stop are below 5 and have been suppressed to reinforce the confidential nature of the data. All values that do not meet the threshold (5) are shown as zero.,Fall 2019,12,0,0,0,0,0,49,0,43,0,40,0,Some boarding or alighting values for this stop (all Lines at this stop) are below 5 and have been suppressed to reinforce the confidential nature of the data. All values that do not meet the threshold (5) are shown as zero.,Fall 2019,Automated Passenger Counting (APC) and Automatic Vehicle Location systems,2019,50299-NB DUNBAR ST AT W 39 AVE,49.236747,-123.185216,15612,abd03591-a917-4fd4-89a4-66a98cf4fc0c,-13712915.52,6315128.298
50300,NB DUNBAR ST AT W 38 AVE,Vancouver/UBC,Vancouver,32,47,007; 032,Some boarding or alighting values for this route (Line Number) at this stop are below 5 and have been suppressed to reinforce the confidential nature of the data. All values that do not meet the threshold (5) are shown as zero.,Fall 2019,6,0,0,0,0,0,41,0,58,0,28,0,Some boarding or alighting values for this stop (all Lines at this stop) are below 5 and have been suppressed to reinforce the confidential nature of the data. All values that do not meet the threshold (5) are shown as zero.,Fall 2019,Automated Passenger Counting (APC) and Automatic Vehicle Location systems,2019,50300-NB DUNBAR ST AT W 38 AVE,49.238112,-123.185183,15613,9c5b8b2b-0a25-4050-afaf-334e637bf1ed,-13712911.84,6315361.022
50301,NB DUNBAR ST AT W 36 AVE,Vancouver/UBC,Vancouver,32,62,007; 032,Some boarding or alighting values for this route (Line Number) at this stop are below 5 and have been suppressed to reinforce the confidential nature of the data. All values that do not meet the threshold (5) are shown as zero.,Fall 2019,6,0,0,0,0,0,47,20,50,10,28,9,,Fall 2019,Automated Passenger Counting (APC) and Automatic Vehicle Location systems,2019,50301-NB DUNBAR ST AT W 36 AVE,49.239851,-123.185157,15614,f2d001b7-3b6d-4c3d-9ad2-08ed9a088907,-13712908.95,6315657.519
50302,NB DUNBAR ST AT W 34 AVE,Vancouver/UBC,Vancouver,32,64,007; 032,Some boarding or alighting values for this route (Line Number) at this stop are below 5 and have been suppressed to reinforce the confidential nature of the data. All values that do not meet the threshold (5) are shown as zero.,Fall 2019,8,0,0,0,0,0,74,48,70,19,45,21,,Fall 2019,Automated Passenger Counting (APC) and Automatic Vehicle Location systems,2019,50302-NB DUNBAR ST AT W 34 AVE,49.241702,-123.185172,15615,3bc6b83a-60dd-4535-b2c8-043badd567a7,-13712910.62,6315973.123
50303,NB DUNBAR ST AT W 31 AVE,Vancouver/UBC,Vancouver,32,66,007; 032,Some boarding or alighting values for this route (Line Number) at this stop are below 5 and have been suppressed to reinforce the confidential nature of the data. All values that do not meet the threshold (5) are shown as zero.,Fall 2019,12,0,0,0,0,0,135,68,118,55,78,37,,Fall 2019,Automated Passenger Counting (APC) and Automatic Vehicle Location systems,2019,50303-NB DUNBAR ST AT W 31 AVE,49.244597,-123.185135,15616,794cea52-9a2f-41a1-b2ed-047cad012e4b,-13712906.5,6316466.759
50304,NB DUNBAR ST AT W 30 AVE,Vancouver/UBC,Vancouver,32,68,007; 032,Some boarding or alighting values for this route (Line Number) at this stop are below 5 and have been suppressed to reinforce the confidential nature of the data. All values that do not meet the threshold (5) are shown as zero.,Fall 2019,0,0,0,0,0,0,14,14,10,9,14,11,,Fall 2019,Automated Passenger Counting (APC) and Automatic Vehicle Location systems,2019,50304-NB DUNBAR ST AT W 30 AVE,49.245532,-123.185125,15617,8a1c110b-0171-4a3f-b193-232bbdfea4a4,-13712905.39,6316626.194
50305,NB DUNBAR ST AT W 28 AVE,Vancouver/UBC,Vancouver,32,69,007; 032,Some boarding or alighting values for this route (Line Number) at this stop are below 5 and have been suppressed to reinforce the confidential nature of the data. All values that do not meet the threshold (5) are shown as zero.,Fall 2019,11,0,0,0,0,0,169,65,156,43,84,39,,Fall 2019,Automated Passenger Counting (APC) and Automatic Vehicle Location systems,2019,50305-NB DUNBAR ST AT W 28 AVE,49.247382,-123.185094,15618,cc8d4d45-9575-48b3-a79d-22c0663ff1c3,-13712901.94,6316941.665
50306,NB DUNBAR ST AT W 26 AVE,Vancouver/UBC,Vancouver,32,70,007; 032,Some boarding or alighting values for this route (Line Number) at this stop are below 5 and have been suppressed to reinforce the confidential nature of the data. All values that do not meet the threshold (5) are shown as zero.,Fall 2019,6,0,0,0,0,0,64,25,58,24,48,19,,Fall 2019,Automated Passenger Counting (APC) and Automatic Vehicle Location systems,2019,50306-NB DUNBAR ST AT W 26 AVE,49.249282,-123.185078,15619,8fd6c6d7-f285-456a-9d65-d879e4a471ad,-13712900.16,6317265.674
50307,NB DUNBAR ST AT W KING EDWARD AVE,Vancouver/UBC,Vancouver,32,73,007; 025; 032,Some boarding or alighting values for this route (Line Number) at this stop are below 5 and have been suppressed to reinforce the confidential nature of the data. All values that do not meet the threshold (5) are shown as zero.,Fall 2019,8,0,0,0,0,0,385,308,219,240,174,181,,Fall 2019,Automated Passenger Counting (APC) and Automatic Vehicle Location systems,2019,50307-NB DUNBAR ST AT W KING EDWARD AVE,49.250494,-123.185062,15620,8891ddf6-a503-4069-8225-224960bdd197,-13712898.38,6317472.364
50308,NB DUNBAR ST AT W 22 AVE,Vancouver/UBC,Vancouver,32,4,007; 025; 032,Some boarding or alighting values for this route (Line Number) at this stop are below 5 and have been suppressed to reinforce the confidential nature of the data. All values that do not meet the threshold (5) are shown as zero.,Fall 2019,12,0,0,0,0,0,198,64,130,59,98,42,,Fall 2019,Automated Passenger Counting (APC) and Automatic Vehicle Location systems,2019,50308-NB DUNBAR ST AT W 22 AVE,49.253177,-123.18504,15621,2902f84a-5d9d-40f4-b173-cb77c39226a8,-13712895.93,6317929.931
50309,NB DUNBAR ST AT W 20 AVE,Vancouver/UBC,Vancouver,32,6,007; 025; 032,Some boarding or alighting values for this route (Line Number) at this stop are below 5 and have been suppressed to reinforce the confidential nature of the data. All values that do not meet the threshold (5) are shown as zero.,Fall 2019,10,0,0,0,0,0,148,84,98,80,71,57,,Fall 2019,Automated Passenger Counting (APC) and Automatic Vehicle Location systems,2019,50309-NB DUNBAR ST AT W 20 AVE,49.255004,-123.185016,15622,7772b233-e4fa-4b3b-bba8-96292f546f63,-13712893.25,6318241.527
50310,NB DUNBAR ST AT W 18 AVE,Vancouver/UBC,Vancouver,32,8,007; 025; 032,Some boarding or alighting values for this route (Line Number) at this stop are below 5 and have been suppressed to reinforce the confidential nature of the data. All values that do not meet the threshold (5) are shown as zero.,Fall 2019,18,0,0,0,0,0,283,178,226,158,163,118,,Fall 2019,Automated Passenger Counting (APC) and Automatic Vehicle Location systems,2019,50310-NB DUNBAR ST AT W 18 AVE,49.256755,-123.185003,15623,723f003d-7a7d-4c66-a579-58728473e646,-13712891.81,6318540.172
50311,NB DUNBAR ST AT W 16 AVE,Vancouver/UBC,Vancouver,32,10,007; 032,Some boarding or alighting values for this route (Line Number) at this stop are below 5 and have been suppressed to reinforce the confidential nature of the data. All values that do not meet the threshold (5) are shown as zero.,Fall 2019,8,0,0,0,0,0,101,32,76,22,51,10,,Fall 2019,Automated Passenger Counting (APC) and Automatic Vehicle Location systems,2019,50311-NB DUNBAR ST AT W 16 AVE,49.257644,-123.184993,15624,b40971a0-0b4d-46dc-be29-b334e141aacb,-13712890.69,6318691.801
50312,NB DUNBAR DIVERSION AT W 14 AVE,Vancouver/UBC,Vancouver,32,12,007; 032,Some boarding or alighting values for this route (Line Number) at this stop are below 5 and have been suppressed to reinforce the confidential nature of the data. All values that do not meet the threshold (5) are shown as zero.,Fall 2019,8,0,0,0,0,0,40,11,34,17,24,7,,Fall 2019,Automated Passenger Counting (APC) and Automatic Vehicle Location systems,2019,50312-NB DUNBAR DIVERSION AT W 14 AVE,49.260126,-123.184213,15625,b8fc7fd5-afaf-404b-b2de-97dd79e6a611,-13712803.86,6319115.15
50313,NB ALMA ST AT W 12 AVE,Vancouver/UBC,Vancouver,32,14,007; 032,Some boarding or alighting values for this route (Line Number) at this stop are below 5 and have been suppressed to reinforce the confidential nature of the data. All values that do not meet the threshold (5) are shown as zero.,Fall 2019,0,0,0,0,0,0,16,9,14,14,10,8,,Fall 2019,Automated Passenger Counting (APC) and Automatic Vehicle Location systems,2019,50313-NB ALMA ST AT W 12 AVE,49.261926,-123.185815,15626,4af2a0e4-20ed-4a0c-8be1-11b806af04ba,-13712982.2,6319422.184
50314,NB ALMA ST AT W 10 AVE,Vancouver/UBC,Vancouver,32,16,007; 014; 032; N17,Some boarding or alighting values for this route (Line Number) at this stop are below 5 and have been suppressed to reinforce the confidential nature of the data. All values that do not meet the threshold (5) are shown as zero.,Fall 2019,17,21,0,0,0,0,208,430,210,414,175,302,,Fall 2019,Automated Passenger Counting (APC) and Automatic Vehicle Location systems,2019,50314-NB ALMA ST AT W 10 AVE,49.263872,-123.185744,15627,af0b23da-cdb3-4014-93e8-bd1a4cbdc277,-13712974.3,6319754.136
50354,EB W 4 AVE AT ALMA ST,Vancouver/UBC,Vancouver,32,20,004; 007; 032; 044; 084,Some boarding or alighting values for this route (Line Number) at this stop are below 5 and have been suppressed to reinforce the confidential nature of the data. All values that do not meet the threshold (5) are shown as zero.,Fall 2019,22,10,0,0,0,0,895,560,575,328,440,225,,Fall 2019,Automated Passenger Counting (APC) and Automatic Vehicle Location systems,2019,50354-EB W 4 AVE AT ALMA ST,49.268538,-123.185205,15628,60771189-975a-465d-a066-a67a8227d3dd,-13712914.29,6320550.121
50355,SB ALMA ST AT W 4 AVE,Vancouver/UBC,Vancouver,32,18,007; 032; 042,Some boarding or alighting values for this route (Line Number) at this stop are below 5 and have been suppressed to reinforce the confidential nature of the data. All values that do not meet the threshold (5) are shown as zero.,Fall 2019,29,19,0,0,0,0,256,153,217,194,180,151,,Fall 2019,Automated Passenger Counting (APC) and Automatic Vehicle Location systems,2019,50355-SB ALMA ST AT W 4 AVE,49.268214,-123.18585,15629,895fec6a-4539-4e79-9be8-6fccb18203ba,-13712986.09,6320494.846
50356,SB ALMA ST AT W 6 AVE,Vancouver/UBC,Vancouver,32,21,007; 032; 042,Some boarding or alighting values for this route (Line Number) at this stop are below 5 and have been suppressed to reinforce the confidential nature of the data. All values that do not meet the threshold (5) are shown as zero.,Fall 2019,0,0,0,0,0,0,18,18,19,19,6,12,,Fall 2019,Automated Passenger Counting (APC) and Automatic Vehicle Location systems,2019,50356-SB ALMA ST AT W 6 AVE,49.266642,-123.185897,15630,af894a73-c767-4b4e-8432-9d5e05d739da,-13712991.33,6320226.668
50357,SB ALMA ST AT W 10 AVE,Vancouver/UBC,Vancouver,32,24,007; 009; 014; 032; 042; 099; N17,Some boarding or alighting values for this route (Line Number) at this stop are below 5 and have been suppressed to reinforce the confidential nature of the data. All values that do not meet the threshold (5) are shown as zero.,Fall 2019,35,17,0,0,0,0,1670,1904,1261,1797,929,1299,,Fall 2019,Automated Passenger Counting (APC) and Automatic Vehicle Location systems,2019,50357-SB ALMA ST AT W 10 AVE,49.26367,-123.186028,15631,c54426db-fe48-4d2f-be0b-241e8b1346f4,-13713005.91,6319719.677
50359,SB ALMA ST AT W 12 AVE,Vancouver/UBC,Vancouver,32,27,007; 032,Some boarding or alighting values for this route (Line Number) at this stop are below 5 and have been suppressed to reinforce the confidential nature of the data. All values that do not meet the threshold (5) are shown as zero.,Fall 2019,0,0,0,0,0,0,18,20,16,21,9,13,,Fall 2019,Automated Passenger Counting (APC) and Automatic Vehicle Location systems,2019,50359-SB ALMA ST AT W 12 AVE,49.261267,-123.186069,15632,653a97e3-5160-49c6-a9d4-658fd857ddcb,-13713010.47,6319309.774
50360,SB DUNBAR DIVERSION AT W 14 AVE,Vancouver/UBC,Vancouver,32,28,007; 032,Some boarding or alighting values for this route (Line Number) at this stop are below 5 and have been suppressed to reinforce the confidential nature of the data. All values that do not meet the threshold (5) are shown as zero.,Fall 2019,0,0,0,0,0,0,0,27,6,19,0,19,Some boarding or alighting values for this stop (all Lines at this stop) are below 5 and have been suppressed to reinforce the confidential nature of the data. All values that do not meet the threshold (5) are shown as zero.,Fall 2019,Automated Passenger Counting (APC) and Automatic Vehicle Location systems,2019,50360-SB DUNBAR DIVERSION AT W 14 AVE,49.259981,-123.184374,15633,061a03dd-08a7-476f-8ee4-3d1914573775,-13712821.79,6319090.417
50361,SB DUNBAR ST AT W 15 AVE,Vancouver/UBC,Vancouver,32,31,007; 032,Some boarding or alighting values for this route (Line Number) at this stop are below 5 and have been suppressed to reinforce the confidential nature of the data. All values that do not meet the threshold (5) are shown as zero.,Fall 2019,0,6,0,0,0,0,8,66,9,50,0,36,Some boarding or alighting values for this stop (all Lines at this stop) are below 5 and have been suppressed to reinforce the confidential nature of the data. All values that do not meet the threshold (5) are shown as zero.,Fall 2019,Automated Passenger Counting (APC) and Automatic Vehicle Location systems,2019,50361-SB DUNBAR ST AT W 15 AVE,49.258657,-123.184116,15634,97b22d5c-ad14-42c2-b188-22670cc5930f,-13712793.07,6318864.584
50362,SB DUNBAR ST AT W 17 AVE,Vancouver/UBC,Vancouver,32,33,007; 025; 032,Some boarding or alighting values for this route (Line Number) at this stop are below 5 and have been suppressed to reinforce the confidential nature of the data. All values that do not meet the threshold (5) are shown as zero.,Fall 2019,6,18,0,0,0,0,216,339,150,258,127,202,,Fall 2019,Automated Passenger Counting (APC) and Automatic Vehicle Location systems,2019,50362-SB DUNBAR ST AT W 17 AVE,49.257067,-123.185245,15635,0e5860b9-bcd2-4e9a-a18b-c451a708d42c,-13712918.75,6318593.387
50363,SB DUNBAR ST AT W 19 AVE,Vancouver/UBC,Vancouver,32,35,007; 025; 032,Some boarding or alighting values for this route (Line Number) at this stop are below 5 and have been suppressed to reinforce the confidential nature of the data. All values that do not meet the threshold (5) are shown as zero.,Fall 2019,0,9,0,0,0,0,90,169,70,114,63,99,,Fall 2019,Automated Passenger Counting (APC) and Automatic Vehicle Location systems,2019,50363-SB DUNBAR ST AT W 19 AVE,49.255265,-123.185267,15636,882d55b9-a019-4dfb-a1ab-b99120f67a4b,-13712921.2,6318286.042
50364,SB DUNBAR ST AT W 21 AVE,Vancouver/UBC,Vancouver,32,37,007; 025; 032,Some boarding or alighting values for this route (Line Number) at this stop are below 5 and have been suppressed to reinforce the confidential nature of the data. All values that do not meet the threshold (5) are shown as zero.,Fall 2019,0,6,0,0,0,0,61,167,47,100,41,82,,Fall 2019,Automated Passenger Counting (APC) and Automatic Vehicle Location systems,2019,50364-SB DUNBAR ST AT W 21 AVE,49.253446,-123.18526,15637,088f1f00-779d-4c32-9eea-e58484f704e1,-13712920.42,6317975.808
50365,SB DUNBAR ST AT W 23 AVE,Vancouver/UBC,Vancouver,32,39,007; 025; 032,Some boarding or alighting values for this route (Line Number) at this stop are below 5 and have been suppressed to reinforce the confidential nature of the data. All values that do not meet the threshold (5) are shown as zero.,Fall 2019,0,5,0,0,0,0,48,143,45,92,25,63,,Fall 2019,Automated Passenger Counting (APC) and Automatic Vehicle Location systems,2019,50365-SB DUNBAR ST AT W 23 AVE,49.251683,-123.185301,15638,60878a0e-260a-4268-b672-8ac492e66c40,-13712924.98,6317675.136
50366,SB DUNBAR ST AT W KING EDWARD AVE,Vancouver/UBC,Vancouver,32,41,007; 032,Some boarding or alighting values for this route (Line Number) at this stop are below 5 and have been suppressed to reinforce the confidential nature of the data. All values that do not meet the threshold (5) are shown as zero.,Fall 2019,0,9,0,0,0,0,25,95,20,98,14,60,,Fall 2019,Automated Passenger Counting (APC) and Automatic Vehicle Location systems,2019,50366-SB DUNBAR ST AT W KING EDWARD AVE,49.249684,-123.185302,15639,a364f1f0-11ee-42de-8d53-aa0583879be5,-13712925.09,6317334.228
50367,SB DUNBAR ST AT W 27 AVE,Vancouver/UBC,Vancouver,32,43,007; 032,Some boarding or alighting values for this route (Line Number) at this stop are below 5 and have been suppressed to reinforce the confidential nature of the data. All values that do not meet the threshold (5) are shown as zero.,Fall 2019,0,13,0,0,0,0,37,137,28,110,29,87,,Fall 2019,Automated Passenger Counting (APC) and Automatic Vehicle Location systems,2019,50367-SB DUNBAR ST AT W 27 AVE,49.247813,-123.185322,15640,a4b42a24-53db-4a07-9d2f-8f74abd775f3,-13712927.32,6317015.163
50368,SB DUNBAR ST AT W 29 AVE,Vancouver/UBC,Vancouver,32,45,007; 032,Some boarding or alighting values for this route (Line Number) at this stop are below 5 and have been suppressed to reinforce the confidential nature of the data. All values that do not meet the threshold (5) are shown as zero.,Fall 2019,5,14,0,0,0,0,55,146,55,107,43,86,,Fall 2019,Automated Passenger Counting (APC) and Automatic Vehicle Location systems,2019,50368-SB DUNBAR ST AT W 29 AVE,49.245928,-123.185332,15641,5875ab08-0443-47b8-bd35-c34e7279ec3d,-13712928.43,6316693.721
50369,SB DUNBAR ST AT W 31 AVE,Vancouver/UBC,Vancouver,32,49,007; 032,Some boarding or alighting values for this route (Line Number) at this stop are below 5 and have been suppressed to reinforce the confidential nature of the data. All values that do not meet the threshold (5) are shown as zero.,Fall 2019,0,10,0,0,0,0,38,98,25,72,19,60,,Fall 2019,Automated Passenger Counting (APC) and Automatic Vehicle Location systems,2019,50369-SB DUNBAR ST AT W 31 AVE,49.243962,-123.185351,15642,6f262cc5-0aa1-4c49-8e92-9b7893f84121,-13712930.55,6316358.48
50370,SB DUNBAR ST AT W 33 AVE,Vancouver/UBC,Vancouver,32,50,007; 032,Some boarding or alighting values for this route (Line Number) at this stop are below 5 and have been suppressed to reinforce the confidential nature of the data. All values that do not meet the threshold (5) are shown as zero.,Fall 2019,0,6,0,0,0,0,24,60,16,49,8,37,,Fall 2019,Automated Passenger Counting (APC) and Automatic Vehicle Location systems,2019,50370-SB DUNBAR ST AT W 33 AVE,49.242056,-123.185368,15643,aebf1f23-df4f-4cdf-a55a-5fcebbe43a8c,-13712932.44,6316033.483
50371,SB DUNBAR ST AT W 35 AVE,Vancouver/UBC,Vancouver,32,52,007; 032,Some boarding or alighting values for this route (Line Number) at this stop are below 5 and have been suppressed to reinforce the confidential nature of the data. All values that do not meet the threshold (5) are shown as zero.,Fall 2019,0,5,0,0,0,0,8,51,5,47,0,41,Some boarding or alighting values for this stop (all Lines at this stop) are below 5 and have been suppressed to reinforce the confidential nature of the data. All values that do not meet the threshold (5) are shown as zero.,Fall 2019,Automated Passenger Counting (APC) and Automatic Vehicle Location systems,2019,50371-SB DUNBAR ST AT W 35 AVE,49.240149,-123.185397,15644,0932631e-3638-48dd-889a-7c91dbf28c76,-13712935.67,6315708.329
50372,SB DUNBAR ST AT W 37 AVE,Vancouver/UBC,Vancouver,32,55,007; 032,Some boarding or alighting values for this route (Line Number) at this stop are below 5 and have been suppressed to reinforce the confidential nature of the data. All values that do not meet the threshold (5) are shown as zero.,Fall 2019,0,0,0,0,0,0,0,48,0,48,0,31,Some boarding or alighting values for this stop (all Lines at this stop) are below 5 and have been suppressed to reinforce the confidential nature of the data. All values that do not meet the threshold (5) are shown as zero.,Fall 2019,Automated Passenger Counting (APC) and Automatic Vehicle Location systems,2019,50372-SB DUNBAR ST AT W 37 AVE,49.238349,-123.185425,15645,556b42a7-c074-44d9-8938-7ed7b59cb33f,-13712938.78,6315401.429
50373,SB DUNBAR ST AT W 39 AVE,Vancouver/UBC,Vancouver,32,57,007; 032,Some boarding or alighting values for this route (Line Number) at this stop are below 5 and have been suppressed to reinforce the confidential nature of the data. All values that do not meet the threshold (5) are shown as zero.,Fall 2019,0,0,0,0,0,0,0,64,0,65,0,54,Some boarding or alighting values for this stop (all Lines at this stop) are below 5 and have been suppressed to reinforce the confidential nature of the data. All values that do not meet the threshold (5) are shown as zero.,Fall 2019,Automated Passenger Counting (APC) and Automatic Vehicle Location systems,2019,50373-SB DUNBAR ST AT W 39 AVE,49.236105,-123.18543,15646,a34c1537-08b2-4c6e-82bd-bf30ea9fab67,-13712939.34,6315018.844
50406,EB W PENDER ST AT THURLOW ST,Vancouver/UBC,Vancouver,32,2,019; 032; 209; 210; 211; 214,Some boarding or alighting values for this route (Line Number) at this stop are below 5 and have been suppressed to reinforce the confidential nature of the data. All values that do not meet the threshold (5) are shown as zero.,Fall 2019,26,0,0,0,0,0,198,154,82,108,79,107,,Fall 2019,Automated Passenger Counting (APC) and Automatic Vehicle Location systems,2019,50406-EB W PENDER ST AT THURLOW ST,49.287073,-123.119204,15647,cc34f5b3-1fd8-4e29-9ec0-09eb686aebd9,-13705567.1,6323712.8
50585,WB W 4 AVE AT MACDONALD ST,Vancouver/UBC,Vancouver,32,17,004; 007; 032; 044; 084,Some boarding or alighting values for this route (Line Number) at this stop are below 5 and have been suppressed to reinforce the confidential nature of the data. All values that do not meet the threshold (5) are shown as zero.,Fall 2019,8,12,0,0,0,0,566,534,285,310,201,197,,Fall 2019,Automated Passenger Counting (APC) and Automatic Vehicle Location systems,2019,50585-WB W 4 AVE AT MACDONALD ST,49.268459,-123.168863,15648,9241ae03-2cef-43d6-951b-ac224f05f327,-13711095.11,6320536.643
50640,DUNBAR LOOP,Vancouver/UBC,Vancouver,32,60,002; 007; 032; 041; 049; N22,Some boarding or alighting values for this route (Line Number) at this stop are below 5 and have been suppressed to reinforce the confidential nature of the data. All values that do not meet the threshold (5) are shown as zero.,Fall 2019,0,24,0,0,0,0,646,741,518,577,364,426,,Fall 2019,Automated Passenger Counting (APC) and Automatic Vehicle Location systems,2019,50640-DUNBAR LOOP,49.234593,-123.18575,15649,fde94ff5-2cc7-418e-b677-66eed7c6286e,-13712974.96,6314761.069
50668,NB ALMA ST AT W 7 AVE,Vancouver/UBC,Vancouver,32,19,007; 032; 042,Some boarding or alighting values for this route (Line Number) at this stop are below 5 and have been suppressed to reinforce the confidential nature of the data. All values that do not meet the threshold (5) are shown as zero.,Fall 2019,7,0,0,0,0,0,34,19,23,19,18,18,,Fall 2019,Automated Passenger Counting (APC) and Automatic Vehicle Location systems,2019,50668-NB ALMA ST AT W 7 AVE,49.266385,-123.185659,15650,38e5ae34-1426-47e8-8416-9d3e98eb504b,-13712964.83,6320182.825
50737,SB DUNBAR ST AT W 41 AVE,Vancouver/UBC,Vancouver,32,59,007; 032; 041; 049,Some boarding or alighting values for this route (Line Number) at this stop are below 5 and have been suppressed to reinforce the confidential nature of the data. All values that do not meet the threshold (5) are shown as zero.,Fall 2019,0,15,0,0,0,0,252,373,189,321,159,269,,Fall 2019,Automated Passenger Counting (APC) and Automatic Vehicle Location systems,2019,50737-SB DUNBAR ST AT W 41 AVE,49.234424,-123.185469,15651,a13d55de-e31a-48fe-8fea-bd88835b2daa,-13712943.68,6314732.257
60197,SB BURRARD ST AT HARWOOD ST,Vancouver/UBC,Vancouver,32,71,002; 032; N22,Some boarding or alighting values for this route (Line Number) at this stop are below 5 and have been suppressed to reinforce the confidential nature of the data. All values that do not meet the threshold (5) are shown as zero.,Fall 2019,5,9,0,0,0,0,243,452,192,262,139,205,,Fall 2019,Automated Passenger Counting (APC) and Automatic Vehicle Location systems,2019,60197-SB BURRARD ST AT HARWOOD ST,49.277837,-123.131265,15652,d260dc15-3299-4675-92c5-84d701e1d368,-13706909.72,6322136.687
60269,NB BURRARD ST AT SMITHE ST,Vancouver/UBC,Vancouver,32,53,002; 032; N22,Some boarding or alighting values for this route (Line Number) at this stop are below 5 and have been suppressed to reinforce the confidential nature of the data. All values that do not meet the threshold (5) are shown as zero.,Fall 2019,0,10,0,0,0,0,61,300,37,319,27,199,,Fall 2019,Automated Passenger Counting (APC) and Automatic Vehicle Location systems,2019,60269-NB BURRARD ST AT SMITHE ST,49.282359,-123.124019,15653,b1d12497-5c8a-4ca8-8afb-eebec083c717,-13706103.1,6322908.325
61759,NB BURRARD ST AT COMOX ST,Vancouver/UBC,Vancouver,32,51,002; 032; 044; N22,Some boarding or alighting values for this route (Line Number) at this stop are below 5 and have been suppressed to reinforce the confidential nature of the data. All values that do not meet the threshold (5) are shown as zero.,Fall 2019,7,17,0,0,0,0,724,683,235,257,197,206,,Fall 2019,Automated Passenger Counting (APC) and Automatic Vehicle Location systems,2019,61759-NB BURRARD ST AT COMOX ST,49.280758,-123.126431,15654,527282e8-a6ac-4ce5-a215-f074086ccaa2,-13706371.6,6322635.12
61809,EB CORNWALL AVE AT TRAFALGAR ST,Vancouver/UBC,Vancouver,32,29,002; 032; N22,Some boarding or alighting values for this route (Line Number) at this stop are below 5 and have been suppressed to reinforce the confidential nature of the data. All values that do not meet the threshold (5) are shown as zero.,Fall 2019,0,0,0,0,0,0,70,27,41,19,27,17,,Fall 2019,Automated Passenger Counting (APC) and Automatic Vehicle Location systems,2019,61809-EB CORNWALL AVE AT TRAFALGAR ST,49.272658,-123.163937,15655,4ac37265-bdc1-4cf2-98ad-4f7d2726da51,-13710546.75,6321253.025
53162,NB JOHNSON ST AT PACKARD AVE,Northeast Sector,Coquitlam,150,23,,Some boarding or alighting values for this route (Line Number) at this stop are below 5 and have been suppressed to reinforce the confidential nature of the data. All values that do not meet the threshold (5) are shown as zero.,Summer 2019,9,0,0,0,14,0,0,0,0,0,0,0,Some boarding or alighting values for this stop (all Lines at this stop) are below 5 and have been suppressed to reinforce the confidential nature of the data. All values that do not meet the threshold (5) are shown as zero.,None,Automated Passenger Counting (APC) and Automatic Vehicle Location systems,2019,53162-NB JOHNSON ST AT PACKARD AVE,49.279703,-122.801564,17799,2e57ed4d-5a24-4294-ae40-7a9d878e0e7d,-13670207.57,6322455.094
53163,NB JOHNSON ST AT GLEN DR,Northeast Sector,Coquitlam,150,31,,Some boarding or alighting values for this route (Line Number) at this stop are below 5 and have been suppressed to reinforce the confidential nature of the data. All values that do not meet the threshold (5) are shown as zero.,Summer 2019,11,0,0,0,21,0,0,0,0,0,0,0,Some boarding or alighting values for this stop (all Lines at this stop) are below 5 and have been suppressed to reinforce the confidential nature of the data. All values that do not meet the threshold (5) are shown as zero.,None,Automated Passenger Counting (APC) and Automatic Vehicle Location systems,2019,53163-NB JOHNSON ST AT GLEN DR,49.283095,-122.801558,17800,eb872396-f98a-4648-a426-b560cb7399f6,-13670206.91,6323033.923
53227,WB UNGLESS WAY AT GUILDFORD WAY,Northeast Sector,Port Moody,150,2,,Some boarding or alighting values for this route (Line Number) at this stop are below 5 and have been suppressed to reinforce the confidential nature of the data. All values that do not meet the threshold (5) are shown as zero.,Summer 2019,0,0,0,0,0,0,0,0,0,0,0,0,Some boarding or alighting values for this stop (all Lines at this stop) are below 5 and have been suppressed to reinforce the confidential nature of the data. All values that do not meet the threshold (5) are shown as zero.,None,Automated Passenger Counting (APC) and Automatic Vehicle Location systems,2019,53227-WB UNGLESS WAY AT GUILDFORD WAY,49.283995,-122.824236,17801,d3aec589-debc-4536-a5a6-37103b387183,-13672731.41,6323187.51
53228,WB UNGLESS WAY AT NOONS CREEK DR,Northeast Sector,Port Moody,150,4,,Some boarding or alighting values for this route (Line Number) at this stop are below 5 and have been suppressed to reinforce the confidential nature of the data. All values that do not meet the threshold (5) are shown as zero.,Summer 2019,17,0,0,0,20,0,0,0,0,0,0,0,Some boarding or alighting values for this stop (all Lines at this stop) are below 5 and have been suppressed to reinforce the confidential nature of the data. All values that do not meet the threshold (5) are shown as zero.,None,Automated Passenger Counting (APC) and Automatic Vehicle Location systems,2019,53228-WB UNGLESS WAY AT NOONS CREEK DR,49.284375,-122.827603,17802,73b70562-0b2d-4918-930c-79926a962b2e,-13673106.22,6323252.359
53231,WB IOCO RD AT METTA ST,Northeast Sector,Port Moody,150,6,,Some boarding or alighting values for this route (Line Number) at this stop are below 5 and have been suppressed to reinforce the confidential nature of the data. All values that do not meet the threshold (5) are shown as zero.,Summer 2019,0,0,0,0,0,0,0,0,0,0,0,0,Some boarding or alighting values for this stop (all Lines at this stop) are below 5 and have been suppressed to reinforce the confidential nature of the data. All values that do not meet the threshold (5) are shown as zero.,None,Automated Passenger Counting (APC) and Automatic Vehicle Location systems,2019,53231-WB IOCO RD AT METTA ST,49.286494,-122.834973,17803,806fa2f8-3a44-4db0-9e3e-fc5100724e62,-13673926.65,6323613.986
53232,WB IOCO RD AT HARBOUR PL,Northeast Sector,Port Moody,150,9,,Some boarding or alighting values for this route (Line Number) at this stop are below 5 and have been suppressed to reinforce the confidential nature of the data. All values that do not meet the threshold (5) are shown as zero.,Summer 2019,0,0,0,0,0,0,0,0,0,0,0,0,Some boarding or alighting values for this stop (all Lines at this stop) are below 5 and have been suppressed to reinforce the confidential nature of the data. All values that do not meet the threshold (5) are shown as zero.,None,Automated Passenger Counting (APC) and Automatic Vehicle Location systems,2019,53232-WB IOCO RD AT HARBOUR PL,49.288036,-122.838341,17804,d1d677c9-eff1-43d7-b68e-db586f76db6a,-13674301.57,6323877.152
53233,WB IOCO RD AT MERCIER RD,Northeast Sector,Port Moody,150,11,,Some boarding or alighting values for this route (Line Number) at this stop are below 5 and have been suppressed to reinforce the confidential nature of the data. All values that do not meet the threshold (5) are shown as zero.,Summer 2019,0,0,0,0,0,0,0,0,0,0,0,0,Some boarding or alighting values for this stop (all Lines at this stop) are below 5 and have been suppressed to reinforce the confidential nature of the data. All values that do not meet the threshold (5) are shown as zero.,None,Automated Passenger Counting (APC) and Automatic Vehicle Location systems,2019,53233-WB IOCO RD AT MERCIER RD,49.289952,-122.842591,17805,5f6102fd-3cfc-4b49-9eb7-7d937cf60669,-13674774.68,6324204.159
53234,WB IOCO RD AT KICKING HORSE WAY,Northeast Sector,Port Moody,150,13,,Some boarding or alighting values for this route (Line Number) at this stop are below 5 and have been suppressed to reinforce the confidential nature of the data. All values that do not meet the threshold (5) are shown as zero.,Summer 2019,0,0,0,0,0,0,0,0,0,0,0,0,Some boarding or alighting values for this stop (all Lines at this stop) are below 5 and have been suppressed to reinforce the confidential nature of the data. All values that do not meet the threshold (5) are shown as zero.,None,Automated Passenger Counting (APC) and Automatic Vehicle Location systems,2019,53234-WB IOCO RD AT KICKING HORSE WAY,49.291117,-122.846162,17806,b5023bfd-8609-4312-8306-c4e8fb49faa0,-13675172.2,6324402.997
53235,WB IOCO RD AT BARBER ST,Northeast Sector,Port Moody,150,19,,Some boarding or alighting values for this route (Line Number) at this stop are below 5 and have been suppressed to reinforce the confidential nature of the data. All values that do not meet the threshold (5) are shown as zero.,Summer 2019,0,0,0,0,0,0,0,0,0,0,0,0,Some boarding or alighting values for this stop (all Lines at this stop) are below 5 and have been suppressed to reinforce the confidential nature of the data. All values that do not meet the threshold (5) are shown as zero.,None,Automated Passenger Counting (APC) and Automatic Vehicle Location systems,2019,53235-WB IOCO RD AT BARBER ST,49.294436,-122.856085,17807,7113d4bd-049d-4b8b-96fd-df0aa70daddc,-13676276.82,6324969.5
53236,WB IOCO RD AT 1100 BLOCK,Northeast Sector,Port Moody,150,21,,Some boarding or alighting values for this route (Line Number) at this stop are below 5 and have been suppressed to reinforce the confidential nature of the data. All values that do not meet the threshold (5) are shown as zero.,Summer 2019,0,0,0,0,0,0,0,0,0,0,0,0,Some boarding or alighting values for this stop (all Lines at this stop) are below 5 and have been suppressed to reinforce the confidential nature of the data. All values that do not meet the threshold (5) are shown as zero.,None,Automated Passenger Counting (APC) and Automatic Vehicle Location systems,2019,53236-WB IOCO RD AT 1100 BLOCK,49.296265,-122.860284,17808,9a919cc5-7176-4294-a51a-cf2e6f2b2aff,-13676744.25,6325281.698
53237,WB IOCO RD AT APRIL RD,Northeast Sector,Port Moody,150,25,,Some boarding or alighting values for this route (Line Number) at this stop are below 5 and have been suppressed to reinforce the confidential nature of the data. All values that do not meet the threshold (5) are shown as zero.,Summer 2019,0,0,0,0,6,0,0,0,0,0,0,0,Some boarding or alighting values for this stop (all Lines at this stop) are below 5 and have been suppressed to reinforce the confidential nature of the data. All values that do not meet the threshold (5) are shown as zero.,None,Automated Passenger Counting (APC) and Automatic Vehicle Location systems,2019,53237-WB IOCO RD AT APRIL RD,49.299031,-122.864416,17809,2f69402f-8ea5-4255-9a2f-e04d380203cc,-13677204.23,6325753.859
53238,NB 1 AVE AT IOCO RD,Northeast Sector,Port Moody,150,27,,Some boarding or alighting values for this route (Line Number) at this stop are below 5 and have been suppressed to reinforce the confidential nature of the data. All values that do not meet the threshold (5) are shown as zero.,Summer 2019,0,0,0,0,14,0,0,0,0,0,0,0,Some boarding or alighting values for this stop (all Lines at this stop) are below 5 and have been suppressed to reinforce the confidential nature of the data. All values that do not meet the threshold (5) are shown as zero.,None,Automated Passenger Counting (APC) and Automatic Vehicle Location systems,2019,53238-NB 1 AVE AT IOCO RD,49.303024,-122.873386,17810,c99b53ec-5739-4066-b1e9-4f00a79fc572,-13678202.76,6326435.517
53249,WHITE PINE BEACH,Northeast Sector,Port Moody,150,7,,Some boarding or alighting values for this route (Line Number) at this stop are below 5 and have been suppressed to reinforce the confidential nature of the data. All values that do not meet the threshold (5) are shown as zero.,Summer 2019,136,144,0,0,233,323,0,0,0,0,0,0,Some boarding or alighting values for this stop (all Lines at this stop) are below 5 and have been suppressed to reinforce the confidential nature of the data. All values that do not meet the threshold (5) are shown as zero.,None,Automated Passenger Counting (APC) and Automatic Vehicle Location systems,2019,53249-WHITE PINE BEACH,49.323873,-122.88605,17811,cdca3082-3c27-4daf-a0c6-dcb802b0dffe,-13679612.51,6329995.614
53255,EB IOCO RD AT ALDERSIDE RD,Northeast Sector,Port Moody,150,35,,Some boarding or alighting values for this route (Line Number) at this stop are below 5 and have been suppressed to reinforce the confidential nature of the data. All values that do not meet the threshold (5) are shown as zero.,Summer 2019,5,0,0,0,0,0,0,0,0,0,0,0,Some boarding or alighting values for this stop (all Lines at this stop) are below 5 and have been suppressed to reinforce the confidential nature of the data. All values that do not meet the threshold (5) are shown as zero.,None,Automated Passenger Counting (APC) and Automatic Vehicle Location systems,2019,53255-EB IOCO RD AT ALDERSIDE RD,49.299217,-122.865033,17812,2d22b54e-bb96-457b-a9ee-6a3d41bc3840,-13677272.91,6325785.61
53256,EB IOCO RD AT 1100 BLOCK,Northeast Sector,Port Moody,150,37,,Some boarding or alighting values for this route (Line Number) at this stop are below 5 and have been suppressed to reinforce the confidential nature of the data. All values that do not meet the threshold (5) are shown as zero.,Summer 2019,0,0,0,0,0,0,0,0,0,0,0,0,Some boarding or alighting values for this stop (all Lines at this stop) are below 5 and have been suppressed to reinforce the confidential nature of the data. All values that do not meet the threshold (5) are shown as zero.,None,Automated Passenger Counting (APC) and Automatic Vehicle Location systems,2019,53256-EB IOCO RD AT 1100 BLOCK,49.297029,-122.861479,17813,06ae49f1-5402-485e-b9c5-ca8a951472e3,-13676877.28,6325412.112
53257,EB IOCO RD AT BARBER ST,Northeast Sector,Port Moody,150,39,,Some boarding or alighting values for this route (Line Number) at this stop are below 5 and have been suppressed to reinforce the confidential nature of the data. All values that do not meet the threshold (5) are shown as zero.,Summer 2019,0,0,0,0,0,0,0,0,0,0,0,0,Some boarding or alighting values for this stop (all Lines at this stop) are below 5 and have been suppressed to reinforce the confidential nature of the data. All values that do not meet the threshold (5) are shown as zero.,None,Automated Passenger Counting (APC) and Automatic Vehicle Location systems,2019,53257-EB IOCO RD AT BARBER ST,49.294153,-122.85563,17814,f4ea6b75-6e87-46da-96cd-2d07e60c243d,-13676226.17,6324921.194
53258,EB IOCO RD AT BENTLEY RD,Northeast Sector,Port Moody,150,43,,Some boarding or alighting values for this route (Line Number) at this stop are below 5 and have been suppressed to reinforce the confidential nature of the data. All values that do not meet the threshold (5) are shown as zero.,Summer 2019,0,0,0,0,0,0,0,0,0,0,0,0,Some boarding or alighting values for this stop (all Lines at this stop) are below 5 and have been suppressed to reinforce the confidential nature of the data. All values that do not meet the threshold (5) are shown as zero.,None,Automated Passenger Counting (APC) and Automatic Vehicle Location systems,2019,53258-EB IOCO RD AT BENTLEY RD,49.290987,-122.845367,17815,7006fb3b-327f-46e8-9eb7-2637a5f6e323,-13675083.7,6324380.809
53260,EB IOCO RD AT SAN REMO DR,Northeast Sector,Port Moody,150,3,,Some boarding or alighting values for this route (Line Number) at this stop are below 5 and have been suppressed to reinforce the confidential nature of the data. All values that do not meet the threshold (5) are shown as zero.,Summer 2019,0,0,0,0,0,0,0,0,0,0,0,0,Some boarding or alighting values for this stop (all Lines at this stop) are below 5 and have been suppressed to reinforce the confidential nature of the data. All values that do not meet the threshold (5) are shown as zero.,None,Automated Passenger Counting (APC) and Automatic Vehicle Location systems,2019,53260-EB IOCO RD AT SAN REMO DR,49.289561,-122.842305,17816,317bb3a7-06db-4e0f-a96b-5d1bffe34393,-13674742.84,6324137.425
53261,EB IOCO RD AT CAMPBELL RD,Northeast Sector,Port Moody,150,5,,Some boarding or alighting values for this route (Line Number) at this stop are below 5 and have been suppressed to reinforce the confidential nature of the data. All values that do not meet the threshold (5) are shown as zero.,Summer 2019,0,0,0,0,0,0,0,0,0,0,0,0,Some boarding or alighting values for this stop (all Lines at this stop) are below 5 and have been suppressed to reinforce the confidential nature of the data. All values that do not meet the threshold (5) are shown as zero.,None,Automated Passenger Counting (APC) and Automatic Vehicle Location systems,2019,53261-EB IOCO RD AT CAMPBELL RD,49.287883,-122.83809,17817,ac4aa35e-a80d-432d-a1a0-efac0bf88017,-13674273.63,6323851.04
53262,EB IOCO RD AT METTA LANE,Northeast Sector,Port Moody,150,8,,Some boarding or alighting values for this route (Line Number) at this stop are below 5 and have been suppressed to reinforce the confidential nature of the data. All values that do not meet the threshold (5) are shown as zero.,Summer 2019,0,0,0,0,0,0,0,0,0,0,0,0,Some boarding or alighting values for this stop (all Lines at this stop) are below 5 and have been suppressed to reinforce the confidential nature of the data. All values that do not meet the threshold (5) are shown as zero.,None,Automated Passenger Counting (APC) and Automatic Vehicle Location systems,2019,53262-EB IOCO RD AT METTA LANE,49.28635,-122.835058,17818,cd561d35-2e5f-4927-a8a2-e661d762fd5b,-13673936.11,6323589.411
53263,EB IOCO RD AT KNOWLE ST,Northeast Sector,Port Moody,150,10,,Some boarding or alighting values for this route (Line Number) at this stop are below 5 and have been suppressed to reinforce the confidential nature of the data. All values that do not meet the threshold (5) are shown as zero.,Summer 2019,0,10,0,0,0,0,0,0,0,0,0,0,Some boarding or alighting values for this stop (all Lines at this stop) are below 5 and have been suppressed to reinforce the confidential nature of the data. All values that do not meet the threshold (5) are shown as zero.,None,Automated Passenger Counting (APC) and Automatic Vehicle Location systems,2019,53263-EB IOCO RD AT KNOWLE ST,49.283936,-122.829596,17819,7c0d7ed3-34b7-4797-ac27-8035959622e5,-13673328.08,6323177.442
53264,EB UNGLESS WAY AT IOCO RD,Northeast Sector,Port Moody,150,12,,Some boarding or alighting values for this route (Line Number) at this stop are below 5 and have been suppressed to reinforce the confidential nature of the data. All values that do not meet the threshold (5) are shown as zero.,Summer 2019,0,13,0,0,5,10,0,0,0,0,0,0,Some boarding or alighting values for this stop (all Lines at this stop) are below 5 and have been suppressed to reinforce the confidential nature of the data. All values that do not meet the threshold (5) are shown as zero.,None,Automated Passenger Counting (APC) and Automatic Vehicle Location systems,2019,53264-EB UNGLESS WAY AT IOCO RD,49.28425,-122.827325,17820,55165147-327e-4997-8d6b-5580e9606f03,-13673075.27,6323231.027
53279,WB GUILDFORD WAY AT LANSDOWNE DR,Northeast Sector,Coquitlam,150,38,,Some boarding or alighting values for this route (Line Number) at this stop are below 5 and have been suppressed to reinforce the confidential nature of the data. All values that do not meet the threshold (5) are shown as zero.,Summer 2019,0,0,0,0,0,0,0,0,0,0,0,0,Some boarding or alighting values for this stop (all Lines at this stop) are below 5 and have been suppressed to reinforce the confidential nature of the data. All values that do not meet the threshold (5) are shown as zero.,None,Automated Passenger Counting (APC) and Automatic Vehicle Location systems,2019,53279-WB GUILDFORD WAY AT LANSDOWNE DR,49.284287,-122.810431,17821,568903cb-3465-4a6f-88a1-de2e02a69efe,-13671194.64,6323237.341
53280,WB GUILDFORD WAY AT FALCON DR,Northeast Sector,Coquitlam,150,41,,Some boarding or alighting values for this route (Line Number) at this stop are below 5 and have been suppressed to reinforce the confidential nature of the data. All values that do not meet the threshold (5) are shown as zero.,Summer 2019,0,0,0,0,0,0,0,0,0,0,0,0,Some boarding or alighting values for this stop (all Lines at this stop) are below 5 and have been suppressed to reinforce the confidential nature of the data. All values that do not meet the threshold (5) are shown as zero.,None,Automated Passenger Counting (APC) and Automatic Vehicle Location systems,2019,53280-WB GUILDFORD WAY AT FALCON DR,49.28477,-122.8189,17822,60a4332c-aa40-46de-ab37-8ee1b1b0cfef,-13672137.41,6323319.768
53281,WB GUILDFORD WAY AT EAGLE RIDGE HOSPITAL,Northeast Sector,Port Moody,150,44,,Some boarding or alighting values for this route (Line Number) at this stop are below 5 and have been suppressed to reinforce the confidential nature of the data. All values that do not meet the threshold (5) are shown as zero.,Summer 2019,0,0,0,0,0,0,0,0,0,0,0,0,Some boarding or alighting values for this stop (all Lines at this stop) are below 5 and have been suppressed to reinforce the confidential nature of the data. All values that do not meet the threshold (5) are shown as zero.,None,Automated Passenger Counting (APC) and Automatic Vehicle Location systems,2019,53281-WB GUILDFORD WAY AT EAGLE RIDGE HOSPITAL,49.284341,-122.822202,17823,50346873-5e9c-4c5c-ac74-3974581b631c,-13672504.98,6323246.557
53296,EB GUILDFORD WAY AT FALCON DR,Northeast Sector,Coquitlam,150,15,,Some boarding or alighting values for this route (Line Number) at this stop are below 5 and have been suppressed to reinforce the confidential nature of the data. All values that do not meet the threshold (5) are shown as zero.,Summer 2019,0,0,0,0,0,0,0,0,0,0,0,0,Some boarding or alighting values for this stop (all Lines at this stop) are below 5 and have been suppressed to reinforce the confidential nature of the data. All values that do not meet the threshold (5) are shown as zero.,None,Automated Passenger Counting (APC) and Automatic Vehicle Location systems,2019,53296-EB GUILDFORD WAY AT FALCON DR,49.284284,-122.81816,17824,aeae8ab2-763a-46e9-a78c-ac23c6f7f6fe,-13672055.03,6323236.829
53297,EB GUILDFORD WAY AT EAGLERIDGE DR,Northeast Sector,Coquitlam,150,17,,Some boarding or alighting values for this route (Line Number) at this stop are below 5 and have been suppressed to reinforce the confidential nature of the data. All values that do not meet the threshold (5) are shown as zero.,Summer 2019,0,0,0,0,0,0,0,0,0,0,0,0,Some boarding or alighting values for this stop (all Lines at this stop) are below 5 and have been suppressed to reinforce the confidential nature of the data. All values that do not meet the threshold (5) are shown as zero.,None,Automated Passenger Counting (APC) and Automatic Vehicle Location systems,2019,53297-EB GUILDFORD WAY AT EAGLERIDGE DR,49.283443,-122.81231,17825,bbc5fd52-deca-4b27-b517-c20ac31f62c1,-13671403.81,6323093.31
53298,EB GUILDFORD WAY AT LANSDOWNE DR,Northeast Sector,Coquitlam,150,20,,Some boarding or alighting values for this route (Line Number) at this stop are below 5 and have been suppressed to reinforce the confidential nature of the data. All values that do not meet the threshold (5) are shown as zero.,Summer 2019,8,0,0,0,0,0,0,0,0,0,0,0,Some boarding or alighting values for this stop (all Lines at this stop) are below 5 and have been suppressed to reinforce the confidential nature of the data. All values that do not meet the threshold (5) are shown as zero.,None,Automated Passenger Counting (APC) and Automatic Vehicle Location systems,2019,53298-EB GUILDFORD WAY AT LANSDOWNE DR,49.284404,-122.80902,17826,9f1aee14-a156-400a-9bba-5c6e3e7e9e30,-13671037.57,6323257.308
53730,COQUITLAM CENTRAL STN BAY 12,Northeast Sector,Coquitlam,150,1,,Some boarding or alighting values for this route (Line Number) at this stop are below 5 and have been suppressed to reinforce the confidential nature of the data. All values that do not meet the threshold (5) are shown as zero.,Summer 2019,98,0,0,0,251,0,0,0,0,0,0,0,Some boarding or alighting values for this stop (all Lines at this stop) are below 5 and have been suppressed to reinforce the confidential nature of the data. All values that do not meet the threshold (5) are shown as zero.,None,Automated Passenger Counting (APC) and Automatic Vehicle Location systems,2019,53730-COQUITLAM CENTRAL STN BAY 12,49.275845,-122.798427,17827,9c94d572-83a4-45d5-ab49-93b0f922fec1,-13669858.36,6321796.793
53745,WB GUILDFORD WAY AT JOHNSON ST,Northeast Sector,Coquitlam,150,33,,Some boarding or alighting values for this route (Line Number) at this stop are below 5 and have been suppressed to reinforce the confidential nature of the data. All values that do not meet the threshold (5) are shown as zero.,Summer 2019,5,0,0,0,0,0,0,0,0,0,0,0,Some boarding or alighting values for this stop (all Lines at this stop) are below 5 and have been suppressed to reinforce the confidential nature of the data. All values that do not meet the threshold (5) are shown as zero.,None,Automated Passenger Counting (APC) and Automatic Vehicle Location systems,2019,53745-WB GUILDFORD WAY AT JOHNSON ST,49.285241,-122.802333,17828,3164970d-5c3b-40a2-af2b-76a11e2e0abd,-13670293.18,6323400.148
53746,WB GUILDFORD WAY AT 2800 BLOCK,Northeast Sector,Coquitlam,150,36,,Some boarding or alighting values for this route (Line Number) at this stop are below 5 and have been suppressed to reinforce the confidential nature of the data. All values that do not meet the threshold (5) are shown as zero.,Summer 2019,0,0,0,0,0,0,0,0,0,0,0,0,Some boarding or alighting values for this stop (all Lines at this stop) are below 5 and have been suppressed to reinforce the confidential nature of the data. All values that do not meet the threshold (5) are shown as zero.,None,Automated Passenger Counting (APC) and Automatic Vehicle Location systems,2019,53746-WB GUILDFORD WAY AT 2800 BLOCK,49.285021,-122.806025,17829,fe684c66-a085-481a-ad78-2eda63f3864c,-13670704.17,6323362.603
53747,WB GUILDFORD WAY AT EAGLERIDGE DR,Northeast Sector,Coquitlam,150,40,,Some boarding or alighting values for this route (Line Number) at this stop are below 5 and have been suppressed to reinforce the confidential nature of the data. All values that do not meet the threshold (5) are shown as zero.,Summer 2019,0,0,0,0,0,0,0,0,0,0,0,0,Some boarding or alighting values for this stop (all Lines at this stop) are below 5 and have been suppressed to reinforce the confidential nature of the data. All values that do not meet the threshold (5) are shown as zero.,None,Automated Passenger Counting (APC) and Automatic Vehicle Location systems,2019,53747-WB GUILDFORD WAY AT EAGLERIDGE DR,49.283489,-122.813271,17830,6d3ce5d1-b7ff-4f73-bf91-1d29908589b6,-13671510.79,6323101.16
53864,COQUITLAM CENTRAL STN BAY 10,Northeast Sector,Coquitlam,150,29,,Some boarding or alighting values for this route (Line Number) at this stop are below 5 and have been suppressed to reinforce the confidential nature of the data. All values that do not meet the threshold (5) are shown as zero.,Summer 2019,0,105,0,0,0,155,0,0,0,0,0,0,Some boarding or alighting values for this stop (all Lines at this stop) are below 5 and have been suppressed to reinforce the confidential nature of the data. All values that do not meet the threshold (5) are shown as zero.,None,Automated Passenger Counting (APC) and Automatic Vehicle Location systems,2019,53864-COQUITLAM CENTRAL STN BAY 10,49.275476,-122.798723,17831,ae909c68-b2bd-40c6-97d0-38ea221e7236,-13669891.31,6321733.832
53931,SB JOHNSON ST AT GUILDFORD WAY,Northeast Sector,Coquitlam,150,22,,Some boarding or alighting values for this route (Line Number) at this stop are below 5 and have been suppressed to reinforce the confidential nature of the data. All values that do not meet the threshold (5) are shown as zero.,Summer 2019,0,5,0,0,0,0,0,0,0,0,0,0,Some boarding or alighting values for this stop (all Lines at this stop) are below 5 and have been suppressed to reinforce the confidential nature of the data. All values that do not meet the threshold (5) are shown as zero.,None,Automated Passenger Counting (APC) and Automatic Vehicle Location systems,2019,53931-SB JOHNSON ST AT GUILDFORD WAY,49.284778,-122.801761,17832,186ec394-264c-428b-a60d-298aa86698ae,-13670229.5,6323321.133
53932,SB JOHNSON ST AT GLEN DR,Northeast Sector,Coquitlam,150,26,,Some boarding or alighting values for this route (Line Number) at this stop are below 5 and have been suppressed to reinforce the confidential nature of the data. All values that do not meet the threshold (5) are shown as zero.,Summer 2019,0,8,0,0,0,14,0,0,0,0,0,0,Some boarding or alighting values for this stop (all Lines at this stop) are below 5 and have been suppressed to reinforce the confidential nature of the data. All values that do not meet the threshold (5) are shown as zero.,None,Automated Passenger Counting (APC) and Automatic Vehicle Location systems,2019,53932-SB JOHNSON ST AT GLEN DR,49.282374,-122.801827,17833,efef7fd7-7fc0-4b88-82ba-0be35cb802b9,-13670236.85,6322910.884
53933,SB JOHNSON ST AT PACKARD AVE,Northeast Sector,Coquitlam,150,28,,Some boarding or alighting values for this route (Line Number) at this stop are below 5 and have been suppressed to reinforce the confidential nature of the data. All values that do not meet the threshold (5) are shown as zero.,Summer 2019,0,11,0,0,0,33,0,0,0,0,0,0,Some boarding or alighting values for this stop (all Lines at this stop) are below 5 and have been suppressed to reinforce the confidential nature of the data. All values that do not meet the threshold (5) are shown as zero.,None,Automated Passenger Counting (APC) and Automatic Vehicle Location systems,2019,53933-SB JOHNSON ST AT PACKARD AVE,49.279617,-122.801818,17834,c4d47146-1611-481d-8abb-efad574db3a2,-13670235.85,6322440.419
58226,EB GUILDFORD WAY AT UNGLESS WAY,Northeast Sector,Port Moody,150,14,,Some boarding or alighting values for this route (Line Number) at this stop are below 5 and have been suppressed to reinforce the confidential nature of the data. All values that do not meet the threshold (5) are shown as zero.,Summer 2019,0,0,0,0,0,0,0,0,0,0,0,0,Some boarding or alighting values for this stop (all Lines at this stop) are below 5 and have been suppressed to reinforce the confidential nature of the data. All values that do not meet the threshold (5) are shown as zero.,None,Automated Passenger Counting (APC) and Automatic Vehicle Location systems,2019,58226-EB GUILDFORD WAY AT UNGLESS WAY,49.283751,-122.822697,17835,45279dd9-cae1-4ac8-a7a8-e2c0099faedc,-13672560.09,6323145.871
58977,FLAGSTOP EB BEDWELL BAY RD AT 2000 BLOCK,Northeast Sector,Port Moody,150,24,,Some boarding or alighting values for this route (Line Number) at this stop are below 5 and have been suppressed to reinforce the confidential nature of the data. All values that do not meet the threshold (5) are shown as zero.,Summer 2019,0,0,0,0,0,0,0,0,0,0,0,0,Some boarding or alighting values for this stop (all Lines at this stop) are below 5 and have been suppressed to reinforce the confidential nature of the data. All values that do not meet the threshold (5) are shown as zero.,None,Automated Passenger Counting (APC) and Automatic Vehicle Location systems,2019,58977-FLAGSTOP EB BEDWELL BAY RD AT 2000 BLOCK,49.314007,-122.883608,17836,d12b658a-b16c-4bd9-932d-69aecd7927fa,-13679340.67,6328310.745
58980,FLAGSTOP WB BEDWELL BAY RD AT 1000 BLOCK,Northeast Sector,Port Moody,150,30,,Some boarding or alighting values for this route (Line Number) at this stop are below 5 and have been suppressed to reinforce the confidential nature of the data. All values that do not meet the threshold (5) are shown as zero.,Summer 2019,0,0,0,0,0,0,0,0,0,0,0,0,Some boarding or alighting values for this stop (all Lines at this stop) are below 5 and have been suppressed to reinforce the confidential nature of the data. All values that do not meet the threshold (5) are shown as zero.,None,Automated Passenger Counting (APC) and Automatic Vehicle Location systems,2019,58980-FLAGSTOP WB BEDWELL BAY RD AT 1000 BLOCK,49.309815,-122.874173,17837,c43e52fe-6146-4c0c-b776-43719c59ea78,-13678290.37,6327594.957
58981,FLAGSTOP EB BEDWELL BAY RD AT 1000 BLOCK,Northeast Sector,Port Moody,150,32,,Some boarding or alighting values for this route (Line Number) at this stop are below 5 and have been suppressed to reinforce the confidential nature of the data. All values that do not meet the threshold (5) are shown as zero.,Summer 2019,0,0,0,0,0,0,0,0,0,0,0,0,Some boarding or alighting values for this stop (all Lines at this stop) are below 5 and have been suppressed to reinforce the confidential nature of the data. All values that do not meet the threshold (5) are shown as zero.,None,Automated Passenger Counting (APC) and Automatic Vehicle Location systems,2019,58981-FLAGSTOP EB BEDWELL BAY RD AT 1000 BLOCK,49.309688,-122.874363,17838,1a95bea8-3c6e-4df9-bf90-49226767830d,-13678311.52,6327573.272
58990,WB IOCO RD AT ALDERSIDE RD,Northeast Sector,Port Moody,150,18,,Some boarding or alighting values for this route (Line Number) at this stop are below 5 and have been suppressed to reinforce the confidential nature of the data. All values that do not meet the threshold (5) are shown as zero.,Summer 2019,0,0,0,0,0,0,0,0,0,0,0,0,Some boarding or alighting values for this stop (all Lines at this stop) are below 5 and have been suppressed to reinforce the confidential nature of the data. All values that do not meet the threshold (5) are shown as zero.,None,Automated Passenger Counting (APC) and Automatic Vehicle Location systems,2019,58990-WB IOCO RD AT ALDERSIDE RD,49.292872,-122.853379,17839,bf0b6221-1ccc-40dd-b21d-67e890334cea,-13675975.59,6324702.544
58991,EB IOCO RD AT ALDERSIDE RD,Northeast Sector,Port Moody,150,42,,Some boarding or alighting values for this route (Line Number) at this stop are below 5 and have been suppressed to reinforce the confidential nature of the data. All values that do not meet the threshold (5) are shown as zero.,Summer 2019,0,0,0,0,0,0,0,0,0,0,0,0,Some boarding or alighting values for this stop (all Lines at this stop) are below 5 and have been suppressed to reinforce the confidential nature of the data. All values that do not meet the threshold (5) are shown as zero.,None,Automated Passenger Counting (APC) and Automatic Vehicle Location systems,2019,58991-EB IOCO RD AT ALDERSIDE RD,49.292467,-122.852841,17840,a48b8769-740a-4846-89ba-3aa78e1f40a2,-13675915.7,6324633.417
59951,WB IOCO RD AT WALTON WAY,Northeast Sector,Port Moody,150,16,,Some boarding or alighting values for this route (Line Number) at this stop are below 5 and have been suppressed to reinforce the confidential nature of the data. All values that do not meet the threshold (5) are shown as zero.,Summer 2019,0,0,0,0,0,0,0,0,0,0,0,0,Some boarding or alighting values for this stop (all Lines at this stop) are below 5 and have been suppressed to reinforce the confidential nature of the data. All values that do not meet the threshold (5) are shown as zero.,None,Automated Passenger Counting (APC) and Automatic Vehicle Location systems,2019,59951-WB IOCO RD AT WALTON WAY,49.292293,-122.851541,17841,385ba502-ea06-48f9-a190-3777522ccbb7,-13675770.99,6324603.718
60313,EB IOCO RD AT BEACH AVE,Northeast Sector,Port Moody,150,34,,Some boarding or alighting values for this route (Line Number) at this stop are below 5 and have been suppressed to reinforce the confidential nature of the data. All values that do not meet the threshold (5) are shown as zero.,Summer 2019,0,0,0,0,5,5,0,0,0,0,0,0,Some boarding or alighting values for this stop (all Lines at this stop) are below 5 and have been suppressed to reinforce the confidential nature of the data. All values that do not meet the threshold (5) are shown as zero.,None,Automated Passenger Counting (APC) and Automatic Vehicle Location systems,2019,60313-EB IOCO RD AT BEACH AVE,49.30235,-122.870879,17842,c4c05478-2695-4710-8596-cbab1490cfe7,-13677923.68,6326320.452
50036,EB W CORDOVA ST AT HOMER ST,Vancouver/UBC,Vancouver,214,53,003; 004; 007; 008; 015/050; 209; 210; 211; 214; N8,Some boarding or alighting values for this route (Line Number) at this stop are below 5 and have been suppressed to reinforce the confidential nature of the data. All values that do not meet the threshold (5) are shown as zero.,Fall 2019,0,0,0,0,0,0,472,243,366,270,253,152,,Fall 2019,Automated Passenger Counting (APC) and Automatic Vehicle Location systems,2019,50036-EB W CORDOVA ST AT HOMER ST,49.283765,-123.109649,19738,6054beff-dd8c-49a8-a86a-26764d360dba,-13704503.44,6323148.26
50037,EB W CORDOVA ST AT ABBOTT ST,Vancouver/UBC,Vancouver,214,55,003; 004; 007; 008; 209; 210; 211; 214; N8,Some boarding or alighting values for this route (Line Number) at this stop are below 5 and have been suppressed to reinforce the confidential nature of the data. All values that do not meet the threshold (5) are shown as zero.,Fall 2019,0,0,0,0,0,0,341,193,267,196,219,163,,Fall 2019,Automated Passenger Counting (APC) and Automatic Vehicle Location systems,2019,50037-EB W CORDOVA ST AT ABBOTT ST,49.282943,-123.107243,19739,27fb2f5a-a0ae-40cd-a959-198a34cfd5c7,-13704235.6,6323007.984
50076,EB W PENDER ST AT BURRARD ST,Vancouver/UBC,Vancouver,214,43,005/006; 019; 022; 032; 209; 210; 211; 214; N24,Some boarding or alighting values for this route (Line Number) at this stop are below 5 and have been suppressed to reinforce the confidential nature of the data. All values that do not meet the threshold (5) are shown as zero.,Fall 2019,6,0,0,0,0,0,656,471,326,444,302,469,,Fall 2019,Automated Passenger Counting (APC) and Automatic Vehicle Location systems,2019,50076-EB W PENDER ST AT BURRARD ST,49.286121,-123.117245,19740,e39f010f-3fbb-4053-860c-019665093ac5,-13705349.02,6323550.329
50077,EB W PENDER ST AT GRANVILLE ST,Vancouver/UBC,Vancouver,214,46,005/006; 019; 022; 044; 209; 210; 211; 214; N24,Some boarding or alighting values for this route (Line Number) at this stop are below 5 and have been suppressed to reinforce the confidential nature of the data. All values that do not meet the threshold (5) are shown as zero.,Fall 2019,7,0,0,0,0,0,1551,1404,961,929,887,821,,Fall 2019,Automated Passenger Counting (APC) and Automatic Vehicle Location systems,2019,50077-EB W PENDER ST AT GRANVILLE ST,49.284791,-123.115231,19741,954f2305-e03f-4313-88c8-61e2efd77ceb,-13705124.82,6323323.352
50078,EB W PENDER ST AT SEYMOUR ST,Vancouver/UBC,Vancouver,214,48,005/006; 014; 017; 019; 022; 209; 210; 211; 214; N15; N19; N24,Some boarding or alighting values for this route (Line Number) at this stop are below 5 and have been suppressed to reinforce the confidential nature of the data. All values that do not meet the threshold (5) are shown as zero.,Fall 2019,0,0,0,0,0,0,785,514,601,482,557,384,,Fall 2019,Automated Passenger Counting (APC) and Automatic Vehicle Location systems,2019,50078-EB W PENDER ST AT SEYMOUR ST,49.283753,-123.113589,19742,a4279dbe-e87e-47c6-8c78-f850900aee88,-13704942.04,6323146.212
50091,WB W PENDER ST AT CARRALL ST,Vancouver/UBC,Vancouver,214,24,004; 007; 019; 022; 209; 210; 211; 214; N19,Some boarding or alighting values for this route (Line Number) at this stop are below 5 and have been suppressed to reinforce the confidential nature of the data. All values that do not meet the threshold (5) are shown as zero.,Fall 2019,0,0,0,0,0,0,423,554,355,581,270,488,,Fall 2019,Automated Passenger Counting (APC) and Automatic Vehicle Location systems,2019,50091-WB W PENDER ST AT CARRALL ST,49.280707,-123.104998,19743,8f738fad-5f06-4c7f-ad7a-c98851c6a869,-13703985.69,6322626.418
50093,WB W PENDER ST AT ABBOTT ST,Vancouver/UBC,Vancouver,214,27,004; 007; 019; 022; 209; 210; 211; 214; N19,Some boarding or alighting values for this route (Line Number) at this stop are below 5 and have been suppressed to reinforce the confidential nature of the data. All values that do not meet the threshold (5) are shown as zero.,Fall 2019,0,7,0,0,0,0,553,890,579,747,423,597,,Fall 2019,Automated Passenger Counting (APC) and Automatic Vehicle Location systems,2019,50093-WB W PENDER ST AT ABBOTT ST,49.28129,-123.108213,19744,eb28de13-a85f-4ecf-8184-faeb576fcc0e,-13704343.58,6322725.903
50094,WB W PENDER ST AT HAMILTON ST,Vancouver/UBC,Vancouver,214,29,004; 005/006; 007; 019; 022; 209; 210; 211; 214; N19,Some boarding or alighting values for this route (Line Number) at this stop are below 5 and have been suppressed to reinforce the confidential nature of the data. All values that do not meet the threshold (5) are shown as zero.,Fall 2019,0,6,0,0,0,0,613,918,366,670,288,454,,Fall 2019,Automated Passenger Counting (APC) and Automatic Vehicle Location systems,2019,50094-WB W PENDER ST AT HAMILTON ST,49.282472,-123.11137,19745,dbfa35ac-5c7c-40ad-879b-c5b569b248e6,-13704695.02,6322927.608
50095,WB W PENDER ST AT RICHARDS ST,Vancouver/UBC,Vancouver,214,32,004; 005/006; 007; 010; 019; 022; 209; 210; 211; 214; N19; N22,Some boarding or alighting values for this route (Line Number) at this stop are below 5 and have been suppressed to reinforce the confidential nature of the data. All values that do not meet the threshold (5) are shown as zero.,Fall 2019,0,17,0,0,0,0,992,1374,767,890,577,790,,Fall 2019,Automated Passenger Counting (APC) and Automatic Vehicle Location systems,2019,50095-WB W PENDER ST AT RICHARDS ST,49.283818,-123.113429,19746,4f570c9a-e68e-4e48-8118-53aacd83441f,-13704924.23,6323157.304
50096,WB W PENDER ST AT GRANVILLE ST,Vancouver/UBC,Vancouver,214,36,004; 005/006; 007; 010; 019; 022; 209; 210; 211; 214; N19; N22; N24,Some boarding or alighting values for this route (Line Number) at this stop are below 5 and have been suppressed to reinforce the confidential nature of the data. All values that do not meet the threshold (5) are shown as zero.,Fall 2019,0,28,0,0,0,0,1007,1202,840,874,666,732,,Fall 2019,Automated Passenger Counting (APC) and Automatic Vehicle Location systems,2019,50096-WB W PENDER ST AT GRANVILLE ST,49.284575,-123.114596,19747,79514f5a-fc6a-47a9-911f-391e3a12bc70,-13705054.14,6323286.49
50227,EB E CORDOVA ST AT CARRALL ST,Vancouver/UBC,Vancouver,214,58,004; 007; 209; 210; 211; 214; N8,Some boarding or alighting values for this route (Line Number) at this stop are below 5 and have been suppressed to reinforce the confidential nature of the data. All values that do not meet the threshold (5) are shown as zero.,Fall 2019,0,0,0,0,0,0,246,279,238,279,176,184,,Fall 2019,Automated Passenger Counting (APC) and Automatic Vehicle Location systems,2019,50227-EB E CORDOVA ST AT CARRALL ST,49.282323,-123.103816,19748,0eb9f469-c20a-419b-a1f4-e9b982d41d58,-13703854.11,6322902.181
50405,BURRARD STN BAY 2,Vancouver/UBC,Vancouver,214,33,209; 210; 211; 214,Some boarding or alighting values for this route (Line Number) at this stop are below 5 and have been suppressed to reinforce the confidential nature of the data. All values that do not meet the threshold (5) are shown as zero.,Fall 2019,13,37,0,0,0,0,541,510,340,282,312,216,,Fall 2019,Automated Passenger Counting (APC) and Automatic Vehicle Location systems,2019,50405-BURRARD STN BAY 2,49.286027,-123.120358,19749,18f82dea-7e4e-4f8a-a4b3-ab6150b7479a,-13705695.56,6323534.287
50406,EB W PENDER ST AT THURLOW ST,Vancouver/UBC,Vancouver,214,20,019; 032; 209; 210; 211; 214,Some boarding or alighting values for this route (Line Number) at this stop are below 5 and have been suppressed to reinforce the confidential nature of the data. All values that do not meet the threshold (5) are shown as zero.,Fall 2019,0,0,0,0,0,0,198,154,82,108,79,107,,Fall 2019,Automated Passenger Counting (APC) and Automatic Vehicle Location systems,2019,50406-EB W PENDER ST AT THURLOW ST,49.287073,-123.119204,19750,0b6df9f1-bda1-4331-9073-b3dcb5b75f3d,-13705567.1,6323712.8
50407,NB HOMER ST AT W PENDER ST,Vancouver/UBC,Vancouver,214,50,014; 209; 210; 211; 214,Some boarding or alighting values for this route (Line Number) at this stop are below 5 and have been suppressed to reinforce the confidential nature of the data. All values that do not meet the threshold (5) are shown as zero.,Fall 2019,0,0,0,0,0,0,100,60,89,74,63,47,,Fall 2019,Automated Passenger Counting (APC) and Automatic Vehicle Location systems,2019,50407-NB HOMER ST AT W PENDER ST,49.282981,-123.111441,19751,47ea1175-2963-4adb-8cd1-f13c1cce588b,-13704702.92,6323014.469
50425,EB E CORDOVA ST AT MAIN ST,Vancouver/UBC,Vancouver,214,1,004; 007; 209; 210; 211; 214,Some boarding or alighting values for this route (Line Number) at this stop are below 5 and have been suppressed to reinforce the confidential nature of the data. All values that do not meet the threshold (5) are shown as zero.,Fall 2019,0,0,0,0,0,0,566,386,459,332,409,276,,Fall 2019,Automated Passenger Counting (APC) and Automatic Vehicle Location systems,2019,50425-EB E CORDOVA ST AT MAIN ST,49.282203,-123.098943,19752,60bd0367-0640-4af0-aa36-d4143cc40c0a,-13703311.65,6322881.703
50433,EB POWELL ST AT COMMERCIAL DR,Vancouver/UBC,Vancouver,214,3,004; 007; 209; 210; 211; 214,Some boarding or alighting values for this route (Line Number) at this stop are below 5 and have been suppressed to reinforce the confidential nature of the data. All values that do not meet the threshold (5) are shown as zero.,Fall 2019,0,0,0,0,0,0,152,72,114,98,98,59,,Fall 2019,Automated Passenger Counting (APC) and Automatic Vehicle Location systems,2019,50433-EB POWELL ST AT COMMERCIAL DR,49.283885,-123.069837,19753,c19caaf1-c3d4-458c-9e83-e0fa89bbd696,-13700071.59,6323168.738
50438,NB N NANAIMO ST AT DUNDAS ST,Vancouver/UBC,Vancouver,214,6,004; 209; 210; 211; 214,Some boarding or alighting values for this route (Line Number) at this stop are below 5 and have been suppressed to reinforce the confidential nature of the data. All values that do not meet the threshold (5) are shown as zero.,Fall 2019,0,0,0,0,0,0,107,72,69,45,69,37,,Fall 2019,Automated Passenger Counting (APC) and Automatic Vehicle Location systems,2019,50438-NB N NANAIMO ST AT DUNDAS ST,49.285176,-123.05639,19754,4c709a07-a93f-4dde-b156-b612d6bd0a88,-13698574.67,6323389.055
50446,EB MCGILL ST AT N RENFREW ST,Vancouver/UBC,Vancouver,214,8,209; 210; 211; 214,Some boarding or alighting values for this route (Line Number) at this stop are below 5 and have been suppressed to reinforce the confidential nature of the data. All values that do not meet the threshold (5) are shown as zero.,Fall 2019,0,0,0,0,0,0,57,14,53,13,48,13,,Fall 2019,Automated Passenger Counting (APC) and Automatic Vehicle Location systems,2019,50446-EB MCGILL ST AT N RENFREW ST,49.288595,-123.0434,19755,d02559c4-a6d3-4eb6-9290-722d9abc70dc,-13697128.63,6323972.556
50449,WB MCGILL ST AT N RENFREW ST,Vancouver/UBC,Vancouver,214,12,209; 210; 211; 214,Some boarding or alighting values for this route (Line Number) at this stop are below 5 and have been suppressed to reinforce the confidential nature of the data. All values that do not meet the threshold (5) are shown as zero.,Fall 2019,0,0,0,0,0,0,11,47,0,41,0,40,Some boarding or alighting values for this stop (all Lines at this stop) are below 5 and have been suppressed to reinforce the confidential nature of the data. All values that do not meet the threshold (5) are shown as zero.,Fall 2019,Automated Passenger Counting (APC) and Automatic Vehicle Location systems,2019,50449-WB MCGILL ST AT N RENFREW ST,49.288825,-123.044601,19756,d09c24bb-04f0-4880-9b4d-37d4d98dc367,-13697262.33,6324011.811
50493,WB DUNDAS ST AT N GARDEN DR,Vancouver/UBC,Vancouver,214,14,004; 007; 209; 210; 211; 214,Some boarding or alighting values for this route (Line Number) at this stop are below 5 and have been suppressed to reinforce the confidential nature of the data. All values that do not meet the threshold (5) are shown as zero.,Fall 2019,0,0,0,0,0,0,270,209,212,167,152,111,,Fall 2019,Automated Passenger Counting (APC) and Automatic Vehicle Location systems,2019,50493-WB DUNDAS ST AT N GARDEN DR,49.284885,-123.057411,19757,3df7ee59-a4d7-467a-9b9d-7cad2cf36234,-13698688.33,6323339.394
50508,WB POWELL ST AT COMMERCIAL DR,Vancouver/UBC,Vancouver,214,16,004; 007; 209; 210; 211; 214,Some boarding or alighting values for this route (Line Number) at this stop are below 5 and have been suppressed to reinforce the confidential nature of the data. All values that do not meet the threshold (5) are shown as zero.,Fall 2019,0,0,0,0,0,0,75,151,69,119,39,71,,Fall 2019,Automated Passenger Counting (APC) and Automatic Vehicle Location systems,2019,50508-WB POWELL ST AT COMMERCIAL DR,49.283837,-123.070862,19758,19aef95a-aeaf-46e0-9ca8-b3a33586902c,-13700185.69,6323160.547
50689,WB E PENDER ST AT MAIN ST-,Vancouver/UBC,Vancouver,214,22,004; 007; 019; 022; 209; 210; 211; 214,Some boarding or alighting values for this route (Line Number) at this stop are below 5 and have been suppressed to reinforce the confidential nature of the data. All values that do not meet the threshold (5) are shown as zero.,Fall 2019,0,0,0,0,0,0,615,777,474,707,427,669,,Fall 2019,Automated Passenger Counting (APC) and Automatic Vehicle Location systems,2019,50689-WB E PENDER ST AT MAIN ST-,49.280463,-123.100688,19759,5143a240-3c37-4cb7-88fe-3f75b62f9cb1,-13703505.9,6322584.781
54026,PHIBBS EXCHANGE BAY 4,North Shore,North Vancouver District,214,10,130; 210; 211; 214,Some boarding or alighting values for this route (Line Number) at this stop are below 5 and have been suppressed to reinforce the confidential nature of the data. All values that do not meet the threshold (5) are shown as zero.,Fall 2019,0,147,0,154,0,102,472,811,295,262,207,234,,Fall 2019,Automated Passenger Counting (APC) and Automatic Vehicle Location systems,2019,54026-PHIBBS EXCHANGE BAY 4,49.30564,-123.029001,19760,cf63403b-a317-447b-89dd-9357999c841a,-13695525.74,6326882.132
54029,EB MT SEYMOUR PARKWAY AT SEYMOUR BLVD,North Shore,North Vancouver District,214,17,211; 214,,Fall 2019,16,9,9,10,11,20,57,44,43,43,25,39,,Fall 2019,Automated Passenger Counting (APC) and Automatic Vehicle Location systems,2019,54029-EB MT SEYMOUR PARKWAY AT SEYMOUR BLVD,49.311141,-123.020454,19761,74386def-9932-44dd-88f5-2a6b4cb0ee7f,-13694574.3,6327821.366
54030,EB MT SEYMOUR PARKWAY AT RIVERSIDE DR,North Shore,North Vancouver District,214,18,211; 214,Some boarding or alighting values for this route (Line Number) at this stop are below 5 and have been suppressed to reinforce the confidential nature of the data. All values that do not meet the threshold (5) are shown as zero.,Fall 2019,8,9,0,8,5,9,22,34,16,24,13,17,,Fall 2019,Automated Passenger Counting (APC) and Automatic Vehicle Location systems,2019,54030-EB MT SEYMOUR PARKWAY AT RIVERSIDE DR,49.310835,-123.015428,19762,bcac1d4d-a5ff-40d3-abed-775a6673d38c,-13694014.8,6327769.117
54031,EB MT SEYMOUR PARKWAY AT BROWNING PL,North Shore,North Vancouver District,214,23,211; 214,Some boarding or alighting values for this route (Line Number) at this stop are below 5 and have been suppressed to reinforce the confidential nature of the data. All values that do not meet the threshold (5) are shown as zero.,Fall 2019,0,19,0,12,0,9,5,33,0,24,0,17,Some boarding or alighting values for this stop (all Lines at this stop) are below 5 and have been suppressed to reinforce the confidential nature of the data. All values that do not meet the threshold (5) are shown as zero.,Fall 2019,Automated Passenger Counting (APC) and Automatic Vehicle Location systems,2019,54031-EB MT SEYMOUR PARKWAY AT BROWNING PL,49.312136,-123.00691,19763,ec3652cd-1a5f-4659-827a-9bce78be8641,-13693066.59,6327991.262
54032,EB MT SEYMOUR PARKWAY AT BERKLEY RD,North Shore,North Vancouver District,214,25,211; 214,Some boarding or alighting values for this route (Line Number) at this stop are below 5 and have been suppressed to reinforce the confidential nature of the data. All values that do not meet the threshold (5) are shown as zero.,Fall 2019,0,10,0,8,0,10,12,42,6,23,5,22,,Fall 2019,Automated Passenger Counting (APC) and Automatic Vehicle Location systems,2019,54032-EB MT SEYMOUR PARKWAY AT BERKLEY RD,49.314142,-123.003533,19764,103f1b7c-939a-4783-b184-ef36f3a47a1b,-13692690.66,6328333.797
54033,EB MT SEYMOUR PARKWAY AT LYTTON ST,North Shore,North Vancouver District,214,28,211; 214,Some boarding or alighting values for this route (Line Number) at this stop are below 5 and have been suppressed to reinforce the confidential nature of the data. All values that do not meet the threshold (5) are shown as zero.,Fall 2019,13,23,0,8,0,9,159,113,44,48,25,35,,Fall 2019,Automated Passenger Counting (APC) and Automatic Vehicle Location systems,2019,54033-EB MT SEYMOUR PARKWAY AT LYTTON ST,49.315397,-123.00062,19765,42a380f7-0348-49a8-b284-00344716e311,-13692366.39,6328548.102
54072,WB MT SEYMOUR PARKWAY AT BERKLEY RD,North Shore,North Vancouver District,214,4,211; 214,Some boarding or alighting values for this route (Line Number) at this stop are below 5 and have been suppressed to reinforce the confidential nature of the data. All values that do not meet the threshold (5) are shown as zero.,Fall 2019,6,0,0,0,0,0,43,7,35,0,22,5,Some boarding or alighting values for this stop (all Lines at this stop) are below 5 and have been suppressed to reinforce the confidential nature of the data. All values that do not meet the threshold (5) are shown as zero.,Fall 2019,Automated Passenger Counting (APC) and Automatic Vehicle Location systems,2019,54072-WB MT SEYMOUR PARKWAY AT BERKLEY RD,49.314106,-123.004293,19766,2caaf68d-1587-463b-aeb1-2bfa1048c44f,-13692775.26,6328327.65
54073,WB MT SEYMOUR PARKWAY AT BROWNING PL,North Shore,North Vancouver District,214,2,211; 214,Some boarding or alighting values for this route (Line Number) at this stop are below 5 and have been suppressed to reinforce the confidential nature of the data. All values that do not meet the threshold (5) are shown as zero.,Fall 2019,14,0,12,0,10,0,24,0,21,0,14,0,Some boarding or alighting values for this stop (all Lines at this stop) are below 5 and have been suppressed to reinforce the confidential nature of the data. All values that do not meet the threshold (5) are shown as zero.,Fall 2019,Automated Passenger Counting (APC) and Automatic Vehicle Location systems,2019,54073-WB MT SEYMOUR PARKWAY AT BROWNING PL,49.311725,-123.008113,19767,2098d66e-a820-463f-a558-b7f178f1064d,-13693200.5,6327921.083
54074,WB MT SEYMOUR PARKWAY AT RIVERSIDE DR,North Shore,North Vancouver District,214,5,211; 214,Some boarding or alighting values for this route (Line Number) at this stop are below 5 and have been suppressed to reinforce the confidential nature of the data. All values that do not meet the threshold (5) are shown as zero.,Fall 2019,19,12,8,5,7,0,53,38,39,14,23,10,,Fall 2019,Automated Passenger Counting (APC) and Automatic Vehicle Location systems,2019,54074-WB MT SEYMOUR PARKWAY AT RIVERSIDE DR,49.311175,-123.013876,19768,3cb4b7a8-21a9-4c74-8d2b-c49e358f5168,-13693842.04,6327827.171
54076,WB MT SEYMOUR PARKWAY AT SEYMOUR BLVD,North Shore,North Vancouver District,214,7,211; 214,,Fall 2019,9,14,9,7,8,9,24,49,20,34,25,21,,Fall 2019,Automated Passenger Counting (APC) and Automatic Vehicle Location systems,2019,54076-WB MT SEYMOUR PARKWAY AT SEYMOUR BLVD,49.312087,-123.021752,19769,2d2e43b0-3880-40f9-b71b-d926d850555f,-13694718.79,6327982.895
54100,PHIBBS EXCHANGE BAY 2,North Shore,North Vancouver District,214,11,130; 210; 214,Some boarding or alighting values for this route (Line Number) at this stop are below 5 and have been suppressed to reinforce the confidential nature of the data. All values that do not meet the threshold (5) are shown as zero.,Fall 2019,193,18,114,0,106,0,1044,391,503,331,330,192,,Fall 2019,Automated Passenger Counting (APC) and Automatic Vehicle Location systems,2019,54100-PHIBBS EXCHANGE BAY 2,49.305323,-123.028735,19770,9e172fe1-4bcf-4371-bc52-0f2276b07a7e,-13695496.13,6326828.011
54101,NB EMERSON WAY AT MT SEYMOUR PARKWAY,North Shore,North Vancouver District,214,30,214,Some boarding or alighting values for this route (Line Number) at this stop are below 5 and have been suppressed to reinforce the confidential nature of the data. All values that do not meet the threshold (5) are shown as zero.,Fall 2019,5,13,0,7,0,7,5,13,0,7,0,7,Some boarding or alighting values for this stop (all Lines at this stop) are below 5 and have been suppressed to reinforce the confidential nature of the data. All values that do not meet the threshold (5) are shown as zero.,Fall 2019,Automated Passenger Counting (APC) and Automatic Vehicle Location systems,2019,54101-NB EMERSON WAY AT MT SEYMOUR PARKWAY,49.316329,-122.998029,19771,13ae8b1e-6f53-419d-8e32-5bbea407c1f4,-13692077.96,6328707.254
54102,WB CARNATION ST AT EMERSON WAY,North Shore,North Vancouver District,214,34,214,Some boarding or alighting values for this route (Line Number) at this stop are below 5 and have been suppressed to reinforce the confidential nature of the data. All values that do not meet the threshold (5) are shown as zero.,Fall 2019,0,22,0,7,0,6,0,22,0,7,0,6,Some boarding or alighting values for this stop (all Lines at this stop) are below 5 and have been suppressed to reinforce the confidential nature of the data. All values that do not meet the threshold (5) are shown as zero.,Fall 2019,Automated Passenger Counting (APC) and Automatic Vehicle Location systems,2019,54102-WB CARNATION ST AT EMERSON WAY,49.31812,-122.998606,19772,f70889b0-9c87-4c9e-bffa-8c7ef5c598a7,-13692142.19,6329013.102
54103,NB BERKLEY RD AT CARNATION ST,North Shore,North Vancouver District,214,31,214,Some boarding or alighting values for this route (Line Number) at this stop are below 5 and have been suppressed to reinforce the confidential nature of the data. All values that do not meet the threshold (5) are shown as zero.,Fall 2019,0,29,0,16,0,19,0,29,0,16,0,19,Some boarding or alighting values for this stop (all Lines at this stop) are below 5 and have been suppressed to reinforce the confidential nature of the data. All values that do not meet the threshold (5) are shown as zero.,Fall 2019,Automated Passenger Counting (APC) and Automatic Vehicle Location systems,2019,54103-NB BERKLEY RD AT CARNATION ST,49.318413,-123.004867,19773,d6277486-dd49-43b9-ac96-dec28d4b157a,-13692839.16,6329063.139
54104,NB BERKLEY RD AT SHELLEY RD,North Shore,North Vancouver District,214,35,214,Some boarding or alighting values for this route (Line Number) at this stop are below 5 and have been suppressed to reinforce the confidential nature of the data. All values that do not meet the threshold (5) are shown as zero.,Fall 2019,0,25,0,14,0,11,0,25,0,14,0,11,Some boarding or alighting values for this stop (all Lines at this stop) are below 5 and have been suppressed to reinforce the confidential nature of the data. All values that do not meet the threshold (5) are shown as zero.,Fall 2019,Automated Passenger Counting (APC) and Automatic Vehicle Location systems,2019,54104-NB BERKLEY RD AT SHELLEY RD,49.321182,-123.004853,19774,6fe9ed9d-841d-4d15-9629-5d904153ccd5,-13692837.6,6329536.024
54105,NB BERKLEY RD AT BOSWELL AVE,North Shore,North Vancouver District,214,37,214,Some boarding or alighting values for this route (Line Number) at this stop are below 5 and have been suppressed to reinforce the confidential nature of the data. All values that do not meet the threshold (5) are shown as zero.,Fall 2019,0,15,0,8,0,7,0,15,0,8,0,7,Some boarding or alighting values for this stop (all Lines at this stop) are below 5 and have been suppressed to reinforce the confidential nature of the data. All values that do not meet the threshold (5) are shown as zero.,Fall 2019,Automated Passenger Counting (APC) and Automatic Vehicle Location systems,2019,54105-NB BERKLEY RD AT BOSWELL AVE,49.322945,-123.004794,19775,5f9336b9-3acf-4208-8bd2-526b0c745ed2,-13692831.03,6329837.12
54106,NB BERKLEY RD AT LAYTON DR,North Shore,North Vancouver District,214,38,214,Some boarding or alighting values for this route (Line Number) at this stop are below 5 and have been suppressed to reinforce the confidential nature of the data. All values that do not meet the threshold (5) are shown as zero.,Fall 2019,0,5,0,0,0,0,0,5,0,0,0,0,Some boarding or alighting values for this stop (all Lines at this stop) are below 5 and have been suppressed to reinforce the confidential nature of the data. All values that do not meet the threshold (5) are shown as zero.,Fall 2019,Automated Passenger Counting (APC) and Automatic Vehicle Location systems,2019,54106-NB BERKLEY RD AT LAYTON DR,49.324851,-123.004796,19776,181ec130-628b-479f-b1b4-43d3873738c9,-13692831.26,6330162.65
54107,NB BERKLEY RD AT SECHELT DR,North Shore,North Vancouver District,214,40,214,Some boarding or alighting values for this route (Line Number) at this stop are below 5 and have been suppressed to reinforce the confidential nature of the data. All values that do not meet the threshold (5) are shown as zero.,Fall 2019,0,12,0,9,0,6,0,12,0,9,0,6,Some boarding or alighting values for this stop (all Lines at this stop) are below 5 and have been suppressed to reinforce the confidential nature of the data. All values that do not meet the threshold (5) are shown as zero.,Fall 2019,Automated Passenger Counting (APC) and Automatic Vehicle Location systems,2019,54107-NB BERKLEY RD AT SECHELT DR,49.325862,-123.004735,19777,19705319-edb0-4dfd-9c33-f57ef89db994,-13692824.47,6330335.327
54108,NB BERKLEY AVE AT DERBYSHIRE PL,North Shore,North Vancouver District,214,41,214,Some boarding or alighting values for this route (Line Number) at this stop are below 5 and have been suppressed to reinforce the confidential nature of the data. All values that do not meet the threshold (5) are shown as zero.,Fall 2019,0,8,0,6,0,0,0,8,0,6,0,0,Some boarding or alighting values for this stop (all Lines at this stop) are below 5 and have been suppressed to reinforce the confidential nature of the data. All values that do not meet the threshold (5) are shown as zero.,Fall 2019,Automated Passenger Counting (APC) and Automatic Vehicle Location systems,2019,54108-NB BERKLEY AVE AT DERBYSHIRE PL,49.328741,-123.001717,19778,58f56950-fac6-4027-9701-7c7ccdd5d3dd,-13692488.5,6330827.072
54109,EB BERKLEY AVE AT HYANNIS DR,North Shore,North Vancouver District,214,42,214,Some boarding or alighting values for this route (Line Number) at this stop are below 5 and have been suppressed to reinforce the confidential nature of the data. All values that do not meet the threshold (5) are shown as zero.,Fall 2019,0,5,0,5,0,5,0,5,0,5,0,5,Some boarding or alighting values for this stop (all Lines at this stop) are below 5 and have been suppressed to reinforce the confidential nature of the data. All values that do not meet the threshold (5) are shown as zero.,Fall 2019,Automated Passenger Counting (APC) and Automatic Vehicle Location systems,2019,54109-EB BERKLEY AVE AT HYANNIS DR,49.329773,-122.999079,19779,61af577d-8f81-4b6b-a6a3-d00c4d32b670,-13692194.84,6331003.349
54110,SB HYANNIS DR AT BERKLEY AVE,North Shore,North Vancouver District,214,45,214,Some boarding or alighting values for this route (Line Number) at this stop are below 5 and have been suppressed to reinforce the confidential nature of the data. All values that do not meet the threshold (5) are shown as zero.,Fall 2019,0,10,0,0,0,0,0,10,0,0,0,0,Some boarding or alighting values for this stop (all Lines at this stop) are below 5 and have been suppressed to reinforce the confidential nature of the data. All values that do not meet the threshold (5) are shown as zero.,Fall 2019,Automated Passenger Counting (APC) and Automatic Vehicle Location systems,2019,54110-SB HYANNIS DR AT BERKLEY AVE,49.328883,-122.997309,19780,ba9aeb92-6280-4ede-b0ae-b734baf23819,-13691997.81,6330851.327
54111,WB SECHELT DR AT HYANNIS DR,North Shore,North Vancouver District,214,26,214,,Fall 2019,64,60,47,45,27,42,64,60,47,45,27,42,,Fall 2019,Automated Passenger Counting (APC) and Automatic Vehicle Location systems,2019,54111-WB SECHELT DR AT HYANNIS DR,49.326496,-122.995619,19781,ef843ea9-9d6d-4762-8de0-cff470b44cd9,-13691809.68,6330443.614
54112,WB SECHELT DR AT DERBYSHIRE WAY,North Shore,North Vancouver District,214,21,214,Some boarding or alighting values for this route (Line Number) at this stop are below 5 and have been suppressed to reinforce the confidential nature of the data. All values that do not meet the threshold (5) are shown as zero.,Fall 2019,17,5,10,0,6,0,17,5,10,0,6,0,Some boarding or alighting values for this stop (all Lines at this stop) are below 5 and have been suppressed to reinforce the confidential nature of the data. All values that do not meet the threshold (5) are shown as zero.,Fall 2019,Automated Passenger Counting (APC) and Automatic Vehicle Location systems,2019,54112-WB SECHELT DR AT DERBYSHIRE WAY,49.326123,-123.000642,19782,197feebd-0579-4553-9e62-5e756a5454bb,-13692368.83,6330379.905
54113,WB SECHELT DR AT BERKLEY AVE,North Shore,North Vancouver District,214,44,214,Some boarding or alighting values for this route (Line Number) at this stop are below 5 and have been suppressed to reinforce the confidential nature of the data. All values that do not meet the threshold (5) are shown as zero.,Fall 2019,9,0,10,0,0,0,9,0,10,0,0,0,Some boarding or alighting values for this stop (all Lines at this stop) are below 5 and have been suppressed to reinforce the confidential nature of the data. All values that do not meet the threshold (5) are shown as zero.,Fall 2019,Automated Passenger Counting (APC) and Automatic Vehicle Location systems,2019,54113-WB SECHELT DR AT BERKLEY AVE,49.326461,-123.004103,19783,bf55c4bd-0a08-4f51-ac0d-1b7f2aad0162,-13692754.11,6330437.636
54114,SB BERKLEY RD AT BYRON RD,North Shore,North Vancouver District,214,47,214,Some boarding or alighting values for this route (Line Number) at this stop are below 5 and have been suppressed to reinforce the confidential nature of the data. All values that do not meet the threshold (5) are shown as zero.,Fall 2019,16,0,10,0,7,0,16,0,10,0,7,0,Some boarding or alighting values for this stop (all Lines at this stop) are below 5 and have been suppressed to reinforce the confidential nature of the data. All values that do not meet the threshold (5) are shown as zero.,Fall 2019,Automated Passenger Counting (APC) and Automatic Vehicle Location systems,2019,54114-SB BERKLEY RD AT BYRON RD,49.323478,-123.004999,19784,d5d31711-33d7-4ff7-8c86-3f1e38434e9b,-13692853.85,6329928.151
54115,SB BERKLEY RD AT SHELLEY RD,North Shore,North Vancouver District,214,49,214,Some boarding or alighting values for this route (Line Number) at this stop are below 5 and have been suppressed to reinforce the confidential nature of the data. All values that do not meet the threshold (5) are shown as zero.,Fall 2019,23,0,18,0,10,0,23,0,18,0,10,0,Some boarding or alighting values for this stop (all Lines at this stop) are below 5 and have been suppressed to reinforce the confidential nature of the data. All values that do not meet the threshold (5) are shown as zero.,Fall 2019,Automated Passenger Counting (APC) and Automatic Vehicle Location systems,2019,54115-SB BERKLEY RD AT SHELLEY RD,49.32154,-123.005016,19785,e8baec89-48b0-4043-b69d-66b87f256583,-13692855.75,6329597.164
54116,EB CARNATION ST AT BERKLEY RD,North Shore,North Vancouver District,214,51,214,Some boarding or alighting values for this route (Line Number) at this stop are below 5 and have been suppressed to reinforce the confidential nature of the data. All values that do not meet the threshold (5) are shown as zero.,Fall 2019,23,0,15,0,10,0,23,0,15,0,10,0,Some boarding or alighting values for this stop (all Lines at this stop) are below 5 and have been suppressed to reinforce the confidential nature of the data. All values that do not meet the threshold (5) are shown as zero.,Fall 2019,Automated Passenger Counting (APC) and Automatic Vehicle Location systems,2019,54116-EB CARNATION ST AT BERKLEY RD,49.318082,-123.004437,19786,6b9e6081-9723-493d-830a-311e430e3d80,-13692791.29,6329006.613
54117,SB EMERSON WAY AT CARNATION ST,North Shore,North Vancouver District,214,54,214,Some boarding or alighting values for this route (Line Number) at this stop are below 5 and have been suppressed to reinforce the confidential nature of the data. All values that do not meet the threshold (5) are shown as zero.,Fall 2019,13,0,6,0,5,0,13,0,6,0,5,0,Some boarding or alighting values for this stop (all Lines at this stop) are below 5 and have been suppressed to reinforce the confidential nature of the data. All values that do not meet the threshold (5) are shown as zero.,Fall 2019,Automated Passenger Counting (APC) and Automatic Vehicle Location systems,2019,54117-SB EMERSON WAY AT CARNATION ST,49.317587,-122.998203,19787,06a3aabc-1fdb-4197-b346-eefd4273ce60,-13692097.33,6328922.081
54118,SB EMERSON WAY AT MT SEYMOUR PARKWAY,North Shore,North Vancouver District,214,56,214,Some boarding or alighting values for this route (Line Number) at this stop are below 5 and have been suppressed to reinforce the confidential nature of the data. All values that do not meet the threshold (5) are shown as zero.,Fall 2019,13,5,10,0,10,0,13,5,10,0,10,0,Some boarding or alighting values for this stop (all Lines at this stop) are below 5 and have been suppressed to reinforce the confidential nature of the data. All values that do not meet the threshold (5) are shown as zero.,Fall 2019,Automated Passenger Counting (APC) and Automatic Vehicle Location systems,2019,54118-SB EMERSON WAY AT MT SEYMOUR PARKWAY,49.316192,-122.998191,19788,81adbf21-efad-45aa-91d0-49cbb9b9143f,-13692095.99,6328683.859
54119,PHIBBS EXCHANGE BAY 9,North Shore,North Vancouver District,214,9,209; 210; 211; 214,Some boarding or alighting values for this route (Line Number) at this stop are below 5 and have been suppressed to reinforce the confidential nature of the data. All values that do not meet the threshold (5) are shown as zero.,Fall 2019,60,26,0,0,0,0,960,601,587,457,516,324,,Fall 2019,Automated Passenger Counting (APC) and Automatic Vehicle Location systems,2019,54119-PHIBBS EXCHANGE BAY 9,49.305475,-123.028589,19789,862ee208-fd4a-4f83-9796-a4bca6ccddd9,-13695479.88,6326853.962
54792,WB MT SEYMOUR PARKWAY AT LYTTON ST,North Shore,North Vancouver District,214,59,211; 214,Some boarding or alighting values for this route (Line Number) at this stop are below 5 and have been suppressed to reinforce the confidential nature of the data. All values that do not meet the threshold (5) are shown as zero.,Fall 2019,57,7,16,0,16,0,135,34,63,24,41,16,,Fall 2019,Automated Passenger Counting (APC) and Automatic Vehicle Location systems,2019,54792-WB MT SEYMOUR PARKWAY AT LYTTON ST,49.315032,-123.002171,19790,c0c96133-0055-4847-b7b9-06aeca38bc0b,-13692539.04,6328485.774
54828,SB HOWE ST AT W PENDER ST UNLOADING,Vancouver/UBC,Vancouver,214,39,209; 210; 211; 214,Some boarding or alighting values for this route (Line Number) at this stop are below 5 and have been suppressed to reinforce the confidential nature of the data. All values that do not meet the threshold (5) are shown as zero.,Fall 2019,0,8,0,0,0,0,0,119,0,61,0,63,Some boarding or alighting values for this stop (all Lines at this stop) are below 5 and have been suppressed to reinforce the confidential nature of the data. All values that do not meet the threshold (5) are shown as zero.,Fall 2019,Automated Passenger Counting (APC) and Automatic Vehicle Location systems,2019,54828-SB HOWE ST AT W PENDER ST UNLOADING,49.284791,-123.116768,19791,c5dcfdd0-f006-4e9e-85d6-d538eefd2387,-13705295.92,6323323.352
58125,EB W CORDOVA ST AT ABBOTT ST,Vancouver/UBC,Vancouver,214,57,003; 004; 007; 008; 209; 210; 211; 214; N8,Some boarding or alighting values for this route (Line Number) at this stop are below 5 and have been suppressed to reinforce the confidential nature of the data. All values that do not meet the threshold (5) are shown as zero.,Fall 2019,0,0,0,0,0,0,328,171,256,181,183,117,,Fall 2019,Automated Passenger Counting (APC) and Automatic Vehicle Location systems,2019,58125-EB W CORDOVA ST AT ABBOTT ST,49.282714,-123.10606,19792,445b7c99-4d3a-45fc-8ab3-56661b5c0e89,-13704103.91,6322968.905
58492,EB OLD DOLLARTON RD AT FRONT ST,North Shore,North Vancouver District,214,13,211; 214; 215,Some boarding or alighting values for this route (Line Number) at this stop are below 5 and have been suppressed to reinforce the confidential nature of the data. All values that do not meet the threshold (5) are shown as zero.,Fall 2019,5,0,0,0,0,0,26,50,5,24,0,12,Some boarding or alighting values for this stop (all Lines at this stop) are below 5 and have been suppressed to reinforce the confidential nature of the data. All values that do not meet the threshold (5) are shown as zero.,Fall 2019,Automated Passenger Counting (APC) and Automatic Vehicle Location systems,2019,58492-EB OLD DOLLARTON RD AT FRONT ST,49.306496,-123.018117,19793,ec9e81fb-8e5f-4415-87ca-fcd21c2299e4,-13694314.14,6327028.278
60114,NB RIVERSIDE DR AT WINDRIDGE DR,North Shore,North Vancouver District,214,15,211; 214,Some boarding or alighting values for this route (Line Number) at this stop are below 5 and have been suppressed to reinforce the confidential nature of the data. All values that do not meet the threshold (5) are shown as zero.,Fall 2019,0,0,0,0,0,0,9,0,0,0,0,0,Some boarding or alighting values for this stop (all Lines at this stop) are below 5 and have been suppressed to reinforce the confidential nature of the data. All values that do not meet the threshold (5) are shown as zero.,Fall 2019,Automated Passenger Counting (APC) and Automatic Vehicle Location systems,2019,60114-NB RIVERSIDE DR AT WINDRIDGE DR,49.310394,-123.014624,19794,0d408045-eeeb-4ada-82b1-4cd5576efb7d,-13693925.3,6327693.818
60388,SB BERKLEY RD AT CARNATION ST,North Shore,North Vancouver District,214,52,214,Some boarding or alighting values for this route (Line Number) at this stop are below 5 and have been suppressed to reinforce the confidential nature of the data. All values that do not meet the threshold (5) are shown as zero.,Fall 2019,7,0,0,0,7,0,7,0,0,0,7,0,Some boarding or alighting values for this stop (all Lines at this stop) are below 5 and have been suppressed to reinforce the confidential nature of the data. All values that do not meet the threshold (5) are shown as zero.,Fall 2019,Automated Passenger Counting (APC) and Automatic Vehicle Location systems,2019,60388-SB BERKLEY RD AT CARNATION ST,49.317893,-123.005081,19795,2d76f8ab-82ba-4f1a-92f6-ae4ea080b2a3,-13692862.98,6328974.337
61074,SB MAIN ST AT POWELL ST,Vancouver/UBC,Vancouver,214,19,004; 007; 209; 210; 211; 214,Some boarding or alighting values for this route (Line Number) at this stop are below 5 and have been suppressed to reinforce the confidential nature of the data. All values that do not meet the threshold (5) are shown as zero.,Fall 2019,0,0,0,0,0,0,103,276,83,232,56,171,,Fall 2019,Automated Passenger Counting (APC) and Automatic Vehicle Location systems,2019,61074-SB MAIN ST AT POWELL ST,49.282699,-123.099733,19796,3492c6bd-5966-4096-9bfb-32a71db557de,-13703399.59,6322966.345
58010,FLAGSTOP WB AT BOWEN BAY,North Shore,Bowen Island,280,14,280,Some boarding or alighting values for this route (Line Number) at this stop are below 5 and have been suppressed to reinforce the confidential nature of the data. All values that do not meet the threshold (5) are shown as zero.,Fall 2019,0,0,0,0,0,0,0,0,0,0,0,0,Some boarding or alighting values for this stop (all Lines at this stop) are below 5 and have been suppressed to reinforce the confidential nature of the data. All values that do not meet the threshold (5) are shown as zero.,Fall 2019,Automated Passenger Counting (APC) and Automatic Vehicle Location systems,2019,58010-FLAGSTOP WB AT BOWEN BAY,49.361102,-123.418655,21379,cb13efa6-13a5-4468-ba42-60df508b8668,-13738901.83,6336356.449
58011,FLAGSTOP TUNSTALL & WHITESAILS,North Shore,Bowen Island,280,10,280,Some boarding or alighting values for this route (Line Number) at this stop are below 5 and have been suppressed to reinforce the confidential nature of the data. All values that do not meet the threshold (5) are shown as zero.,Fall 2019,0,0,0,0,0,0,0,0,0,0,0,0,Some boarding or alighting values for this stop (all Lines at this stop) are below 5 and have been suppressed to reinforce the confidential nature of the data. All values that do not meet the threshold (5) are shown as zero.,Fall 2019,Automated Passenger Counting (APC) and Automatic Vehicle Location systems,2019,58011-FLAGSTOP TUNSTALL & WHITESAILS,49.355966,-123.405411,21380,cb474b67-eb51-48e5-adc3-347be6f01d30,-13737427.51,6335478.641
58012,FLAGSTOP WB ADAMS RD AT COWAN,North Shore,Bowen Island,280,8,280,Some boarding or alighting values for this route (Line Number) at this stop are below 5 and have been suppressed to reinforce the confidential nature of the data. All values that do not meet the threshold (5) are shown as zero.,Fall 2019,0,7,0,7,0,0,0,7,0,7,0,0,Some boarding or alighting values for this stop (all Lines at this stop) are below 5 and have been suppressed to reinforce the confidential nature of the data. All values that do not meet the threshold (5) are shown as zero.,Fall 2019,Automated Passenger Counting (APC) and Automatic Vehicle Location systems,2019,58012-FLAGSTOP WB ADAMS RD AT COWAN,49.363354,-123.382981,21381,e4e186f4-273a-4b73-a00e-ad02461ac744,-13734930.62,6336741.374
58013,BOWEN ISLAND TRUNK RD AT SNUG COVE,North Shore,Bowen Island,280,11,280; 281; 282,,Fall 2019,31,36,36,19,26,11,44,69,54,32,54,31,,Fall 2019,Automated Passenger Counting (APC) and Automatic Vehicle Location systems,2019,58013-BOWEN ISLAND TRUNK RD AT SNUG COVE,49.37985,-123.333585,21382,ee9797e9-2a5e-4e00-ba60-58f5a5818476,-13729431.88,6339561.5
58015,FLAGSTOP EB ADAMS RD AT COWAN,North Shore,Bowen Island,280,16,280,Some boarding or alighting values for this route (Line Number) at this stop are below 5 and have been suppressed to reinforce the confidential nature of the data. All values that do not meet the threshold (5) are shown as zero.,Fall 2019,5,0,0,0,0,0,5,0,0,0,0,0,Some boarding or alighting values for this stop (all Lines at this stop) are below 5 and have been suppressed to reinforce the confidential nature of the data. All values that do not meet the threshold (5) are shown as zero.,Fall 2019,Automated Passenger Counting (APC) and Automatic Vehicle Location systems,2019,58015-FLAGSTOP EB ADAMS RD AT COWAN,49.363249,-123.38298,21383,70461627-95c5-446e-a2c5-665c0c5d5f5f,-13734930.51,6336723.426
58016,FLAGSTOP EB AT BOWEN BAY,North Shore,Bowen Island,280,9,280,Some boarding or alighting values for this route (Line Number) at this stop are below 5 and have been suppressed to reinforce the confidential nature of the data. All values that do not meet the threshold (5) are shown as zero.,Fall 2019,0,0,0,0,0,0,0,0,0,0,0,0,Some boarding or alighting values for this stop (all Lines at this stop) are below 5 and have been suppressed to reinforce the confidential nature of the data. All values that do not meet the threshold (5) are shown as zero.,Fall 2019,Automated Passenger Counting (APC) and Automatic Vehicle Location systems,2019,58016-FLAGSTOP EB AT BOWEN BAY,49.360951,-123.418062,21384,28ba9672-22e2-4d8f-b463-bf3880ccb097,-13738835.82,6336330.64
58766,FLAGSTOP EB GRAFTON RD AT ARTISAN SQUARE,North Shore,Bowen Island,280,1,280,Some boarding or alighting values for this route (Line Number) at this stop are below 5 and have been suppressed to reinforce the confidential nature of the data. All values that do not meet the threshold (5) are shown as zero.,Fall 2019,0,0,0,0,0,0,0,0,0,0,0,0,Some boarding or alighting values for this stop (all Lines at this stop) are below 5 and have been suppressed to reinforce the confidential nature of the data. All values that do not meet the threshold (5) are shown as zero.,Fall 2019,Automated Passenger Counting (APC) and Automatic Vehicle Location systems,2019,58766-FLAGSTOP EB GRAFTON RD AT ARTISAN SQUARE,49.380461,-123.348842,21385,735874c8-041c-4184-90d6-5fa5eabcb852,-13731130.28,6339665.973
60215,EB ADAMS RD AT BOWEN BAY RD,North Shore,Bowen Island,280,15,280,Some boarding or alighting values for this route (Line Number) at this stop are below 5 and have been suppressed to reinforce the confidential nature of the data. All values that do not meet the threshold (5) are shown as zero.,Fall 2019,0,0,0,0,0,0,0,0,0,0,0,0,Some boarding or alighting values for this stop (all Lines at this stop) are below 5 and have been suppressed to reinforce the confidential nature of the data. All values that do not meet the threshold (5) are shown as zero.,Fall 2019,Automated Passenger Counting (APC) and Automatic Vehicle Location systems,2019,60215-EB ADAMS RD AT BOWEN BAY RD,49.358202,-123.401618,21386,f0931cac-b36f-4dfc-9658-9dec2536134c,-13737005.28,6335860.791
60216,SB SPYGLASS RD AT WINDJAMMER RD,North Shore,Bowen Island,280,4,280,Some boarding or alighting values for this route (Line Number) at this stop are below 5 and have been suppressed to reinforce the confidential nature of the data. All values that do not meet the threshold (5) are shown as zero.,Fall 2019,0,0,0,0,0,0,0,0,0,0,0,0,Some boarding or alighting values for this stop (all Lines at this stop) are below 5 and have been suppressed to reinforce the confidential nature of the data. All values that do not meet the threshold (5) are shown as zero.,Fall 2019,Automated Passenger Counting (APC) and Automatic Vehicle Location systems,2019,60216-SB SPYGLASS RD AT WINDJAMMER RD,49.377358,-123.413066,21387,4da81170-5a2d-4cbe-8faf-8a05cc543d33,-13738279.66,6339135.411
60236,FLAGSTOP NB WINDJAMMER RD AT ARBUTUS POINT RD,North Shore,Bowen Island,280,5,280,Some boarding or alighting values for this route (Line Number) at this stop are below 5 and have been suppressed to reinforce the confidential nature of the data. All values that do not meet the threshold (5) are shown as zero.,Fall 2019,0,6,0,19,0,5,0,6,0,19,0,5,Some boarding or alighting values for this stop (all Lines at this stop) are below 5 and have been suppressed to reinforce the confidential nature of the data. All values that do not meet the threshold (5) are shown as zero.,Fall 2019,Automated Passenger Counting (APC) and Automatic Vehicle Location systems,2019,60236-FLAGSTOP NB WINDJAMMER RD AT ARBUTUS POINT RD,49.366352,-123.422783,21388,8acc8327-6739-49a8-b2eb-de5e5934294e,-13739361.36,6337253.836
60237,FLAGSTOP AT ARTISAN SQUARE,North Shore,Bowen Island,280,12,280; 282,Some boarding or alighting values for this route (Line Number) at this stop are below 5 and have been suppressed to reinforce the confidential nature of the data. All values that do not meet the threshold (5) are shown as zero.,Fall 2019,0,8,0,8,0,6,0,8,5,10,0,7,Some boarding or alighting values for this stop (all Lines at this stop) are below 5 and have been suppressed to reinforce the confidential nature of the data. All values that do not meet the threshold (5) are shown as zero.,Fall 2019,Automated Passenger Counting (APC) and Automatic Vehicle Location systems,2019,60237-FLAGSTOP AT ARTISAN SQUARE,49.380323,-123.345848,21389,2d645a60-c938-408d-a079-e7e1e1b55f79,-13730796.99,6339642.377
61081,FLAGSTOP WB GRAFTON RD AT ARTISAN SQUARE,North Shore,Bowen Island,280,2,280,Some boarding or alighting values for this route (Line Number) at this stop are below 5 and have been suppressed to reinforce the confidential nature of the data. All values that do not meet the threshold (5) are shown as zero.,Fall 2019,0,6,0,0,0,0,0,6,0,0,0,0,Some boarding or alighting values for this stop (all Lines at this stop) are below 5 and have been suppressed to reinforce the confidential nature of the data. All values that do not meet the threshold (5) are shown as zero.,Fall 2019,Automated Passenger Counting (APC) and Automatic Vehicle Location systems,2019,61081-FLAGSTOP WB GRAFTON RD AT ARTISAN SQUARE,49.380591,-123.348916,21390,620c9f5f-3a4f-4407-9e59-1efb9c03dbe4,-13731138.52,6339688.202
61151,FLAGSTOP SB WINDJAMMER RD,North Shore,Bowen Island,280,6,280,Some boarding or alighting values for this route (Line Number) at this stop are below 5 and have been suppressed to reinforce the confidential nature of the data. All values that do not meet the threshold (5) are shown as zero.,Fall 2019,5,0,0,0,0,0,5,0,0,0,0,0,Some boarding or alighting values for this stop (all Lines at this stop) are below 5 and have been suppressed to reinforce the confidential nature of the data. All values that do not meet the threshold (5) are shown as zero.,Fall 2019,Automated Passenger Counting (APC) and Automatic Vehicle Location systems,2019,61151-FLAGSTOP SB WINDJAMMER RD,49.369621,-123.423063,21391,fc5fcf03-e7f4-468e-aa8b-2ad5e640c40f,-13739392.53,6337812.657
61152,FLAGSTOP NB WINDJAMMER RD,North Shore,Bowen Island,280,3,280,Some boarding or alighting values for this route (Line Number) at this stop are below 5 and have been suppressed to reinforce the confidential nature of the data. All values that do not meet the threshold (5) are shown as zero.,Fall 2019,0,0,0,0,0,0,0,0,0,0,0,0,Some boarding or alighting values for this stop (all Lines at this stop) are below 5 and have been suppressed to reinforce the confidential nature of the data. All values that do not meet the threshold (5) are shown as zero.,Fall 2019,Automated Passenger Counting (APC) and Automatic Vehicle Location systems,2019,61152-FLAGSTOP NB WINDJAMMER RD,49.369605,-123.422849,21392,f9ecb383-1e35-4b49-a7bb-58e7c15c8718,-13739368.7,6337809.922
61153,FLAGSTOP WB ADAMS RD,North Shore,Bowen Island,280,13,280,Some boarding or alighting values for this route (Line Number) at this stop are below 5 and have been suppressed to reinforce the confidential nature of the data. All values that do not meet the threshold (5) are shown as zero.,Fall 2019,0,11,0,0,0,5,0,11,0,0,0,5,Some boarding or alighting values for this stop (all Lines at this stop) are below 5 and have been suppressed to reinforce the confidential nature of the data. All values that do not meet the threshold (5) are shown as zero.,Fall 2019,Automated Passenger Counting (APC) and Automatic Vehicle Location systems,2019,61153-FLAGSTOP WB ADAMS RD,49.359252,-123.395036,21393,a45c0c51-fa39-4cf3-af8a-05936bd72922,-13736272.57,6336040.25
61155,FLAGSTOP WB GRAFTON RD,North Shore,Bowen Island,280,7,280,Some boarding or alighting values for this route (Line Number) at this stop are below 5 and have been suppressed to reinforce the confidential nature of the data. All values that do not meet the threshold (5) are shown as zero.,Fall 2019,0,0,0,0,0,0,0,0,0,0,0,0,Some boarding or alighting values for this stop (all Lines at this stop) are below 5 and have been suppressed to reinforce the confidential nature of the data. All values that do not meet the threshold (5) are shown as zero.,Fall 2019,Automated Passenger Counting (APC) and Automatic Vehicle Location systems,2019,61155-FLAGSTOP WB GRAFTON RD,49.37214,-123.362562,21394,59f84598-aa11-4210-8ddb-f6d2debd854b,-13732657.58,6338243.294
61156,FLAGSTOP EB GRAFTON RD,North Shore,Bowen Island,280,17,280,Some boarding or alighting values for this route (Line Number) at this stop are below 5 and have been suppressed to reinforce the confidential nature of the data. All values that do not meet the threshold (5) are shown as zero.,Fall 2019,0,0,0,0,0,0,0,0,0,0,0,0,Some boarding or alighting values for this stop (all Lines at this stop) are below 5 and have been suppressed to reinforce the confidential nature of the data. All values that do not meet the threshold (5) are shown as zero.,Fall 2019,Automated Passenger Counting (APC) and Automatic Vehicle Location systems,2019,61156-FLAGSTOP EB GRAFTON RD,49.372008,-123.36208,21395,91cd7c01-5db2-451a-8ba9-011d2ec73506,-13732603.93,6338220.728
58013,BOWEN ISLAND TRUNK RD AT SNUG COVE,North Shore,Bowen Island,281,7,280; 281; 282,,Fall 2019,13,33,11,8,12,10,44,69,54,32,54,31,,Fall 2019,Automated Passenger Counting (APC) and Automatic Vehicle Location systems,2019,58013-BOWEN ISLAND TRUNK RD AT SNUG COVE,49.37985,-123.333585,21396,386cd22a-2dd7-4ac3-a147-8d27047bcf34,-13729431.88,6339561.5
58017,FLAGSTOP WB SCARBOROUGH RD,North Shore,Bowen Island,281,2,281,Some boarding or alighting values for this route (Line Number) at this stop are below 5 and have been suppressed to reinforce the confidential nature of the data. All values that do not meet the threshold (5) are shown as zero.,Fall 2019,7,0,0,0,0,0,7,0,0,0,0,0,Some boarding or alighting values for this stop (all Lines at this stop) are below 5 and have been suppressed to reinforce the confidential nature of the data. All values that do not meet the threshold (5) are shown as zero.,Fall 2019,Automated Passenger Counting (APC) and Automatic Vehicle Location systems,2019,58017-FLAGSTOP WB SCARBOROUGH RD,49.393034,-123.328213,21397,18c6e0b1-2a2f-47c7-baa4-cc2f6b2dc60d,-13728833.87,6341816.093
58018,NB EAGLECLIFF RD AT BAKER RD,North Shore,Bowen Island,281,3,281,Some boarding or alighting values for this route (Line Number) at this stop are below 5 and have been suppressed to reinforce the confidential nature of the data. All values that do not meet the threshold (5) are shown as zero.,Fall 2019,13,9,0,0,5,0,13,9,0,0,5,0,Some boarding or alighting values for this stop (all Lines at this stop) are below 5 and have been suppressed to reinforce the confidential nature of the data. All values that do not meet the threshold (5) are shown as zero.,Fall 2019,Automated Passenger Counting (APC) and Automatic Vehicle Location systems,2019,58018-NB EAGLECLIFF RD AT BAKER RD,49.40493,-123.312912,21398,8ff4b007-c58a-4820-a61f-37cf89b61367,-13727130.57,6343850.945
58020,FLAGSTOP EB SCARBOROUGH RD,North Shore,Bowen Island,281,5,281,Some boarding or alighting values for this route (Line Number) at this stop are below 5 and have been suppressed to reinforce the confidential nature of the data. All values that do not meet the threshold (5) are shown as zero.,Fall 2019,0,13,0,0,0,0,0,13,0,0,0,0,Some boarding or alighting values for this stop (all Lines at this stop) are below 5 and have been suppressed to reinforce the confidential nature of the data. All values that do not meet the threshold (5) are shown as zero.,Fall 2019,Automated Passenger Counting (APC) and Automatic Vehicle Location systems,2019,58020-FLAGSTOP EB SCARBOROUGH RD,49.39293,-123.328199,21399,e5ba07b5-fbc2-4d66-861a-579af7c76492,-13728832.31,6341798.306
60239,FLAGSTOP WB MILLER RD AT SCARBOROUGH RD,North Shore,Bowen Island,281,8,281,Some boarding or alighting values for this route (Line Number) at this stop are below 5 and have been suppressed to reinforce the confidential nature of the data. All values that do not meet the threshold (5) are shown as zero.,Fall 2019,0,0,0,0,0,0,0,0,0,0,0,0,Some boarding or alighting values for this stop (all Lines at this stop) are below 5 and have been suppressed to reinforce the confidential nature of the data. All values that do not meet the threshold (5) are shown as zero.,Fall 2019,Automated Passenger Counting (APC) and Automatic Vehicle Location systems,2019,60239-FLAGSTOP WB MILLER RD AT SCARBOROUGH RD,49.389393,-123.329942,21400,241075c0-9a99-4c21-a624-64361cd83894,-13729026.34,6341193.386
60240,FLAGSTOP LENORA RD AT MELMORE RD,North Shore,Bowen Island,281,11,281,Some boarding or alighting values for this route (Line Number) at this stop are below 5 and have been suppressed to reinforce the confidential nature of the data. All values that do not meet the threshold (5) are shown as zero.,Fall 2019,0,0,0,0,0,0,0,0,0,0,0,0,Some boarding or alighting values for this stop (all Lines at this stop) are below 5 and have been suppressed to reinforce the confidential nature of the data. All values that do not meet the threshold (5) are shown as zero.,Fall 2019,Automated Passenger Counting (APC) and Automatic Vehicle Location systems,2019,60240-FLAGSTOP LENORA RD AT MELMORE RD,49.383944,-123.336686,21401,da2e7614-3f25-4802-b0de-b05ca9b8f603,-13729777.08,6340261.549
61084,FLAGSTOP NB MILLER RD AT DEEP BAY,North Shore,Bowen Island,281,4,281,Some boarding or alighting values for this route (Line Number) at this stop are below 5 and have been suppressed to reinforce the confidential nature of the data. All values that do not meet the threshold (5) are shown as zero.,Fall 2019,0,5,0,0,0,0,0,5,0,0,0,0,Some boarding or alighting values for this stop (all Lines at this stop) are below 5 and have been suppressed to reinforce the confidential nature of the data. All values that do not meet the threshold (5) are shown as zero.,Fall 2019,Automated Passenger Counting (APC) and Automatic Vehicle Location systems,2019,61084-FLAGSTOP NB MILLER RD AT DEEP BAY,49.386314,-123.337463,21402,e613ff5f-f7f7-4c4d-a49f-651cf3212af8,-13729863.58,6340666.831
61085,FLAGSTOP SB MILLER RD AT DEEP BAY,North Shore,Bowen Island,281,10,281,Some boarding or alighting values for this route (Line Number) at this stop are below 5 and have been suppressed to reinforce the confidential nature of the data. All values that do not meet the threshold (5) are shown as zero.,Fall 2019,0,0,0,0,0,0,0,0,0,0,0,0,Some boarding or alighting values for this stop (all Lines at this stop) are below 5 and have been suppressed to reinforce the confidential nature of the data. All values that do not meet the threshold (5) are shown as zero.,Fall 2019,Automated Passenger Counting (APC) and Automatic Vehicle Location systems,2019,61085-FLAGSTOP SB MILLER RD AT DEEP BAY,49.386453,-123.337859,21403,d77af295-d394-4c10-9fdb-c57173b3ab34,-13729907.66,6340690.602
61159,FLAGSTOP MILLERS LANDING,North Shore,Bowen Island,281,6,281,Some boarding or alighting values for this route (Line Number) at this stop are below 5 and have been suppressed to reinforce the confidential nature of the data. All values that do not meet the threshold (5) are shown as zero.,Fall 2019,0,0,0,0,0,0,0,0,0,0,0,0,Some boarding or alighting values for this stop (all Lines at this stop) are below 5 and have been suppressed to reinforce the confidential nature of the data. All values that do not meet the threshold (5) are shown as zero.,Fall 2019,Automated Passenger Counting (APC) and Automatic Vehicle Location systems,2019,61159-FLAGSTOP MILLERS LANDING,49.388426,-123.324435,21404,c609cf89-788c-4ace-b7c4-b6db79db48b8,-13728413.31,6341028.011
61161,FLAGSTOP SB EAGLE CLIFF RD,North Shore,Bowen Island,281,1,281,Some boarding or alighting values for this route (Line Number) at this stop are below 5 and have been suppressed to reinforce the confidential nature of the data. All values that do not meet the threshold (5) are shown as zero.,Fall 2019,0,0,0,0,0,0,0,0,0,0,0,0,Some boarding or alighting values for this stop (all Lines at this stop) are below 5 and have been suppressed to reinforce the confidential nature of the data. All values that do not meet the threshold (5) are shown as zero.,Fall 2019,Automated Passenger Counting (APC) and Automatic Vehicle Location systems,2019,61161-FLAGSTOP SB EAGLE CLIFF RD,49.399938,-123.320649,21405,bdfc473c-edf4-4717-9cf4-fc76c671bc3a,-13727991.85,6342996.986
61162,FLAGSTOP NB EAGLE CLIFF RD,North Shore,Bowen Island,281,9,281,Some boarding or alighting values for this route (Line Number) at this stop are below 5 and have been suppressed to reinforce the confidential nature of the data. All values that do not meet the threshold (5) are shown as zero.,Fall 2019,0,0,0,0,0,0,0,0,0,0,0,0,Some boarding or alighting values for this stop (all Lines at this stop) are below 5 and have been suppressed to reinforce the confidential nature of the data. All values that do not meet the threshold (5) are shown as zero.,Fall 2019,Automated Passenger Counting (APC) and Automatic Vehicle Location systems,2019,61162-FLAGSTOP NB EAGLE CLIFF RD,49.399891,-123.320499,21406,52b741dd-ddd6-48be-bf5e-5a96549d1048,-13727975.15,6342988.946
58013,BOWEN ISLAND TRUNK RD AT SNUG COVE,North Shore,Bowen Island,282,4,280; 281; 282,Some boarding or alighting values for this route (Line Number) at this stop are below 5 and have been suppressed to reinforce the confidential nature of the data. All values that do not meet the threshold (5) are shown as zero.,Fall 2019,0,0,7,5,16,10,44,69,54,32,54,31,,Fall 2019,Automated Passenger Counting (APC) and Automatic Vehicle Location systems,2019,58013-BOWEN ISLAND TRUNK RD AT SNUG COVE,49.37985,-123.333585,21407,63866546-73f0-46b6-8527-189daac91d38,-13729431.88,6339561.5
58767,FLAGSTOP NB MT GARDNER RD AT KILLARNEY LAKE,North Shore,Bowen Island,282,1,282,Some boarding or alighting values for this route (Line Number) at this stop are below 5 and have been suppressed to reinforce the confidential nature of the data. All values that do not meet the threshold (5) are shown as zero.,Fall 2019,0,0,0,0,0,10,0,0,0,0,0,10,Some boarding or alighting values for this stop (all Lines at this stop) are below 5 and have been suppressed to reinforce the confidential nature of the data. All values that do not meet the threshold (5) are shown as zero.,Fall 2019,Automated Passenger Counting (APC) and Automatic Vehicle Location systems,2019,58767-FLAGSTOP NB MT GARDNER RD AT KILLARNEY LAKE,49.389048,-123.356496,21408,74c180a3-f683-461f-be6d-20dec821b487,-13731982.32,6341134.384
60237,FLAGSTOP AT ARTISAN SQUARE,North Shore,Bowen Island,282,8,280; 282,Some boarding or alighting values for this route (Line Number) at this stop are below 5 and have been suppressed to reinforce the confidential nature of the data. All values that do not meet the threshold (5) are shown as zero.,Fall 2019,0,0,0,0,0,0,0,8,5,10,0,7,Some boarding or alighting values for this stop (all Lines at this stop) are below 5 and have been suppressed to reinforce the confidential nature of the data. All values that do not meet the threshold (5) are shown as zero.,Fall 2019,Automated Passenger Counting (APC) and Automatic Vehicle Location systems,2019,60237-FLAGSTOP AT ARTISAN SQUARE,49.380323,-123.345848,21409,fe385cef-bd78-40a5-aff6-e6d3fc3b6a9b,-13730796.99,6339642.377
60290,SB MT GARDNER AT MAGEE RD,North Shore,Bowen Island,282,7,282,Some boarding or alighting values for this route (Line Number) at this stop are below 5 and have been suppressed to reinforce the confidential nature of the data. All values that do not meet the threshold (5) are shown as zero.,Fall 2019,0,0,0,0,0,0,0,0,0,0,0,0,Some boarding or alighting values for this stop (all Lines at this stop) are below 5 and have been suppressed to reinforce the confidential nature of the data. All values that do not meet the threshold (5) are shown as zero.,Fall 2019,Automated Passenger Counting (APC) and Automatic Vehicle Location systems,2019,60290-SB MT GARDNER AT MAGEE RD,49.387519,-123.354759,21410,810f8029-0bf3-457c-934b-222c89b82300,-13731788.96,6340872.9
61082,FLAGSTOP SB MT GARDNER RD AT KILLARNEY LAKE,North Shore,Bowen Island,282,5,282,Some boarding or alighting values for this route (Line Number) at this stop are below 5 and have been suppressed to reinforce the confidential nature of the data. All values that do not meet the threshold (5) are shown as zero.,Fall 2019,0,0,0,0,0,0,0,0,0,0,0,0,Some boarding or alighting values for this stop (all Lines at this stop) are below 5 and have been suppressed to reinforce the confidential nature of the data. All values that do not meet the threshold (5) are shown as zero.,Fall 2019,Automated Passenger Counting (APC) and Automatic Vehicle Location systems,2019,61082-FLAGSTOP SB MT GARDNER RD AT KILLARNEY LAKE,49.388766,-123.35714,21411,138929e6-3961-461a-afa6-345957fdc2ed,-13732054.01,6341086.157
61083,FLAGSTOP SB ENDSWELL FARM,North Shore,Bowen Island,282,2,282,Some boarding or alighting values for this route (Line Number) at this stop are below 5 and have been suppressed to reinforce the confidential nature of the data. All values that do not meet the threshold (5) are shown as zero.,Fall 2019,0,0,0,0,0,8,0,0,0,0,0,8,Some boarding or alighting values for this stop (all Lines at this stop) are below 5 and have been suppressed to reinforce the confidential nature of the data. All values that do not meet the threshold (5) are shown as zero.,Fall 2019,Automated Passenger Counting (APC) and Automatic Vehicle Location systems,2019,61083-FLAGSTOP SB ENDSWELL FARM,49.401676,-123.365576,21412,4bf6462a-3c4d-4e56-8712-fc8d8567a45f,-13732993.1,6343294.288
61157,FLAGSTOP NB MT GARDNER RD,North Shore,Bowen Island,282,6,282,Some boarding or alighting values for this route (Line Number) at this stop are below 5 and have been suppressed to reinforce the confidential nature of the data. All values that do not meet the threshold (5) are shown as zero.,Fall 2019,0,0,0,0,0,0,0,0,0,0,0,0,Some boarding or alighting values for this stop (all Lines at this stop) are below 5 and have been suppressed to reinforce the confidential nature of the data. All values that do not meet the threshold (5) are shown as zero.,Fall 2019,Automated Passenger Counting (APC) and Automatic Vehicle Location systems,2019,61157-FLAGSTOP NB MT GARDNER RD,49.395748,-123.362859,21413,c5993b70-aad1-4f3c-9230-f8ad65813471,-13732690.65,6342280.289
61158,FLAGSTOP SB MT GARDNER RD,North Shore,Bowen Island,282,3,282,Some boarding or alighting values for this route (Line Number) at this stop are below 5 and have been suppressed to reinforce the confidential nature of the data. All values that do not meet the threshold (5) are shown as zero.,Fall 2019,0,0,0,0,0,0,0,0,0,0,0,0,Some boarding or alighting values for this stop (all Lines at this stop) are below 5 and have been suppressed to reinforce the confidential nature of the data. All values that do not meet the threshold (5) are shown as zero.,Fall 2019,Automated Passenger Counting (APC) and Automatic Vehicle Location systems,2019,61158-FLAGSTOP SB MT GARDNER RD,49.395711,-123.363022,21414,f36ba15e-b510-4ee8-8a70-037761719259,-13732708.79,6342273.96
55258,SB 177B ST AT 56A AVE,Southeast,Surrey,370,37,342; 370,Some boarding or alighting values for this route (Line Number) at this stop are below 5 and have been suppressed to reinforce the confidential nature of the data. All values that do not meet the threshold (5) are shown as zero.,Fall 2019,0,8,0,0,0,0,16,28,7,16,8,12,,Fall 2019,Automated Passenger Counting (APC) and Automatic Vehicle Location systems,2019,55258-SB 177B ST AT 56A AVE,49.105445,-122.730386,23471,dcd9f48f-c36b-48de-b659-1a4480eb8f4a,-13662284.07,6292772.181
55259,EB HWY 10 AT 177B ST,Southeast,Surrey,370,39,342; 370,Some boarding or alighting values for this route (Line Number) at this stop are below 5 and have been suppressed to reinforce the confidential nature of the data. All values that do not meet the threshold (5) are shown as zero.,Fall 2019,0,16,0,7,0,0,34,63,18,47,20,37,,Fall 2019,Automated Passenger Counting (APC) and Automatic Vehicle Location systems,2019,55259-EB HWY 10 AT 177B ST,49.104048,-122.729694,23472,d2e8ce26-6ae7-43b6-be2c-fef436e356e8,-13662207.04,6292534.639
55271,EB 60 AVE AT 180 ST,Southeast,Surrey,370,55,320; 370,Some boarding or alighting values for this route (Line Number) at this stop are below 5 and have been suppressed to reinforce the confidential nature of the data. All values that do not meet the threshold (5) are shown as zero.,Fall 2019,12,0,0,0,0,0,34,76,11,12,9,7,,Fall 2019,Automated Passenger Counting (APC) and Automatic Vehicle Location systems,2019,55271-EB 60 AVE AT 180 ST,49.111364,-122.723195,23473,bb83dd58-d562-43c4-8bf6-91c179187461,-13661483.58,6293778.704
55272,EB 60 AVE AT 182 ST,Southeast,Surrey,370,1,320; 370,Some boarding or alighting values for this route (Line Number) at this stop are below 5 and have been suppressed to reinforce the confidential nature of the data. All values that do not meet the threshold (5) are shown as zero.,Fall 2019,0,0,0,0,0,0,16,28,10,18,10,14,,Fall 2019,Automated Passenger Counting (APC) and Automatic Vehicle Location systems,2019,55272-EB 60 AVE AT 182 ST,49.11136,-122.717882,23474,fe9d1974-ff91-4371-b05c-53d45b0997e2,-13660892.14,6293778.023
55282,EB 64 AVE AT 196 ST,Southeast,Langley Township,370,40,364; 370; 395,Some boarding or alighting values for this route (Line Number) at this stop are below 5 and have been suppressed to reinforce the confidential nature of the data. All values that do not meet the threshold (5) are shown as zero.,Fall 2019,0,0,0,0,0,0,8,32,6,20,0,16,Some boarding or alighting values for this stop (all Lines at this stop) are below 5 and have been suppressed to reinforce the confidential nature of the data. All values that do not meet the threshold (5) are shown as zero.,Fall 2019,Automated Passenger Counting (APC) and Automatic Vehicle Location systems,2019,55282-EB 64 AVE AT 196 ST,49.118993,-122.679504,23475,70d9d4ff-7bd5-49dc-b7e2-5a06af166ce2,-13656619.92,6295076.188
55283,SB 197 ST AT 64 AVE,Southeast,Langley Township,370,41,370; 531; 564,Some boarding or alighting values for this route (Line Number) at this stop are below 5 and have been suppressed to reinforce the confidential nature of the data. All values that do not meet the threshold (5) are shown as zero.,Fall 2019,0,5,0,0,0,0,0,23,0,9,0,10,Some boarding or alighting values for this stop (all Lines at this stop) are below 5 and have been suppressed to reinforce the confidential nature of the data. All values that do not meet the threshold (5) are shown as zero.,Fall 2019,Automated Passenger Counting (APC) and Automatic Vehicle Location systems,2019,55283-SB 197 ST AT 64 AVE,49.11866,-122.677124,23476,d42c65e6-f97a-498e-b3a1-a6f425f420ea,-13656354.98,6295019.55
55321,WB HWY 10 AT 180 ST,Southeast,Surrey,370,23,342; 370,Some boarding or alighting values for this route (Line Number) at this stop are below 5 and have been suppressed to reinforce the confidential nature of the data. All values that do not meet the threshold (5) are shown as zero.,Fall 2019,0,0,0,0,0,0,55,36,13,9,12,6,,Fall 2019,Automated Passenger Counting (APC) and Automatic Vehicle Location systems,2019,55321-WB HWY 10 AT 180 ST,49.104231,-122.72436,23477,4d2d00cb-5504-4f8c-b85b-9c422b15cf51,-13661613.26,6292565.755
55322,WB HWY 10 AT 17800 BLOCK,Southeast,Surrey,370,43,342; 370,Some boarding or alighting values for this route (Line Number) at this stop are below 5 and have been suppressed to reinforce the confidential nature of the data. All values that do not meet the threshold (5) are shown as zero.,Fall 2019,0,0,0,0,0,0,13,5,6,5,9,5,,Fall 2019,Automated Passenger Counting (APC) and Automatic Vehicle Location systems,2019,55322-WB HWY 10 AT 17800 BLOCK,49.104239,-122.728124,23478,e857c405-8991-4de5-a464-779a4e52129a,-13662032.27,6292567.116
55328,WB 64 AVE AT 197 ST,Southeast,Langley Township,370,24,364; 370; 395,Some boarding or alighting values for this route (Line Number) at this stop are below 5 and have been suppressed to reinforce the confidential nature of the data. All values that do not meet the threshold (5) are shown as zero.,Fall 2019,0,0,0,0,0,0,30,7,14,0,16,0,Some boarding or alighting values for this stop (all Lines at this stop) are below 5 and have been suppressed to reinforce the confidential nature of the data. All values that do not meet the threshold (5) are shown as zero.,Fall 2019,Automated Passenger Counting (APC) and Automatic Vehicle Location systems,2019,55328-WB 64 AVE AT 197 ST,49.119129,-122.677839,23479,1781ab82-0e88-4f1b-8baa-0390a608b7a4,-13656434.57,6295099.32
55336,WB 60 AVE AT 184 ST,Southeast,Surrey,370,21,320; 370,Some boarding or alighting values for this route (Line Number) at this stop are below 5 and have been suppressed to reinforce the confidential nature of the data. All values that do not meet the threshold (5) are shown as zero.,Fall 2019,9,13,0,5,0,5,49,33,28,24,26,22,,Fall 2019,Automated Passenger Counting (APC) and Automatic Vehicle Location systems,2019,55336-WB 60 AVE AT 184 ST,49.11149,-122.713126,23480,9f9f1d1b-8528-42e5-ba68-afea19f056b1,-13660362.7,6293800.131
55337,WB 60 AVE AT 182 ST,Southeast,Surrey,370,25,320; 370,Some boarding or alighting values for this route (Line Number) at this stop are below 5 and have been suppressed to reinforce the confidential nature of the data. All values that do not meet the threshold (5) are shown as zero.,Fall 2019,0,0,0,0,0,0,23,14,13,6,9,7,,Fall 2019,Automated Passenger Counting (APC) and Automatic Vehicle Location systems,2019,55337-WB 60 AVE AT 182 ST,49.111478,-122.718612,23481,acea97ae-b4f8-4790-92da-23bfed54e345,-13660973.4,6293798.09
55338,WB 60 AVE AT 180 ST,Southeast,Surrey,370,27,320; 370,Some boarding or alighting values for this route (Line Number) at this stop are below 5 and have been suppressed to reinforce the confidential nature of the data. All values that do not meet the threshold (5) are shown as zero.,Fall 2019,0,8,0,5,0,0,65,24,11,10,7,6,,Fall 2019,Automated Passenger Counting (APC) and Automatic Vehicle Location systems,2019,55338-WB 60 AVE AT 180 ST,49.111512,-122.724292,23482,ca8220fe-ba01-434b-b655-f8812f92915a,-13661605.69,6293803.872
55342,NB 177B ST AT HWY 10,Southeast,Surrey,370,45,342; 370,Some boarding or alighting values for this route (Line Number) at this stop are below 5 and have been suppressed to reinforce the confidential nature of the data. All values that do not meet the threshold (5) are shown as zero.,Fall 2019,15,0,5,0,0,0,58,28,36,18,31,12,,Fall 2019,Automated Passenger Counting (APC) and Automatic Vehicle Location systems,2019,55342-NB 177B ST AT HWY 10,49.104688,-122.73018,23483,4fe41f81-8283-42e2-a177-a492efeb33cd,-13662261.14,6292643.462
55980,SB 176A ST AT 60 AVE,Southeast,Surrey,370,31,370,Some boarding or alighting values for this route (Line Number) at this stop are below 5 and have been suppressed to reinforce the confidential nature of the data. All values that do not meet the threshold (5) are shown as zero.,Fall 2019,0,16,0,5,0,6,0,16,0,5,0,6,Some boarding or alighting values for this stop (all Lines at this stop) are below 5 and have been suppressed to reinforce the confidential nature of the data. All values that do not meet the threshold (5) are shown as zero.,Fall 2019,Automated Passenger Counting (APC) and Automatic Vehicle Location systems,2019,55980-SB 176A ST AT 60 AVE,49.11088,-122.733805,23484,05e6f3cd-1b3f-4d90-860b-84fffab89a78,-13662664.68,6293696.395
55981,SB 176A ST AT 58A AVE,Southeast,Surrey,370,33,370,Some boarding or alighting values for this route (Line Number) at this stop are below 5 and have been suppressed to reinforce the confidential nature of the data. All values that do not meet the threshold (5) are shown as zero.,Fall 2019,0,11,0,0,0,0,0,11,0,0,0,0,Some boarding or alighting values for this stop (all Lines at this stop) are below 5 and have been suppressed to reinforce the confidential nature of the data. All values that do not meet the threshold (5) are shown as zero.,Fall 2019,Automated Passenger Counting (APC) and Automatic Vehicle Location systems,2019,55981-SB 176A ST AT 58A AVE,49.109059,-122.733788,23485,847a0a75-d131-4be7-b308-0bd2f8d9ebd9,-13662662.78,6293386.725
57032,EB WILLOWBROOK DR AT 197 ST,Southeast,Langley Township,370,42,370; 501; 531,Some boarding or alighting values for this route (Line Number) at this stop are below 5 and have been suppressed to reinforce the confidential nature of the data. All values that do not meet the threshold (5) are shown as zero.,Fall 2019,0,55,0,30,0,24,68,119,44,84,28,59,,Fall 2019,Automated Passenger Counting (APC) and Automatic Vehicle Location systems,2019,57032-EB WILLOWBROOK DR AT 197 ST,49.116703,-122.676459,23486,906a0c20-32b4-4c6e-b36a-c838d91cd34e,-13656280.95,6294686.701
60206,WB 64 AVE AT 196 ST,Southeast,Surrey,370,44,364; 370; 395,Some boarding or alighting values for this route (Line Number) at this stop are below 5 and have been suppressed to reinforce the confidential nature of the data. All values that do not meet the threshold (5) are shown as zero.,Fall 2019,0,0,0,0,0,0,28,7,12,5,13,0,Some boarding or alighting values for this stop (all Lines at this stop) are below 5 and have been suppressed to reinforce the confidential nature of the data. All values that do not meet the threshold (5) are shown as zero.,Fall 2019,Automated Passenger Counting (APC) and Automatic Vehicle Location systems,2019,60206-WB 64 AVE AT 196 ST,49.119175,-122.680507,23487,011ce025-8056-4d79-b85f-bf660df51678,-13656731.57,6295107.144
60207,EB 64 AVE AT 194 ST,Southeast,Surrey,370,38,364; 370; 395,Some boarding or alighting values for this route (Line Number) at this stop are below 5 and have been suppressed to reinforce the confidential nature of the data. All values that do not meet the threshold (5) are shown as zero.,Fall 2019,0,0,0,0,0,0,13,23,7,9,7,7,,Fall 2019,Automated Passenger Counting (APC) and Automatic Vehicle Location systems,2019,60207-EB 64 AVE AT 194 ST,49.119024,-122.684578,23488,223c99ce-ad6a-4be9-bb88-9c9d3a0353ad,-13657184.75,6295081.461
60521,NB 180 ST AT 55 AVE,Southeast,Surrey,370,12,370,Some boarding or alighting values for this route (Line Number) at this stop are below 5 and have been suppressed to reinforce the confidential nature of the data. All values that do not meet the threshold (5) are shown as zero.,Fall 2019,13,16,0,6,0,5,13,16,0,6,0,5,Some boarding or alighting values for this stop (all Lines at this stop) are below 5 and have been suppressed to reinforce the confidential nature of the data. All values that do not meet the threshold (5) are shown as zero.,Fall 2019,Automated Passenger Counting (APC) and Automatic Vehicle Location systems,2019,60521-NB 180 ST AT 55 AVE,49.102886,-122.723724,23489,66ae5617-3346-4c09-9602-85be0cffbf58,-13661542.46,6292337.061
60661,WB 60 AVE AT 179 ST,Southeast,Surrey,370,29,320; 370,Some boarding or alighting values for this route (Line Number) at this stop are below 5 and have been suppressed to reinforce the confidential nature of the data. All values that do not meet the threshold (5) are shown as zero.,Fall 2019,0,0,0,0,0,0,10,13,0,14,0,10,Some boarding or alighting values for this stop (all Lines at this stop) are below 5 and have been suppressed to reinforce the confidential nature of the data. All values that do not meet the threshold (5) are shown as zero.,Fall 2019,Automated Passenger Counting (APC) and Automatic Vehicle Location systems,2019,60661-WB 60 AVE AT 179 ST,49.111524,-122.727349,23490,80490eff-2ed1-46f1-842a-32821ff5101b,-13661946,6293805.913
60750,NB 184 ST AT 60 AVE,Southeast,Surrey,370,3,370,Some boarding or alighting values for this route (Line Number) at this stop are below 5 and have been suppressed to reinforce the confidential nature of the data. All values that do not meet the threshold (5) are shown as zero.,Fall 2019,10,9,0,0,0,0,10,9,0,0,0,0,Some boarding or alighting values for this stop (all Lines at this stop) are below 5 and have been suppressed to reinforce the confidential nature of the data. All values that do not meet the threshold (5) are shown as zero.,Fall 2019,Automated Passenger Counting (APC) and Automatic Vehicle Location systems,2019,60750-NB 184 ST AT 60 AVE,49.111824,-122.712514,23491,96749c2e-7ca8-45da-a4fc-a3dbcfb9c303,-13660294.57,6293856.931
60751,NB 184 ST AT 6200 BLOCK,Southeast,Surrey,370,5,370,Some boarding or alighting values for this route (Line Number) at this stop are below 5 and have been suppressed to reinforce the confidential nature of the data. All values that do not meet the threshold (5) are shown as zero.,Fall 2019,6,0,0,0,0,0,6,0,0,0,0,0,Some boarding or alighting values for this stop (all Lines at this stop) are below 5 and have been suppressed to reinforce the confidential nature of the data. All values that do not meet the threshold (5) are shown as zero.,Fall 2019,Automated Passenger Counting (APC) and Automatic Vehicle Location systems,2019,60751-NB 184 ST AT 6200 BLOCK,49.11534,-122.712489,23492,e51ad447-3ef1-4ec8-9acd-a7a7323f7599,-13660291.79,6294454.888
60752,EB 64 AVE AT 184 ST,Southeast,Surrey,370,7,364; 370; 395,Some boarding or alighting values for this route (Line Number) at this stop are below 5 and have been suppressed to reinforce the confidential nature of the data. All values that do not meet the threshold (5) are shown as zero.,Fall 2019,11,9,0,0,0,0,43,79,27,36,19,27,,Fall 2019,Automated Passenger Counting (APC) and Automatic Vehicle Location systems,2019,60752-EB 64 AVE AT 184 ST,49.11868,-122.711957,23493,41b6ad40-29eb-4082-a18d-209af51986ac,-13660232.57,6295022.952
60753,EB 64 AVE AT 186 ST,Southeast,Surrey,370,9,364; 370; 395,Some boarding or alighting values for this route (Line Number) at this stop are below 5 and have been suppressed to reinforce the confidential nature of the data. All values that do not meet the threshold (5) are shown as zero.,Fall 2019,0,0,0,0,0,0,21,15,11,8,13,9,,Fall 2019,Automated Passenger Counting (APC) and Automatic Vehicle Location systems,2019,60753-EB 64 AVE AT 186 ST,49.118783,-122.706555,23494,a3249b88-06d7-4f60-9c1b-5a19b0c04781,-13659631.22,6295040.47
60754,NB 188 ST AT 64 AVE,Southeast,Surrey,370,13,370,Some boarding or alighting values for this route (Line Number) at this stop are below 5 and have been suppressed to reinforce the confidential nature of the data. All values that do not meet the threshold (5) are shown as zero.,Fall 2019,0,0,0,0,0,0,0,0,0,0,0,0,Some boarding or alighting values for this stop (all Lines at this stop) are below 5 and have been suppressed to reinforce the confidential nature of the data. All values that do not meet the threshold (5) are shown as zero.,Fall 2019,Automated Passenger Counting (APC) and Automatic Vehicle Location systems,2019,60754-NB 188 ST AT 64 AVE,49.119726,-122.701633,23495,eba7b48b-042b-4607-abca-498917b2a33e,-13659083.31,6295200.862
60755,NB 188 ST AT FRASER HWY,Southeast,Surrey,370,15,370; 372,,Fall 2019,28,21,10,8,8,5,33,32,15,14,12,11,,Fall 2019,Automated Passenger Counting (APC) and Automatic Vehicle Location systems,2019,60755-NB 188 ST AT FRASER HWY,49.124045,-122.701454,23496,cd0543b7-9a33-4cd7-a630-e1acd62b4c27,-13659063.38,6295935.506
60756,NB 188 ST AT 70 AVE,Southeast,Surrey,370,19,370,Some boarding or alighting values for this route (Line Number) at this stop are below 5 and have been suppressed to reinforce the confidential nature of the data. All values that do not meet the threshold (5) are shown as zero.,Fall 2019,5,9,0,0,0,0,5,9,0,0,0,0,Some boarding or alighting values for this stop (all Lines at this stop) are below 5 and have been suppressed to reinforce the confidential nature of the data. All values that do not meet the threshold (5) are shown as zero.,Fall 2019,Automated Passenger Counting (APC) and Automatic Vehicle Location systems,2019,60756-NB 188 ST AT 70 AVE,49.130061,-122.701575,23497,3dd415e7-fe43-4616-9f51-250d98b37d37,-13659076.85,6296958.908
60757,EB 72 AVE AT 188 ST,Southeast,Surrey,370,22,370; 372,Some boarding or alighting values for this route (Line Number) at this stop are below 5 and have been suppressed to reinforce the confidential nature of the data. All values that do not meet the threshold (5) are shown as zero.,Fall 2019,0,9,0,0,0,0,20,18,11,8,8,5,,Fall 2019,Automated Passenger Counting (APC) and Automatic Vehicle Location systems,2019,60757-EB 72 AVE AT 188 ST,49.133467,-122.701005,23498,c290e0ff-4f70-486c-8b67-ce37de773420,-13659013.4,6297538.37
60758,EB 72 AVE AT 190 ST,Southeast,Surrey,370,26,370; 372,Some boarding or alighting values for this route (Line Number) at this stop are below 5 and have been suppressed to reinforce the confidential nature of the data. All values that do not meet the threshold (5) are shown as zero.,Fall 2019,0,7,0,0,0,0,22,19,13,9,7,7,,Fall 2019,Automated Passenger Counting (APC) and Automatic Vehicle Location systems,2019,60758-EB 72 AVE AT 190 ST,49.133542,-122.695491,23499,dc923026-8cee-4b16-8ee8-7c635c9607b6,-13658399.58,6297551.13
60759,SB 192 ST AT 72 AVE,Southeast,Surrey,370,28,370,,Fall 2019,18,21,9,8,7,5,18,21,9,8,7,5,,Fall 2019,Automated Passenger Counting (APC) and Automatic Vehicle Location systems,2019,60759-SB 192 ST AT 72 AVE,49.133016,-122.690955,23500,230ac3cc-2bd1-40b3-9a90-5c4f4e974d38,-13657894.64,6297461.639
60760,SB 192 ST AT 70 AVE,Southeast,Surrey,370,30,370,,Fall 2019,14,13,6,6,7,5,14,13,6,6,7,5,,Fall 2019,Automated Passenger Counting (APC) and Automatic Vehicle Location systems,2019,60760-SB 192 ST AT 70 AVE,49.129682,-122.690987,23501,8f818dce-d17a-4451-91be-d79b0d92ab17,-13657898.2,6296894.431
60763,NB 198 ST AT WILLOWBROOK DR,Southeast,Langley Township,370,10,370,,Fall 2019,66,31,48,20,38,17,66,31,48,20,38,17,,Fall 2019,Automated Passenger Counting (APC) and Automatic Vehicle Location systems,2019,60763-NB 198 ST AT WILLOWBROOK DR,49.118016,-122.674614,23502,b26ad3f1-564f-4861-8cc6-dec9b1fc63f5,-13656075.56,6294910.016
60766,NB 192 ST AT 70 AVE,Southeast,Surrey,370,53,370,,Fall 2019,15,9,5,5,5,5,15,9,5,5,5,5,,Fall 2019,Automated Passenger Counting (APC) and Automatic Vehicle Location systems,2019,60766-NB 192 ST AT 70 AVE,49.130327,-122.690724,23503,594abf59-b68b-48a4-89a3-5e26275c92d9,-13657868.92,6297004.161
60767,WB 72 AVE AT 192 ST,Southeast,Surrey,370,56,370; 372,,Fall 2019,34,14,10,12,12,7,63,56,33,33,31,26,,Fall 2019,Automated Passenger Counting (APC) and Automatic Vehicle Location systems,2019,60767-WB 72 AVE AT 192 ST,49.133736,-122.691418,23504,698d740a-dcfa-4c97-85e2-fc8020cbca6b,-13657946.18,6297584.136
60768,WB 72 AVE AT 190 ST,Southeast,Surrey,370,2,370; 372,Some boarding or alighting values for this route (Line Number) at this stop are below 5 and have been suppressed to reinforce the confidential nature of the data. All values that do not meet the threshold (5) are shown as zero.,Fall 2019,6,0,0,0,0,0,13,17,6,10,0,8,Some boarding or alighting values for this stop (all Lines at this stop) are below 5 and have been suppressed to reinforce the confidential nature of the data. All values that do not meet the threshold (5) are shown as zero.,Fall 2019,Automated Passenger Counting (APC) and Automatic Vehicle Location systems,2019,60768-WB 72 AVE AT 190 ST,49.133647,-122.696881,23505,07d0eaa7-c5cd-4b27-bdd2-8a0caf6a58f2,-13658554.31,6297568.994
60769,WB 72 AVE AT 188 ST,Southeast,Surrey,370,4,370; 372,Some boarding or alighting values for this route (Line Number) at this stop are below 5 and have been suppressed to reinforce the confidential nature of the data. All values that do not meet the threshold (5) are shown as zero.,Fall 2019,7,0,0,0,0,0,10,12,0,6,0,5,Some boarding or alighting values for this stop (all Lines at this stop) are below 5 and have been suppressed to reinforce the confidential nature of the data. All values that do not meet the threshold (5) are shown as zero.,Fall 2019,Automated Passenger Counting (APC) and Automatic Vehicle Location systems,2019,60769-WB 72 AVE AT 188 ST,49.133553,-122.700632,23506,09bcc0fc-cdaf-4f73-a18c-edf8ebc87615,-13658971.87,6297553.001
60770,SB 188 ST AT 70 AVE,Southeast,Surrey,370,6,370,Some boarding or alighting values for this route (Line Number) at this stop are below 5 and have been suppressed to reinforce the confidential nature of the data. All values that do not meet the threshold (5) are shown as zero.,Fall 2019,9,17,0,0,0,0,9,17,0,0,0,0,Some boarding or alighting values for this stop (all Lines at this stop) are below 5 and have been suppressed to reinforce the confidential nature of the data. All values that do not meet the threshold (5) are shown as zero.,Fall 2019,Automated Passenger Counting (APC) and Automatic Vehicle Location systems,2019,60770-SB 188 ST AT 70 AVE,49.129555,-122.701763,23507,2d2ecdac-cd58-4888-8dd4-c34ea5b0f339,-13659097.78,6296872.826
60771,SB 188 ST AT FRASER HWY,Southeast,Surrey,370,11,370,Some boarding or alighting values for this route (Line Number) at this stop are below 5 and have been suppressed to reinforce the confidential nature of the data. All values that do not meet the threshold (5) are shown as zero.,Fall 2019,13,9,0,0,0,5,13,9,0,0,0,5,Some boarding or alighting values for this stop (all Lines at this stop) are below 5 and have been suppressed to reinforce the confidential nature of the data. All values that do not meet the threshold (5) are shown as zero.,Fall 2019,Automated Passenger Counting (APC) and Automatic Vehicle Location systems,2019,60771-SB 188 ST AT FRASER HWY,49.123019,-122.70188,23508,8b507df1-92e6-4430-946b-c3a2dd7c92b7,-13659110.8,6295760.982
60772,WB 64 AVE AT 188 ST,Southeast,Surrey,370,14,364; 370; 395,Some boarding or alighting values for this route (Line Number) at this stop are below 5 and have been suppressed to reinforce the confidential nature of the data. All values that do not meet the threshold (5) are shown as zero.,Fall 2019,0,11,0,0,0,0,39,19,19,8,14,9,,Fall 2019,Automated Passenger Counting (APC) and Automatic Vehicle Location systems,2019,60772-WB 64 AVE AT 188 ST,49.119036,-122.702518,23509,30aa074a-b1d0-4736-b122-724574c84984,-13659181.82,6295083.502
60773,WB 64 AVE AT 186 ST,Southeast,Surrey,370,16,364; 370; 395,Some boarding or alighting values for this route (Line Number) at this stop are below 5 and have been suppressed to reinforce the confidential nature of the data. All values that do not meet the threshold (5) are shown as zero.,Fall 2019,0,5,0,6,0,0,18,13,8,13,7,8,,Fall 2019,Automated Passenger Counting (APC) and Automatic Vehicle Location systems,2019,60773-WB 64 AVE AT 186 ST,49.118909,-122.708121,23510,6152c98d-898b-4e8f-8c82-5cd21166fa35,-13659805.55,6295061.901
60774,SB 184 ST AT 64 AVE,Southeast,Surrey,370,17,370,Some boarding or alighting values for this route (Line Number) at this stop are below 5 and have been suppressed to reinforce the confidential nature of the data. All values that do not meet the threshold (5) are shown as zero.,Fall 2019,7,0,0,0,0,0,7,0,0,0,0,0,Some boarding or alighting values for this stop (all Lines at this stop) are below 5 and have been suppressed to reinforce the confidential nature of the data. All values that do not meet the threshold (5) are shown as zero.,Fall 2019,Automated Passenger Counting (APC) and Automatic Vehicle Location systems,2019,60774-SB 184 ST AT 64 AVE,49.11801,-122.712661,23511,9d547b06-6ca7-4d81-a654-75e31492e15b,-13660310.94,6294908.996
60775,SB 184 ST AT 63 AVE,Southeast,Surrey,370,20,370,Some boarding or alighting values for this route (Line Number) at this stop are below 5 and have been suppressed to reinforce the confidential nature of the data. All values that do not meet the threshold (5) are shown as zero.,Fall 2019,0,0,0,0,0,0,0,0,0,0,0,0,Some boarding or alighting values for this stop (all Lines at this stop) are below 5 and have been suppressed to reinforce the confidential nature of the data. All values that do not meet the threshold (5) are shown as zero.,Fall 2019,Automated Passenger Counting (APC) and Automatic Vehicle Location systems,2019,60775-SB 184 ST AT 63 AVE,49.115861,-122.712713,23512,0c48a433-d9fd-4ed7-907c-34075f93d15e,-13660316.73,6294543.496
60778,NB 176A ST AT 60 AVE,Southeast,Surrey,370,54,370,Some boarding or alighting values for this route (Line Number) at this stop are below 5 and have been suppressed to reinforce the confidential nature of the data. All values that do not meet the threshold (5) are shown as zero.,Fall 2019,11,0,5,0,5,0,11,0,5,0,5,0,Some boarding or alighting values for this stop (all Lines at this stop) are below 5 and have been suppressed to reinforce the confidential nature of the data. All values that do not meet the threshold (5) are shown as zero.,Fall 2019,Automated Passenger Counting (APC) and Automatic Vehicle Location systems,2019,60778-NB 176A ST AT 60 AVE,49.110713,-122.733614,23513,917080a2-c5b7-45a1-a55e-e23a14c6411d,-13662643.41,6293667.995
60779,NB 176A ST AT 58A AVE,Southeast,Surrey,370,51,370,Some boarding or alighting values for this route (Line Number) at this stop are below 5 and have been suppressed to reinforce the confidential nature of the data. All values that do not meet the threshold (5) are shown as zero.,Fall 2019,6,0,0,0,0,0,6,0,0,0,0,0,Some boarding or alighting values for this stop (all Lines at this stop) are below 5 and have been suppressed to reinforce the confidential nature of the data. All values that do not meet the threshold (5) are shown as zero.,Fall 2019,Automated Passenger Counting (APC) and Automatic Vehicle Location systems,2019,60779-NB 176A ST AT 58A AVE,49.108947,-122.733607,23514,33a9f3b2-7a9d-436a-8fad-a52662aa2d06,-13662642.63,6293367.679
60780,NB 176A ST AT 57 AVE,Southeast,Surrey,370,49,370,Some boarding or alighting values for this route (Line Number) at this stop are below 5 and have been suppressed to reinforce the confidential nature of the data. All values that do not meet the threshold (5) are shown as zero.,Fall 2019,21,0,0,0,0,0,21,0,0,0,0,0,Some boarding or alighting values for this stop (all Lines at this stop) are below 5 and have been suppressed to reinforce the confidential nature of the data. All values that do not meet the threshold (5) are shown as zero.,Fall 2019,Automated Passenger Counting (APC) and Automatic Vehicle Location systems,2019,60780-NB 176A ST AT 57 AVE,49.106322,-122.733595,23515,777b6ecd-17eb-4629-998b-52699f07c97c,-13662641.3,6292921.307
60781,WB 57 AVE AT 177B ST,Southeast,Surrey,370,47,370,Some boarding or alighting values for this route (Line Number) at this stop are below 5 and have been suppressed to reinforce the confidential nature of the data. All values that do not meet the threshold (5) are shown as zero.,Fall 2019,5,0,0,0,0,0,5,0,0,0,0,0,Some boarding or alighting values for this stop (all Lines at this stop) are below 5 and have been suppressed to reinforce the confidential nature of the data. All values that do not meet the threshold (5) are shown as zero.,Fall 2019,Automated Passenger Counting (APC) and Automatic Vehicle Location systems,2019,60781-WB 57 AVE AT 177B ST,49.106067,-122.730864,23516,e3334b6f-7dcc-41e6-867a-bcf0e21d61c6,-13662337.29,6292877.946
60782,EB 57 AVE AT 176A ST,Southeast,Surrey,370,35,370,Some boarding or alighting values for this route (Line Number) at this stop are below 5 and have been suppressed to reinforce the confidential nature of the data. All values that do not meet the threshold (5) are shown as zero.,Fall 2019,0,20,0,7,0,0,0,20,0,7,0,0,Some boarding or alighting values for this stop (all Lines at this stop) are below 5 and have been suppressed to reinforce the confidential nature of the data. All values that do not meet the threshold (5) are shown as zero.,Fall 2019,Automated Passenger Counting (APC) and Automatic Vehicle Location systems,2019,60782-EB 57 AVE AT 176A ST,49.105915,-122.732833,23517,8a044eb1-425c-41fc-bd1c-0b5cd8f4f3bd,-13662556.47,6292852.099
60784,SB 188 ST AT 68 AVE,Southeast,Surrey,370,8,370,Some boarding or alighting values for this route (Line Number) at this stop are below 5 and have been suppressed to reinforce the confidential nature of the data. All values that do not meet the threshold (5) are shown as zero.,Fall 2019,11,41,0,13,0,13,11,41,0,13,0,13,Some boarding or alighting values for this stop (all Lines at this stop) are below 5 and have been suppressed to reinforce the confidential nature of the data. All values that do not meet the threshold (5) are shown as zero.,Fall 2019,Automated Passenger Counting (APC) and Automatic Vehicle Location systems,2019,60784-SB 188 ST AT 68 AVE,49.125409,-122.701802,23518,bd66b6c8-6c81-4532-a4f0-6ece19d7bbc3,-13659102.12,6296167.529
60785,NB 188 ST AT 68 AVE,Southeast,Surrey,370,18,370,Some boarding or alighting values for this route (Line Number) at this stop are below 5 and have been suppressed to reinforce the confidential nature of the data. All values that do not meet the threshold (5) are shown as zero.,Fall 2019,14,6,5,0,8,0,14,6,5,0,8,0,Some boarding or alighting values for this stop (all Lines at this stop) are below 5 and have been suppressed to reinforce the confidential nature of the data. All values that do not meet the threshold (5) are shown as zero.,Fall 2019,Automated Passenger Counting (APC) and Automatic Vehicle Location systems,2019,60785-NB 188 ST AT 68 AVE,49.126646,-122.701633,23519,66567144-d5c7-4269-b287-22aea4dc2778,-13659083.31,6296377.955
61414,EB 68 AVE AT 192 ST,Southeast,Surrey,370,32,370,Some boarding or alighting values for this route (Line Number) at this stop are below 5 and have been suppressed to reinforce the confidential nature of the data. All values that do not meet the threshold (5) are shown as zero.,Fall 2019,12,12,8,0,8,0,12,12,8,0,8,0,Some boarding or alighting values for this stop (all Lines at this stop) are below 5 and have been suppressed to reinforce the confidential nature of the data. All values that do not meet the threshold (5) are shown as zero.,Fall 2019,Automated Passenger Counting (APC) and Automatic Vehicle Location systems,2019,61414-EB 68 AVE AT 192 ST,49.126318,-122.690377,23520,66c85d85-a379-4502-8d64-b86cefa8b93f,-13657830.29,6296322.159
61416,WB 68 AVE AT 194 ST,Southeast,Surrey,370,50,370,Some boarding or alighting values for this route (Line Number) at this stop are below 5 and have been suppressed to reinforce the confidential nature of the data. All values that do not meet the threshold (5) are shown as zero.,Fall 2019,18,12,0,6,0,7,18,12,0,6,0,7,Some boarding or alighting values for this stop (all Lines at this stop) are below 5 and have been suppressed to reinforce the confidential nature of the data. All values that do not meet the threshold (5) are shown as zero.,Fall 2019,Automated Passenger Counting (APC) and Automatic Vehicle Location systems,2019,61416-WB 68 AVE AT 194 ST,49.126433,-122.686138,23521,56b35b29-af22-486d-b1c2-1a134f08e726,-13657358.41,6296341.722
61540,SB 194 ST AT 68 AVE,Southeast,Surrey,370,34,370,Some boarding or alighting values for this route (Line Number) at this stop are below 5 and have been suppressed to reinforce the confidential nature of the data. All values that do not meet the threshold (5) are shown as zero.,Fall 2019,10,16,5,5,0,0,10,16,5,5,0,0,Some boarding or alighting values for this stop (all Lines at this stop) are below 5 and have been suppressed to reinforce the confidential nature of the data. All values that do not meet the threshold (5) are shown as zero.,Fall 2019,Automated Passenger Counting (APC) and Automatic Vehicle Location systems,2019,61540-SB 194 ST AT 68 AVE,49.125636,-122.685414,23522,c8318b17-f77c-42a5-94dd-db6281f7e30d,-13657277.81,6296206.144
61541,NB 194 ST AT 64 AVE,Southeast,Surrey,370,46,370,Some boarding or alighting values for this route (Line Number) at this stop are below 5 and have been suppressed to reinforce the confidential nature of the data. All values that do not meet the threshold (5) are shown as zero.,Fall 2019,7,0,0,0,0,0,7,0,0,0,0,0,Some boarding or alighting values for this stop (all Lines at this stop) are below 5 and have been suppressed to reinforce the confidential nature of the data. All values that do not meet the threshold (5) are shown as zero.,Fall 2019,Automated Passenger Counting (APC) and Automatic Vehicle Location systems,2019,61541-NB 194 ST AT 64 AVE,49.119498,-122.685263,23523,8408dc68-b109-43fb-87ad-5d45db8fc9be,-13657261.01,6295162.082
61542,NB 194 ST AT 66 AVE,Southeast,Surrey,370,48,370,Some boarding or alighting values for this route (Line Number) at this stop are below 5 and have been suppressed to reinforce the confidential nature of the data. All values that do not meet the threshold (5) are shown as zero.,Fall 2019,14,8,0,8,0,0,14,8,0,8,0,0,Some boarding or alighting values for this stop (all Lines at this stop) are below 5 and have been suppressed to reinforce the confidential nature of the data. All values that do not meet the threshold (5) are shown as zero.,Fall 2019,Automated Passenger Counting (APC) and Automatic Vehicle Location systems,2019,61542-NB 194 ST AT 66 AVE,49.124011,-122.685224,23524,d98c5dfb-258c-46f6-908f-e749e5aefd16,-13657256.66,6295929.722
61543,SB 194 ST AT 66 AVE,Southeast,Surrey,370,36,370,Some boarding or alighting values for this route (Line Number) at this stop are below 5 and have been suppressed to reinforce the confidential nature of the data. All values that do not meet the threshold (5) are shown as zero.,Fall 2019,6,9,0,0,0,0,6,9,0,0,0,0,Some boarding or alighting values for this stop (all Lines at this stop) are below 5 and have been suppressed to reinforce the confidential nature of the data. All values that do not meet the threshold (5) are shown as zero.,Fall 2019,Automated Passenger Counting (APC) and Automatic Vehicle Location systems,2019,61543-SB 194 ST AT 66 AVE,49.123365,-122.685416,23525,d3a5e5e1-9008-4137-af5f-0c9cb1524665,-13657278.04,6295819.836
61763,NB 192 ST AT 68 AVE,Southeast,Surrey,370,52,370,Some boarding or alighting values for this route (Line Number) at this stop are below 5 and have been suppressed to reinforce the confidential nature of the data. All values that do not meet the threshold (5) are shown as zero.,Fall 2019,10,9,0,8,0,5,10,9,0,8,0,5,Some boarding or alighting values for this stop (all Lines at this stop) are below 5 and have been suppressed to reinforce the confidential nature of the data. All values that do not meet the threshold (5) are shown as zero.,Fall 2019,Automated Passenger Counting (APC) and Automatic Vehicle Location systems,2019,61763-NB 192 ST AT 68 AVE,49.126705,-122.690739,23526,56955abf-f7b6-47a1-b086-9b6960300526,-13657870.59,6296387.992
55299,LANGLEY CENTRE BAY 1,Southeast,Langley City,372,27,372; 503; 562,Some boarding or alighting values for this route (Line Number) at this stop are below 5 and have been suppressed to reinforce the confidential nature of the data. All values that do not meet the threshold (5) are shown as zero.,Fall 2019,0,99,0,57,0,56,900,1349,624,901,541,740,,Fall 2019,Automated Passenger Counting (APC) and Automatic Vehicle Location systems,2019,55299-LANGLEY CENTRE BAY 1,49.105658,-122.654233,23570,1fc7eead-a037-4e90-a4e7-9ef909cd3e8f,-13653806.76,6292808.399
57025,NB 203 ST AT FRASER HWY,Southeast,Langley City,372,31,320; 342; 364; 372; 395; 501; 502; 560/561; 563; 564; 595,Some boarding or alighting values for this route (Line Number) at this stop are below 5 and have been suppressed to reinforce the confidential nature of the data. All values that do not meet the threshold (5) are shown as zero.,Fall 2019,0,11,0,11,0,7,149,294,98,255,76,170,,Fall 2019,Automated Passenger Counting (APC) and Automatic Vehicle Location systems,2019,57025-NB 203 ST AT FRASER HWY,49.105966,-122.659978,23571,343e8f56-3503-4923-8d83-c53799753603,-13654446.29,6292860.772
57028,WB FRASER HWY AT 56 AVE,Southeast,Langley City,372,29,364; 372; 395; 501; 502; 560/561; 595,Some boarding or alighting values for this route (Line Number) at this stop are below 5 and have been suppressed to reinforce the confidential nature of the data. All values that do not meet the threshold (5) are shown as zero.,Fall 2019,0,11,0,5,0,5,199,31,135,26,105,25,,Fall 2019,Automated Passenger Counting (APC) and Automatic Vehicle Location systems,2019,57028-WB FRASER HWY AT 56 AVE,49.105178,-122.658147,23572,cb95f31e-10d5-4a2f-9613-9410fd82a497,-13654242.47,6292726.78
57038,EB 72 AVE AT 200 ST,Southeast,Langley Township,372,3,372; 501,,Fall 2019,16,34,11,18,12,18,20,36,11,18,12,18,,Fall 2019,Automated Passenger Counting (APC) and Automatic Vehicle Location systems,2019,57038-EB 72 AVE AT 200 ST,49.133409,-122.6671,23573,d624bd60-04d0-45c1-819e-1db74a0cd597,-13655239.11,6297528.502
57091,EB FRASER HWY AT 184 ST,Southeast,Surrey,372,25,372; 502; 503,Some boarding or alighting values for this route (Line Number) at this stop are below 5 and have been suppressed to reinforce the confidential nature of the data. All values that do not meet the threshold (5) are shown as zero.,Fall 2019,0,14,0,11,0,13,75,249,46,148,41,117,,Fall 2019,Automated Passenger Counting (APC) and Automatic Vehicle Location systems,2019,57091-EB FRASER HWY AT 184 ST,49.128198,-122.711511,23574,04eed1bb-1b41-495a-ad9e-a4651904bfbf,-13660182.92,6296641.973
57188,LANGLEY CENTRE BAY 6,Southeast,Langley City,372,5,342; 372; 502; 560/561; 562; 563; 564,,Fall 2019,101,14,61,5,61,11,605,719,375,602,258,415,,Fall 2019,Automated Passenger Counting (APC) and Automatic Vehicle Location systems,2019,57188-LANGLEY CENTRE BAY 6,49.106538,-122.654955,23575,d103b69a-8c03-4d3d-83c3-dd957e63ce2b,-13653887.13,6292958.036
57189,NB GLOVER RD AT EASTLEIGH CRES,Southeast,Langley City,372,23,372; 562,Some boarding or alighting values for this route (Line Number) at this stop are below 5 and have been suppressed to reinforce the confidential nature of the data. All values that do not meet the threshold (5) are shown as zero.,Fall 2019,17,0,10,0,12,0,29,0,29,0,15,0,Some boarding or alighting values for this stop (all Lines at this stop) are below 5 and have been suppressed to reinforce the confidential nature of the data. All values that do not meet the threshold (5) are shown as zero.,Fall 2019,Automated Passenger Counting (APC) and Automatic Vehicle Location systems,2019,57189-NB GLOVER RD AT EASTLEIGH CRES,49.107409,-122.651477,23576,0df653d2-efa6-4d71-8585-2164005668c4,-13653499.96,6293106.145
57190,NB GLOVER RD AT KWANTLEN CRES,Southeast,Langley City,372,32,372; 562,Some boarding or alighting values for this route (Line Number) at this stop are below 5 and have been suppressed to reinforce the confidential nature of the data. All values that do not meet the threshold (5) are shown as zero.,Fall 2019,23,10,0,0,5,7,46,28,10,11,8,8,,Fall 2019,Automated Passenger Counting (APC) and Automatic Vehicle Location systems,2019,57190-NB GLOVER RD AT KWANTLEN CRES,49.110689,-122.647153,23577,9cccfacf-983f-49c0-a0b4-256b54df5ff3,-13653018.62,6293663.914
57257,SB GLOVER RD AT 5900 BLOCK,Southeast,Langley City,372,21,372; 562,Some boarding or alighting values for this route (Line Number) at this stop are below 5 and have been suppressed to reinforce the confidential nature of the data. All values that do not meet the threshold (5) are shown as zero.,Fall 2019,8,33,0,5,0,0,18,54,9,9,6,6,,Fall 2019,Automated Passenger Counting (APC) and Automatic Vehicle Location systems,2019,57257-SB GLOVER RD AT 5900 BLOCK,49.1101,-122.648451,23578,12bf768b-4e97-4461-9c51-95e51bebf89e,-13653163.11,6293563.751
58930,WB 64 AVE AT 204 ST,Southeast,Langley Township,372,36,364; 372; 395; 531; 564,Some boarding or alighting values for this route (Line Number) at this stop are below 5 and have been suppressed to reinforce the confidential nature of the data. All values that do not meet the threshold (5) are shown as zero.,Fall 2019,9,0,6,0,0,0,72,59,41,28,28,21,,Fall 2019,Automated Passenger Counting (APC) and Automatic Vehicle Location systems,2019,58930-WB 64 AVE AT 204 ST,49.118955,-122.654693,23579,7e9cac7d-9a97-46c5-b003-dc0d03c57dee,-13653857.97,6295069.725
58931,EB 64 AVE AT 20400 BLOCK,Southeast,Langley Township,372,17,364; 372; 395; 531; 564,Some boarding or alighting values for this route (Line Number) at this stop are below 5 and have been suppressed to reinforce the confidential nature of the data. All values that do not meet the threshold (5) are shown as zero.,Fall 2019,6,10,0,6,0,8,34,34,5,15,6,23,,Fall 2019,Automated Passenger Counting (APC) and Automatic Vehicle Location systems,2019,58931-EB 64 AVE AT 20400 BLOCK,49.118809,-122.656629,23580,eb6af3de-ecde-4c58-af94-afbb5bae97c0,-13654073.48,6295044.893
58932,WB 64 AVE AT 20300 BLOCK,Southeast,Langley Township,372,38,364; 372; 395; 531; 564,Some boarding or alighting values for this route (Line Number) at this stop are below 5 and have been suppressed to reinforce the confidential nature of the data. All values that do not meet the threshold (5) are shown as zero.,Fall 2019,0,0,0,0,0,0,18,28,5,6,0,0,Some boarding or alighting values for this stop (all Lines at this stop) are below 5 and have been suppressed to reinforce the confidential nature of the data. All values that do not meet the threshold (5) are shown as zero.,Fall 2019,Automated Passenger Counting (APC) and Automatic Vehicle Location systems,2019,58932-WB 64 AVE AT 20300 BLOCK,49.119002,-122.657557,23581,ce2f2295-0fef-48b3-9c3d-915a551836ce,-13654176.79,6295077.719
58933,EB 64 AVE AT 203 ST,Southeast,Langley Township,372,15,364; 372; 395; 531; 564,Some boarding or alighting values for this route (Line Number) at this stop are below 5 and have been suppressed to reinforce the confidential nature of the data. All values that do not meet the threshold (5) are shown as zero.,Fall 2019,11,6,0,5,0,0,49,32,21,15,18,9,,Fall 2019,Automated Passenger Counting (APC) and Automatic Vehicle Location systems,2019,58933-EB 64 AVE AT 203 ST,49.11882,-122.659312,23582,fc81bf78-f893-4fff-8558-6b8f88b140d8,-13654372.15,6295046.764
58935,SB 203 ST AT 65 AVE,Southeast,Langley Township,372,13,372; 564,,Fall 2019,11,25,11,24,8,20,18,27,18,25,16,22,,Fall 2019,Automated Passenger Counting (APC) and Automatic Vehicle Location systems,2019,58935-SB 203 ST AT 65 AVE,49.120236,-122.660234,23583,24b595ab-f4a4-4f8d-aa9d-4170c9e7dbee,-13654474.79,6295287.608
58937,SB 203 ST AT 66 AVE,Southeast,Langley Township,372,11,372; 564,Some boarding or alighting values for this route (Line Number) at this stop are below 5 and have been suppressed to reinforce the confidential nature of the data. All values that do not meet the threshold (5) are shown as zero.,Fall 2019,6,12,0,9,0,5,8,12,6,9,5,6,,Fall 2019,Automated Passenger Counting (APC) and Automatic Vehicle Location systems,2019,58937-SB 203 ST AT 66 AVE,49.122253,-122.660208,23584,ca61afbe-bdcd-44ca-84b3-235ce4fb6a2d,-13654471.9,6295630.686
59592,NB 203 ST AT 65 AVE,Southeast,Langley Township,372,40,372; 564,,Fall 2019,35,18,28,13,34,12,37,28,32,26,36,22,,Fall 2019,Automated Passenger Counting (APC) and Automatic Vehicle Location systems,2019,59592-NB 203 ST AT 65 AVE,49.120276,-122.659943,23585,d686eab3-0660-4f38-ae1d-83d27bbc3605,-13654442.4,6295294.411
59811,SB GLOVER RD AT DUNCAN WAY,Southeast,Langley City,372,26,372; 562,Some boarding or alighting values for this route (Line Number) at this stop are below 5 and have been suppressed to reinforce the confidential nature of the data. All values that do not meet the threshold (5) are shown as zero.,Fall 2019,0,5,0,0,0,0,0,8,0,0,0,0,Some boarding or alighting values for this stop (all Lines at this stop) are below 5 and have been suppressed to reinforce the confidential nature of the data. All values that do not meet the threshold (5) are shown as zero.,Fall 2019,Automated Passenger Counting (APC) and Automatic Vehicle Location systems,2019,59811-SB GLOVER RD AT DUNCAN WAY,49.108973,-122.649861,23586,a4291723-096b-4c5f-b7c5-9c4b0a157e5e,-13653320.07,6293372.101
60118,NB 184 ST AT FRASER HWY,Southeast,Surrey,372,33,372,Some boarding or alighting values for this route (Line Number) at this stop are below 5 and have been suppressed to reinforce the confidential nature of the data. All values that do not meet the threshold (5) are shown as zero.,Fall 2019,44,0,25,0,21,0,44,0,25,0,21,0,Some boarding or alighting values for this stop (all Lines at this stop) are below 5 and have been suppressed to reinforce the confidential nature of the data. All values that do not meet the threshold (5) are shown as zero.,Fall 2019,Automated Passenger Counting (APC) and Automatic Vehicle Location systems,2019,60118-NB 184 ST AT FRASER HWY,49.129194,-122.712387,23587,eb70ab1c-1e91-45af-84ca-3fc75ea4d0cc,-13660280.43,6296811.412
60119,EB 72 AVE AT 184 ST,Southeast,Surrey,372,34,372,Some boarding or alighting values for this route (Line Number) at this stop are below 5 and have been suppressed to reinforce the confidential nature of the data. All values that do not meet the threshold (5) are shown as zero.,Fall 2019,17,8,5,0,0,0,17,8,5,0,0,0,Some boarding or alighting values for this stop (all Lines at this stop) are below 5 and have been suppressed to reinforce the confidential nature of the data. All values that do not meet the threshold (5) are shown as zero.,Fall 2019,Automated Passenger Counting (APC) and Automatic Vehicle Location systems,2019,60119-EB 72 AVE AT 184 ST,49.133297,-122.71176,23588,0169a996-c02a-49a7-b73c-22d80068e9e2,-13660210.64,6297509.446
60120,SB 184 ST AT 72 AVE,Southeast,Surrey,372,19,372,Some boarding or alighting values for this route (Line Number) at this stop are below 5 and have been suppressed to reinforce the confidential nature of the data. All values that do not meet the threshold (5) are shown as zero.,Fall 2019,9,13,0,0,0,0,9,13,0,0,0,0,Some boarding or alighting values for this stop (all Lines at this stop) are below 5 and have been suppressed to reinforce the confidential nature of the data. All values that do not meet the threshold (5) are shown as zero.,Fall 2019,Automated Passenger Counting (APC) and Automatic Vehicle Location systems,2019,60120-SB 184 ST AT 72 AVE,49.132895,-122.712606,23589,1c3e724a-db39-498f-a6e4-2e76263ab6d1,-13660304.81,6297441.053
60131,EB 72 AVE AT 192 ST,Southeast,Surrey,372,41,372,,Fall 2019,36,34,23,17,23,14,36,34,23,17,23,14,,Fall 2019,Automated Passenger Counting (APC) and Automatic Vehicle Location systems,2019,60131-EB 72 AVE AT 192 ST,49.133625,-122.690128,23590,58a94b03-2c31-4b84-88c0-23d75d699cd5,-13657802.57,6297565.251
60132,WB 72 AVE AT 194A ST,Southeast,Surrey,372,12,372,,Fall 2019,17,25,10,12,8,17,17,25,10,12,8,17,,Fall 2019,Automated Passenger Counting (APC) and Automatic Vehicle Location systems,2019,60132-WB 72 AVE AT 194A ST,49.13369,-122.684351,23591,0b8bbee9-98e4-489a-a0d9-66fd520e40eb,-13657159.48,6297576.31
60133,EB 72 AVE AT 194A ST,Southeast,Surrey,372,42,372,,Fall 2019,25,24,18,14,13,14,25,24,18,14,13,14,,Fall 2019,Automated Passenger Counting (APC) and Automatic Vehicle Location systems,2019,60133-EB 72 AVE AT 194A ST,49.133569,-122.683181,23592,4406786c-8334-4bd9-82d3-1943722fa8ba,-13657029.24,6297555.723
60134,WB 72 AVE AT 196 ST,Southeast,Surrey,372,9,372,,Fall 2019,16,45,10,24,5,24,16,45,10,24,5,24,,Fall 2019,Automated Passenger Counting (APC) and Automatic Vehicle Location systems,2019,60134-WB 72 AVE AT 196 ST,49.133703,-122.680066,23593,dbe7ed21-60fd-48e9-a322-c6c429907da4,-13656682.48,6297578.522
60135,WB 68 AVE AT FRASER HWY,Southeast,Surrey,372,6,372,,Fall 2019,45,16,19,7,21,13,45,16,19,7,21,13,,Fall 2019,Automated Passenger Counting (APC) and Automatic Vehicle Location systems,2019,60135-WB 68 AVE AT FRASER HWY,49.126165,-122.704228,23594,26cbbfc1-428e-48d6-8fa5-980dc8edad4c,-13659372.18,6296296.132
60136,EB 72 AVE AT 196 ST,Southeast,Langley Township,372,44,372,,Fall 2019,30,14,16,6,14,6,30,14,16,6,14,6,,Fall 2019,Automated Passenger Counting (APC) and Automatic Vehicle Location systems,2019,60136-EB 72 AVE AT 196 ST,49.133501,-122.678817,23595,f29030a1-2b85-4046-84df-fffc3670c375,-13656543.44,6297544.154
60137,WB 72 AVE AT 198B ST,Southeast,Langley Township,372,7,372,Some boarding or alighting values for this route (Line Number) at this stop are below 5 and have been suppressed to reinforce the confidential nature of the data. All values that do not meet the threshold (5) are shown as zero.,Fall 2019,8,12,0,0,0,8,8,12,0,0,0,8,Some boarding or alighting values for this stop (all Lines at this stop) are below 5 and have been suppressed to reinforce the confidential nature of the data. All values that do not meet the threshold (5) are shown as zero.,Fall 2019,Automated Passenger Counting (APC) and Automatic Vehicle Location systems,2019,60137-WB 72 AVE AT 198B ST,49.133663,-122.673732,23596,fa042154-41da-4b90-9d59-74cb6cd2dd06,-13655977.38,6297571.716
60138,EB 72 AVE AT 198B ST,Southeast,Langley Township,372,1,372,,Fall 2019,12,7,7,5,5,5,12,7,7,5,5,5,,Fall 2019,Automated Passenger Counting (APC) and Automatic Vehicle Location systems,2019,60138-EB 72 AVE AT 198B ST,49.133433,-122.671322,23597,761c523d-20ef-41b9-8f33-6a1b1208185b,-13655709.1,6297532.585
60139,WB 72 AVE AT 200 ST,Southeast,Langley Township,372,4,372,,Fall 2019,38,17,20,8,12,13,38,17,20,8,12,13,,Fall 2019,Automated Passenger Counting (APC) and Automatic Vehicle Location systems,2019,60139-WB 72 AVE AT 200 ST,49.133627,-122.669555,23598,a99bc1f2-975f-4fbc-8baf-3454e49d22c8,-13655512.4,6297565.591
60140,WB 72 AVE AT 202B ST,Southeast,Langley Township,372,2,372; 501,Some boarding or alighting values for this route (Line Number) at this stop are below 5 and have been suppressed to reinforce the confidential nature of the data. All values that do not meet the threshold (5) are shown as zero.,Fall 2019,10,20,0,13,0,11,10,21,0,13,0,11,Some boarding or alighting values for this stop (all Lines at this stop) are below 5 and have been suppressed to reinforce the confidential nature of the data. All values that do not meet the threshold (5) are shown as zero.,Fall 2019,Automated Passenger Counting (APC) and Automatic Vehicle Location systems,2019,60140-WB 72 AVE AT 202B ST,49.133598,-122.662268,23599,1a0346bf-0485-4ffe-91fe-9ff1592dddfa,-13654701.21,6297560.657
60142,SB 202B ST AT 72 AVE,Southeast,Langley Township,372,8,372,Some boarding or alighting values for this route (Line Number) at this stop are below 5 and have been suppressed to reinforce the confidential nature of the data. All values that do not meet the threshold (5) are shown as zero.,Fall 2019,19,15,12,0,14,0,19,15,12,0,14,0,Some boarding or alighting values for this stop (all Lines at this stop) are below 5 and have been suppressed to reinforce the confidential nature of the data. All values that do not meet the threshold (5) are shown as zero.,Fall 2019,Automated Passenger Counting (APC) and Automatic Vehicle Location systems,2019,60142-SB 202B ST AT 72 AVE,49.132917,-122.661361,23600,1fe782e0-1c60-4e69-b5f6-82d4bf01c0e5,-13654600.25,6297444.796
60146,NB 202B ST AT 68 AVE,Southeast,Langley Township,372,45,372,Some boarding or alighting values for this route (Line Number) at this stop are below 5 and have been suppressed to reinforce the confidential nature of the data. All values that do not meet the threshold (5) are shown as zero.,Fall 2019,5,9,0,6,0,0,5,9,0,6,0,0,Some boarding or alighting values for this stop (all Lines at this stop) are below 5 and have been suppressed to reinforce the confidential nature of the data. All values that do not meet the threshold (5) are shown as zero.,Fall 2019,Automated Passenger Counting (APC) and Automatic Vehicle Location systems,2019,60146-NB 202B ST AT 68 AVE,49.126658,-122.660476,23601,0e105f80-5bfa-478b-8ebc-2996673a5a0d,-13654501.73,6296379.997
60247,SB 184 ST AT 71 AVE,Southeast,Surrey,372,22,372,Some boarding or alighting values for this route (Line Number) at this stop are below 5 and have been suppressed to reinforce the confidential nature of the data. All values that do not meet the threshold (5) are shown as zero.,Fall 2019,0,43,0,29,0,19,0,43,0,29,0,19,Some boarding or alighting values for this stop (all Lines at this stop) are below 5 and have been suppressed to reinforce the confidential nature of the data. All values that do not meet the threshold (5) are shown as zero.,Fall 2019,Automated Passenger Counting (APC) and Automatic Vehicle Location systems,2019,60247-SB 184 ST AT 71 AVE,49.130861,-122.712624,23602,1896d96a-1f6e-4267-8f0e-217270d05059,-13660306.82,6297095.008
60714,EB FRASER HWY AT 68 AVE,Southeast,Surrey,372,28,372; 502,Some boarding or alighting values for this route (Line Number) at this stop are below 5 and have been suppressed to reinforce the confidential nature of the data. All values that do not meet the threshold (5) are shown as zero.,Fall 2019,0,22,0,16,0,12,52,230,38,163,30,120,,Fall 2019,Automated Passenger Counting (APC) and Automatic Vehicle Location systems,2019,60714-EB FRASER HWY AT 68 AVE,49.125368,-122.705744,23603,26b3e547-9ccd-44fa-b7b7-e66a9dc8ac84,-13659540.94,6296160.555
60715,WB FRASER HWY AT 68 AVE,Southeast,Surrey,372,24,372; 502,Some boarding or alighting values for this route (Line Number) at this stop are below 5 and have been suppressed to reinforce the confidential nature of the data. All values that do not meet the threshold (5) are shown as zero.,Fall 2019,16,0,10,0,8,0,127,28,98,31,71,18,,Fall 2019,Automated Passenger Counting (APC) and Automatic Vehicle Location systems,2019,60715-WB FRASER HWY AT 68 AVE,49.126043,-122.706601,23604,696cd454-b215-4bb6-b10c-f03b940d2af0,-13659636.34,6296275.378
60755,NB 188 ST AT FRASER HWY,Southeast,Surrey,372,30,370; 372,Some boarding or alighting values for this route (Line Number) at this stop are below 5 and have been suppressed to reinforce the confidential nature of the data. All values that do not meet the threshold (5) are shown as zero.,Fall 2019,5,11,5,6,0,6,33,32,15,14,12,11,,Fall 2019,Automated Passenger Counting (APC) and Automatic Vehicle Location systems,2019,60755-NB 188 ST AT FRASER HWY,49.124045,-122.701454,23605,c1362913-abe5-44a6-b253-d747cc2a16e5,-13659063.38,6295935.506
60757,EB 72 AVE AT 188 ST,Southeast,Surrey,372,37,370; 372,Some boarding or alighting values for this route (Line Number) at this stop are below 5 and have been suppressed to reinforce the confidential nature of the data. All values that do not meet the threshold (5) are shown as zero.,Fall 2019,16,9,7,6,6,0,20,18,11,8,8,5,,Fall 2019,Automated Passenger Counting (APC) and Automatic Vehicle Location systems,2019,60757-EB 72 AVE AT 188 ST,49.133467,-122.701005,23606,e0c3200c-0927-4122-af31-ecc693fb8d64,-13659013.4,6297538.37
60758,EB 72 AVE AT 190 ST,Southeast,Surrey,372,39,370; 372,,Fall 2019,18,12,10,8,6,6,22,19,13,9,7,7,,Fall 2019,Automated Passenger Counting (APC) and Automatic Vehicle Location systems,2019,60758-EB 72 AVE AT 190 ST,49.133542,-122.695491,23607,fcbdfd54-0da6-4ac4-bddb-86b116566394,-13658399.58,6297551.13
60767,WB 72 AVE AT 192 ST,Southeast,Surrey,372,14,370; 372,,Fall 2019,29,42,23,21,19,19,63,56,33,33,31,26,,Fall 2019,Automated Passenger Counting (APC) and Automatic Vehicle Location systems,2019,60767-WB 72 AVE AT 192 ST,49.133736,-122.691418,23608,cb7328c4-7bf3-498f-931b-7bb32820c1e1,-13657946.18,6297584.136
60768,WB 72 AVE AT 190 ST,Southeast,Surrey,372,16,370; 372,Some boarding or alighting values for this route (Line Number) at this stop are below 5 and have been suppressed to reinforce the confidential nature of the data. All values that do not meet the threshold (5) are shown as zero.,Fall 2019,7,13,0,7,0,5,13,17,6,10,0,8,Some boarding or alighting values for this stop (all Lines at this stop) are below 5 and have been suppressed to reinforce the confidential nature of the data. All values that do not meet the threshold (5) are shown as zero.,Fall 2019,Automated Passenger Counting (APC) and Automatic Vehicle Location systems,2019,60768-WB 72 AVE AT 190 ST,49.133647,-122.696881,23609,33a83cf5-1c79-4a34-86f3-3408ced3a193,-13658554.31,6297568.994
60769,WB 72 AVE AT 188 ST,Southeast,Surrey,372,18,370; 372,Some boarding or alighting values for this route (Line Number) at this stop are below 5 and have been suppressed to reinforce the confidential nature of the data. All values that do not meet the threshold (5) are shown as zero.,Fall 2019,0,9,0,0,0,0,10,12,0,6,0,5,Some boarding or alighting values for this stop (all Lines at this stop) are below 5 and have been suppressed to reinforce the confidential nature of the data. All values that do not meet the threshold (5) are shown as zero.,Fall 2019,Automated Passenger Counting (APC) and Automatic Vehicle Location systems,2019,60769-WB 72 AVE AT 188 ST,49.133553,-122.700632,23610,9a8028cb-78dc-4824-96b4-a37395721626,-13658971.87,6297553.001
60982,NB 203 ST AT 66 AVE,Southeast,Langley Township,372,43,372; 564,Some boarding or alighting values for this route (Line Number) at this stop are below 5 and have been suppressed to reinforce the confidential nature of the data. All values that do not meet the threshold (5) are shown as zero.,Fall 2019,9,7,6,0,5,0,10,9,7,0,5,5,Some boarding or alighting values for this stop (all Lines at this stop) are below 5 and have been suppressed to reinforce the confidential nature of the data. All values that do not meet the threshold (5) are shown as zero.,Fall 2019,Automated Passenger Counting (APC) and Automatic Vehicle Location systems,2019,60982-NB 203 ST AT 66 AVE,49.123038,-122.659893,23611,583e51df-ade1-44b9-9eba-d23892d3f0b1,-13654436.83,6295764.213
60983,SB 203 ST AT 68 AVE,Southeast,Langley Township,372,10,372; 564,Some boarding or alighting values for this route (Line Number) at this stop are below 5 and have been suppressed to reinforce the confidential nature of the data. All values that do not meet the threshold (5) are shown as zero.,Fall 2019,10,5,0,0,0,5,12,6,5,0,5,6,Some boarding or alighting values for this stop (all Lines at this stop) are below 5 and have been suppressed to reinforce the confidential nature of the data. All values that do not meet the threshold (5) are shown as zero.,Fall 2019,Automated Passenger Counting (APC) and Automatic Vehicle Location systems,2019,60983-SB 203 ST AT 68 AVE,49.125763,-122.66044,23612,c8346741-4031-46d0-85fb-410e05cb5fff,-13654497.72,6296227.748
61944,WB MUFFORD CRES AT 62 AVE,Southeast,Langley Township,372,35,372; 564,Some boarding or alighting values for this route (Line Number) at this stop are below 5 and have been suppressed to reinforce the confidential nature of the data. All values that do not meet the threshold (5) are shown as zero.,Fall 2019,0,0,0,0,0,0,0,0,0,0,0,0,Some boarding or alighting values for this stop (all Lines at this stop) are below 5 and have been suppressed to reinforce the confidential nature of the data. All values that do not meet the threshold (5) are shown as zero.,Fall 2019,Automated Passenger Counting (APC) and Automatic Vehicle Location systems,2019,61944-WB MUFFORD CRES AT 62 AVE,49.115698,-122.64798,23613,301599fc-85a6-4282-bd2e-0992cbe0709b,-13653110.68,6294515.774
61945,EB MUFFORD CRES AT 62 AVE,Southeast,Langley Township,372,20,372; 564,Some boarding or alighting values for this route (Line Number) at this stop are below 5 and have been suppressed to reinforce the confidential nature of the data. All values that do not meet the threshold (5) are shown as zero.,Fall 2019,0,0,0,0,0,0,0,0,0,0,0,0,Some boarding or alighting values for this stop (all Lines at this stop) are below 5 and have been suppressed to reinforce the confidential nature of the data. All values that do not meet the threshold (5) are shown as zero.,Fall 2019,Automated Passenger Counting (APC) and Automatic Vehicle Location systems,2019,61945-EB MUFFORD CRES AT 62 AVE,49.114478,-122.645921,23614,1d96d110-fbce-41e7-8b97-3f4606778ff6,-13652881.47,6294308.286
50284,WB W 41 AVE AT GRANVILLE ST,Vancouver/UBC,Vancouver,480,27,041; 480,Some boarding or alighting values for this route (Line Number) at this stop are below 5 and have been suppressed to reinforce the confidential nature of the data. All values that do not meet the threshold (5) are shown as zero.,Fall 2019,46,67,0,0,0,0,173,128,106,72,101,66,,Fall 2019,Automated Passenger Counting (APC) and Automatic Vehicle Location systems,2019,50284-WB W 41 AVE AT GRANVILLE ST,49.234426,-123.140514,25200,da13f169-c0c5-4f92-9736-891140e209a1,-13707939.31,6314732.598
50289,WB W 41 AVE AT WEST BLVD,Vancouver/UBC,Vancouver,480,29,041; 043; 480,Some boarding or alighting values for this route (Line Number) at this stop are below 5 and have been suppressed to reinforce the confidential nature of the data. All values that do not meet the threshold (5) are shown as zero.,Fall 2019,41,26,0,0,0,0,199,302,102,154,72,155,,Fall 2019,Automated Passenger Counting (APC) and Automatic Vehicle Location systems,2019,50289-WB W 41 AVE AT WEST BLVD,49.234649,-123.156193,25201,c4cb2902-130f-4b5d-b66f-2d337b334a9e,-13709684.69,6314770.616
50294,WB W 41 AVE AT CARNARVON ST,Vancouver/UBC,Vancouver,480,3,002; 041; 043; 480; N22,Some boarding or alighting values for this route (Line Number) at this stop are below 5 and have been suppressed to reinforce the confidential nature of the data. All values that do not meet the threshold (5) are shown as zero.,Fall 2019,81,67,0,0,0,0,319,494,56,143,50,119,,Fall 2019,Automated Passenger Counting (APC) and Automatic Vehicle Location systems,2019,50294-WB W 41 AVE AT CARNARVON ST,49.23482,-123.173542,25202,63875920-1e43-4d9e-9b1b-dad9ee536cab,-13711615.97,6314799.769
50377,EB W 41 AVE AT CARNARVON ST,Vancouver/UBC,Vancouver,480,22,002; 041; 043; 480; N22,Some boarding or alighting values for this route (Line Number) at this stop are below 5 and have been suppressed to reinforce the confidential nature of the data. All values that do not meet the threshold (5) are shown as zero.,Fall 2019,61,63,0,0,0,0,541,269,235,51,165,49,,Fall 2019,Automated Passenger Counting (APC) and Automatic Vehicle Location systems,2019,50377-EB W 41 AVE AT CARNARVON ST,49.234677,-123.172505,25203,5eb8d252-3815-4abf-807c-e6a55870633e,-13711500.54,6314775.39
50382,EB W 41 AVE AT WEST BLVD,Vancouver/UBC,Vancouver,480,24,041; 043; 480,Some boarding or alighting values for this route (Line Number) at this stop are below 5 and have been suppressed to reinforce the confidential nature of the data. All values that do not meet the threshold (5) are shown as zero.,Fall 2019,35,33,0,0,0,0,302,183,166,76,104,57,,Fall 2019,Automated Passenger Counting (APC) and Automatic Vehicle Location systems,2019,50382-EB W 41 AVE AT WEST BLVD,49.234507,-123.155784,25204,74d3e88c-5870-4fd4-b3f7-6a9364e31ddc,-13709639.16,6314746.407
50388,EB W 41 AVE AT GRANVILLE ST,Vancouver/UBC,Vancouver,480,28,041; 480,Some boarding or alighting values for this route (Line Number) at this stop are below 5 and have been suppressed to reinforce the confidential nature of the data. All values that do not meet the threshold (5) are shown as zero.,Fall 2019,65,41,0,0,0,0,180,193,105,144,111,119,,Fall 2019,Automated Passenger Counting (APC) and Automatic Vehicle Location systems,2019,50388-EB W 41 AVE AT GRANVILLE ST,49.234268,-123.140768,25205,67eef7f0-4606-48f6-bedc-c6526afdac7e,-13707967.59,6314705.662
50757,NB GRANVILLE ST AT W 71 AVE,Vancouver/UBC,Vancouver,480,18,010; 100; 480; N10,Some boarding or alighting values for this route (Line Number) at this stop are below 5 and have been suppressed to reinforce the confidential nature of the data. All values that do not meet the threshold (5) are shown as zero.,Fall 2019,226,81,0,0,0,0,575,394,254,291,245,258,,Fall 2019,Automated Passenger Counting (APC) and Automatic Vehicle Location systems,2019,50757-NB GRANVILLE ST AT W 71 AVE,49.207431,-123.1404,25206,f29ad9df-b600-4b0a-9f7f-62e9bafb4d0c,-13707926.62,6310131.669
50760,NB GRANVILLE ST AT W 64 AVE--,Vancouver/UBC,Vancouver,480,23,010; 480,Some boarding or alighting values for this route (Line Number) at this stop are below 5 and have been suppressed to reinforce the confidential nature of the data. All values that do not meet the threshold (5) are shown as zero.,Fall 2019,62,9,0,0,0,0,133,25,0,0,0,0,Some boarding or alighting values for this stop (all Lines at this stop) are below 5 and have been suppressed to reinforce the confidential nature of the data. All values that do not meet the threshold (5) are shown as zero.,Fall 2019,Automated Passenger Counting (APC) and Automatic Vehicle Location systems,2019,50760-NB GRANVILLE ST AT W 64 AVE--,49.213646,-123.140212,25207,52625ad7-adcd-4f83-942a-0abda00a33c9,-13707905.7,6311190.708
50767,NB GRANVILLE ST AT W 49 AVE,Vancouver/UBC,Vancouver,480,25,010; 480; N10,Some boarding or alighting values for this route (Line Number) at this stop are below 5 and have been suppressed to reinforce the confidential nature of the data. All values that do not meet the threshold (5) are shown as zero.,Fall 2019,49,54,0,0,0,0,224,231,99,122,107,134,,Fall 2019,Automated Passenger Counting (APC) and Automatic Vehicle Location systems,2019,50767-NB GRANVILLE ST AT W 49 AVE,49.227422,-123.139703,25208,a0367b06-2204-4560-8937-89fbca1d20bb,-13707849.03,6313538.62
50819,WB SW MARINE DR AT OAK ST,Vancouver/UBC,Vancouver,480,14,010; 100; 480,Some boarding or alighting values for this route (Line Number) at this stop are below 5 and have been suppressed to reinforce the confidential nature of the data. All values that do not meet the threshold (5) are shown as zero.,Fall 2019,142,62,0,0,0,0,273,525,78,246,70,197,,Fall 2019,Automated Passenger Counting (APC) and Automatic Vehicle Location systems,2019,50819-WB SW MARINE DR AT OAK ST,49.20453,-123.131063,25209,ae5f6780-9b71-4996-b695-be39b10bc14d,-13706887.23,6309637.382
50856,SB GRANVILLE ST AT W 49 AVE,Vancouver/UBC,Vancouver,480,30,010; 049; 480; N10,Some boarding or alighting values for this route (Line Number) at this stop are below 5 and have been suppressed to reinforce the confidential nature of the data. All values that do not meet the threshold (5) are shown as zero.,Fall 2019,76,53,0,0,0,0,228,226,109,95,109,128,,Fall 2019,Automated Passenger Counting (APC) and Automatic Vehicle Location systems,2019,50856-SB GRANVILLE ST AT W 49 AVE,49.226415,-123.139991,25210,6540d9a9-6005-4f86-9a4d-d60697d4163b,-13707881.09,6313366.97
50862,SB GRANVILLE ST AT W 63 AVE,Vancouver/UBC,Vancouver,480,4,010; 480; N10,Some boarding or alighting values for this route (Line Number) at this stop are below 5 and have been suppressed to reinforce the confidential nature of the data. All values that do not meet the threshold (5) are shown as zero.,Fall 2019,59,165,0,0,0,0,154,352,75,102,107,93,,Fall 2019,Automated Passenger Counting (APC) and Automatic Vehicle Location systems,2019,50862-SB GRANVILLE ST AT W 63 AVE,49.213531,-123.140485,25211,b1abfd56-a0ed-4e99-ae00-e52e354a82ba,-13707936.09,6311171.111
50865,SB GRANVILLE ST AT W 70 AVE,Vancouver/UBC,Vancouver,480,5,010; 480; N10,Some boarding or alighting values for this route (Line Number) at this stop are below 5 and have been suppressed to reinforce the confidential nature of the data. All values that do not meet the threshold (5) are shown as zero.,Fall 2019,153,220,0,0,0,0,420,564,226,203,245,207,,Fall 2019,Automated Passenger Counting (APC) and Automatic Vehicle Location systems,2019,50865-SB GRANVILLE ST AT W 70 AVE,49.20811,-123.140711,25212,4161edbc-9e0f-4c03-bbbb-d4e3a9a63162,-13707961.24,6310247.364
51479,SB WESBROOK MALL AT AGRONOMY RD,Vancouver/UBC,UBC/UEL,480,15,025; 033; 041; 043; 049; 068/070; 480,Some boarding or alighting values for this route (Line Number) at this stop are below 5 and have been suppressed to reinforce the confidential nature of the data. All values that do not meet the threshold (5) are shown as zero.,Fall 2019,336,17,0,0,0,0,3587,176,1320,64,1012,46,,Fall 2019,Automated Passenger Counting (APC) and Automatic Vehicle Location systems,2019,51479-SB WESBROOK MALL AT AGRONOMY RD,49.264,-123.243748,25213,9d3081fd-f111-4a07-9eb7-bddc8c8e90f0,-13719431.27,6319775.97
51480,SB WESBROOK MALL AT THUNDERBIRD BLVD,Vancouver/UBC,UBC/UEL,480,16,025; 033; 041; 043; 049; 068/070; 480,Some boarding or alighting values for this route (Line Number) at this stop are below 5 and have been suppressed to reinforce the confidential nature of the data. All values that do not meet the threshold (5) are shown as zero.,Fall 2019,81,43,0,0,0,0,944,402,735,183,499,140,,Fall 2019,Automated Passenger Counting (APC) and Automatic Vehicle Location systems,2019,51480-SB WESBROOK MALL AT THUNDERBIRD BLVD,49.260754,-123.240994,25214,50ba5dfd-c8aa-4b6f-9edb-1cdf6a40a576,-13719124.7,6319222.269
51882,WB W 16 AVE AT WESBROOK MALL,Vancouver/UBC,UBC/UEL,480,19,043; 049; 480,Some boarding or alighting values for this route (Line Number) at this stop are below 5 and have been suppressed to reinforce the confidential nature of the data. All values that do not meet the threshold (5) are shown as zero.,Fall 2019,76,90,0,0,0,0,459,440,159,177,108,148,,Fall 2019,Automated Passenger Counting (APC) and Automatic Vehicle Location systems,2019,51882-WB W 16 AVE AT WESBROOK MALL,49.255191,-123.238457,25215,426b29ca-96f7-42bd-b952-a5700c862f15,-13718842.28,6318273.421
51893,WB W 41 AVE AT DUNBAR ST,Vancouver/UBC,Vancouver,480,6,041; 043; 049; 480,Some boarding or alighting values for this route (Line Number) at this stop are below 5 and have been suppressed to reinforce the confidential nature of the data. All values that do not meet the threshold (5) are shown as zero.,Fall 2019,114,91,0,0,0,0,754,762,412,551,323,455,,Fall 2019,Automated Passenger Counting (APC) and Automatic Vehicle Location systems,2019,51893-WB W 41 AVE AT DUNBAR ST,49.234831,-123.185966,25216,39f65946-ff5e-47a1-87ec-6123a449a10e,-13712999.01,6314801.644
52220,MARPOLE LOOP BAY 3,Vancouver/UBC,Vancouver,480,7,480,Some boarding or alighting values for this route (Line Number) at this stop are below 5 and have been suppressed to reinforce the confidential nature of the data. All values that do not meet the threshold (5) are shown as zero.,Fall 2019,86,110,0,0,0,0,86,110,0,0,0,0,Some boarding or alighting values for this stop (all Lines at this stop) are below 5 and have been suppressed to reinforce the confidential nature of the data. All values that do not meet the threshold (5) are shown as zero.,Fall 2019,Automated Passenger Counting (APC) and Automatic Vehicle Location systems,2019,52220-MARPOLE LOOP BAY 3,49.203574,-123.134696,25217,9a63f18c-395c-49d4-894b-54e9fec0a0f8,-13707291.66,6309474.501
54824,MARPOLE LOOP BAY 4,Vancouver/UBC,Vancouver,480,17,010; 100; 480,Some boarding or alighting values for this route (Line Number) at this stop are below 5 and have been suppressed to reinforce the confidential nature of the data. All values that do not meet the threshold (5) are shown as zero.,Fall 2019,90,27,0,0,0,0,398,430,175,236,158,251,,Fall 2019,Automated Passenger Counting (APC) and Automatic Vehicle Location systems,2019,54824-MARPOLE LOOP BAY 4,49.20366,-123.135845,25218,dd2b0971-5e22-4f9d-9328-026b413d4be9,-13707419.56,6309489.153
54837,EB W 71 AVE AT OAK ST,Vancouver/UBC,Vancouver,480,9,480,Some boarding or alighting values for this route (Line Number) at this stop are below 5 and have been suppressed to reinforce the confidential nature of the data. All values that do not meet the threshold (5) are shown as zero.,Fall 2019,75,99,0,0,0,0,75,99,0,0,0,0,Some boarding or alighting values for this stop (all Lines at this stop) are below 5 and have been suppressed to reinforce the confidential nature of the data. All values that do not meet the threshold (5) are shown as zero.,Fall 2019,Automated Passenger Counting (APC) and Automatic Vehicle Location systems,2019,54837-EB W 71 AVE AT OAK ST,49.20687,-123.13058,25219,a6993c07-ef7a-420f-999f-590502113d37,-13706833.47,6310036.081
58133,NB GRANVILLE ST AT W 64 AVE-,Vancouver/UBC,Vancouver,480,20,010; 480; N10,Some boarding or alighting values for this route (Line Number) at this stop are below 5 and have been suppressed to reinforce the confidential nature of the data. All values that do not meet the threshold (5) are shown as zero.,Fall 2019,87,39,0,0,0,0,227,144,117,88,138,101,,Fall 2019,Automated Passenger Counting (APC) and Automatic Vehicle Location systems,2019,58133-NB GRANVILLE ST AT W 64 AVE-,49.213461,-123.140233,25220,c96559df-aa1c-43c3-8be6-3666d758b2c3,-13707908.03,6311159.182
58606,NB WESBROOK MALL AT 2100 BLOCK,Vancouver/UBC,UBC/UEL,480,11,025; 033; 041; 043; 049; 068/070; 480,Some boarding or alighting values for this route (Line Number) at this stop are below 5 and have been suppressed to reinforce the confidential nature of the data. All values that do not meet the threshold (5) are shown as zero.,Fall 2019,14,393,0,0,0,0,138,3659,41,1095,27,858,,Fall 2019,Automated Passenger Counting (APC) and Automatic Vehicle Location systems,2019,58606-NB WESBROOK MALL AT 2100 BLOCK,49.264762,-123.243949,25221,6f030612-b43b-4e06-be1e-e8fbbab109d6,-13719453.65,6319905.957
59715,NB WESBROOK MALL AT THUNDERBIRD BLVD,Vancouver/UBC,UBC/UEL,480,10,025; 033; 041; 043; 049; 068/070; 480,Some boarding or alighting values for this route (Line Number) at this stop are below 5 and have been suppressed to reinforce the confidential nature of the data. All values that do not meet the threshold (5) are shown as zero.,Fall 2019,55,310,0,0,0,0,518,2919,160,1027,140,776,,Fall 2019,Automated Passenger Counting (APC) and Automatic Vehicle Location systems,2019,59715-NB WESBROOK MALL AT THUNDERBIRD BLVD,49.262267,-123.241873,25222,370b2717-1ad1-461b-ac8c-6004a2484728,-13719222.55,6319480.352
60163,UBC EXCHANGE BAY 5,Vancouver/UBC,UBC/UEL,480,1,041; 480,Some boarding or alighting values for this route (Line Number) at this stop are below 5 and have been suppressed to reinforce the confidential nature of the data. All values that do not meet the threshold (5) are shown as zero.,Fall 2019,1298,0,0,0,0,0,3039,0,815,0,688,0,Some boarding or alighting values for this stop (all Lines at this stop) are below 5 and have been suppressed to reinforce the confidential nature of the data. All values that do not meet the threshold (5) are shown as zero.,Fall 2019,Automated Passenger Counting (APC) and Automatic Vehicle Location systems,2019,60163-UBC EXCHANGE BAY 5,49.26715,-123.247589,25223,90a47617-8baf-451d-b78d-970098e68c0a,-13719858.85,6320313.33
60358,UBC EXCHANGE UNLOAD ONLY--,Vancouver/UBC,UBC/UEL,480,13,025; 033; 041; 043; 044; 049; 068/070; 084; 099; 480,Some boarding or alighting values for this route (Line Number) at this stop are below 5 and have been suppressed to reinforce the confidential nature of the data. All values that do not meet the threshold (5) are shown as zero.,Fall 2019,0,1085,0,0,0,0,0,17343,34,6277,88,4736,Some boarding or alighting values for this stop (all Lines at this stop) are below 5 and have been suppressed to reinforce the confidential nature of the data. All values that do not meet the threshold (5) are shown as zero.,Fall 2019,Automated Passenger Counting (APC) and Automatic Vehicle Location systems,2019,60358-UBC EXCHANGE UNLOAD ONLY--,49.267674,-123.247621,25224,86527e74-44bc-48d8-a52a-9f660e3a6637,-13719862.41,6320402.723
60385,WB W 41 AVE AT EAST BOULEVARD,Vancouver/UBC,Vancouver,480,31,041; 043; 480,Some boarding or alighting values for this route (Line Number) at this stop are below 5 and have been suppressed to reinforce the confidential nature of the data. All values that do not meet the threshold (5) are shown as zero.,Fall 2019,153,116,0,0,0,0,697,1207,260,579,188,473,,Fall 2019,Automated Passenger Counting (APC) and Automatic Vehicle Location systems,2019,60385-WB W 41 AVE AT EAST BOULEVARD,49.234672,-123.15479,25225,8323690c-fe4f-40a6-801f-4b73d11739e8,-13709528.51,6314774.537
60386,EB W 41 AVE AT EAST BOULEVARD,Vancouver/UBC,Vancouver,480,26,041; 043; 480,Some boarding or alighting values for this route (Line Number) at this stop are below 5 and have been suppressed to reinforce the confidential nature of the data. All values that do not meet the threshold (5) are shown as zero.,Fall 2019,142,132,0,0,0,0,1191,689,598,245,442,191,,Fall 2019,Automated Passenger Counting (APC) and Automatic Vehicle Location systems,2019,60386-EB W 41 AVE AT EAST BOULEVARD,49.234483,-123.154407,25226,a6ba8b53-678b-40f8-9e51-4972d632b828,-13709485.88,6314742.316
60745,EB W 41 AVE AT ALMA ST,Vancouver/UBC,Vancouver,480,21,041; 043; 049; 480,Some boarding or alighting values for this route (Line Number) at this stop are below 5 and have been suppressed to reinforce the confidential nature of the data. All values that do not meet the threshold (5) are shown as zero.,Fall 2019,66,101,0,0,0,0,489,528,314,111,238,100,,Fall 2019,Automated Passenger Counting (APC) and Automatic Vehicle Location systems,2019,60745-EB W 41 AVE AT ALMA ST,49.234673,-123.186318,25227,a150bf25-1df6-46b3-b315-6ded91cc226e,-13713038.19,6314774.708
61042,EB W 16 AVE AT WESBROOK MALL,Vancouver/UBC,UBC/UEL,480,8,043; 049; 480,Some boarding or alighting values for this route (Line Number) at this stop are below 5 and have been suppressed to reinforce the confidential nature of the data. All values that do not meet the threshold (5) are shown as zero.,Fall 2019,83,93,0,0,0,0,401,599,163,261,136,191,,Fall 2019,Automated Passenger Counting (APC) and Automatic Vehicle Location systems,2019,61042-EB W 16 AVE AT WESBROOK MALL,49.255122,-123.237649,25228,8c7ec8bf-a026-4ffc-8d5d-2351eed01ae6,-13718752.33,6318261.652
61321,BRIDGEPORT STN BAY 1 UNLOADING ONLY,Southwest,Richmond,480,12,311; 351; 352; 354; 403; 412; 480; 601; 602; 603; 604; 620,Some boarding or alighting values for this route (Line Number) at this stop are below 5 and have been suppressed to reinforce the confidential nature of the data. All values that do not meet the threshold (5) are shown as zero.,Fall 2019,0,1414,0,0,0,0,0,8783,0,4485,0,4207,Some boarding or alighting values for this stop (all Lines at this stop) are below 5 and have been suppressed to reinforce the confidential nature of the data. All values that do not meet the threshold (5) are shown as zero.,Fall 2019,Automated Passenger Counting (APC) and Automatic Vehicle Location systems,2019,61321-BRIDGEPORT STN BAY 1 UNLOADING ONLY,49.195515,-123.125911,25229,ec838fd9-b1ba-4651-af51-d4faf0452d75,-13706313.72,6308101.548
61324,BRIDGEPORT STN BAY 4,Southwest,Richmond,480,2,480; N10,Some boarding or alighting values for this route (Line Number) at this stop are below 5 and have been suppressed to reinforce the confidential nature of the data. All values that do not meet the threshold (5) are shown as zero.,Fall 2019,1316,0,0,0,0,0,1323,0,13,0,5,0,Some boarding or alighting values for this stop (all Lines at this stop) are below 5 and have been suppressed to reinforce the confidential nature of the data. All values that do not meet the threshold (5) are shown as zero.,Fall 2019,Automated Passenger Counting (APC) and Automatic Vehicle Location systems,2019,61324-BRIDGEPORT STN BAY 4,49.195114,-123.126817,25230,76b72eb9-5115-4dbb-9689-40af11e82ff1,-13706414.57,6308033.239
55290,EB 56 AVE AT 201A ST,Southeast,Langley City,560/561,83,320; 342; 531; 560/561,Some boarding or alighting values for this route (Line Number) at this stop are below 5 and have been suppressed to reinforce the confidential nature of the data. All values that do not meet the threshold (5) are shown as zero.,Fall 2019,0,0,0,0,0,5,18,78,9,48,10,44,,Fall 2019,Automated Passenger Counting (APC) and Automatic Vehicle Location systems,2019,55290-EB 56 AVE AT 201A ST,49.104222,-122.66365,25663,c1a2c326-7efa-4962-abbb-8856c83209a5,-13654855.06,6292564.225
55293,EB 53 AVE AT 204 ST,Southeast,Langley City,560/561,84,560/561; 564,Some boarding or alighting values for this route (Line Number) at this stop are below 5 and have been suppressed to reinforce the confidential nature of the data. All values that do not meet the threshold (5) are shown as zero.,Fall 2019,5,0,5,0,0,0,8,0,8,0,0,0,Some boarding or alighting values for this stop (all Lines at this stop) are below 5 and have been suppressed to reinforce the confidential nature of the data. All values that do not meet the threshold (5) are shown as zero.,Fall 2019,Automated Passenger Counting (APC) and Automatic Vehicle Location systems,2019,55293-EB 53 AVE AT 204 ST,49.098415,-122.656018,25664,b6b2f44d-2ac5-475d-9286-99db6728ba8c,-13654005.47,6291576.889
55294,EB 51B AVE AT 206 ST,Southeast,Langley City,560/561,88,560/561,Some boarding or alighting values for this route (Line Number) at this stop are below 5 and have been suppressed to reinforce the confidential nature of the data. All values that do not meet the threshold (5) are shown as zero.,Fall 2019,0,0,0,0,0,0,0,0,0,0,0,0,Some boarding or alighting values for this stop (all Lines at this stop) are below 5 and have been suppressed to reinforce the confidential nature of the data. All values that do not meet the threshold (5) are shown as zero.,Fall 2019,Automated Passenger Counting (APC) and Automatic Vehicle Location systems,2019,55294-EB 51B AVE AT 206 ST,49.096724,-122.651206,25665,cc5dc681-5110-4def-b7fe-62673e85f76c,-13653469.8,6291289.398
55295,EB 51B AVE AT 207 ST,Southeast,Langley City,560/561,93,560/561,Some boarding or alighting values for this route (Line Number) at this stop are below 5 and have been suppressed to reinforce the confidential nature of the data. All values that do not meet the threshold (5) are shown as zero.,Fall 2019,0,0,0,0,0,0,0,0,0,0,0,0,Some boarding or alighting values for this stop (all Lines at this stop) are below 5 and have been suppressed to reinforce the confidential nature of the data. All values that do not meet the threshold (5) are shown as zero.,Fall 2019,Automated Passenger Counting (APC) and Automatic Vehicle Location systems,2019,55295-EB 51B AVE AT 207 ST,49.09639,-122.648928,25666,9566b012-666b-4473-bb6e-11787b09d262,-13653216.21,6291232.615
55296,NB 208 ST AT 51B AVE,Southeast,Langley City,560/561,98,560/561,Some boarding or alighting values for this route (Line Number) at this stop are below 5 and have been suppressed to reinforce the confidential nature of the data. All values that do not meet the threshold (5) are shown as zero.,Fall 2019,0,0,0,0,0,0,0,0,0,0,0,0,Some boarding or alighting values for this stop (all Lines at this stop) are below 5 and have been suppressed to reinforce the confidential nature of the data. All values that do not meet the threshold (5) are shown as zero.,Fall 2019,Automated Passenger Counting (APC) and Automatic Vehicle Location systems,2019,55296-NB 208 ST AT 51B AVE,49.096885,-122.646466,25667,92a115e5-b04e-4620-99e1-2b185f89ea99,-13652942.14,6291316.769
55303,WB 51B AVE AT 207 ST,Southeast,Langley City,560/561,44,560/561,Some boarding or alighting values for this route (Line Number) at this stop are below 5 and have been suppressed to reinforce the confidential nature of the data. All values that do not meet the threshold (5) are shown as zero.,Fall 2019,0,0,0,0,0,0,0,0,0,0,0,0,Some boarding or alighting values for this stop (all Lines at this stop) are below 5 and have been suppressed to reinforce the confidential nature of the data. All values that do not meet the threshold (5) are shown as zero.,Fall 2019,Automated Passenger Counting (APC) and Automatic Vehicle Location systems,2019,55303-WB 51B AVE AT 207 ST,49.096646,-122.64993,25668,2e265819-773c-4297-89bc-1d7f79a97628,-13653327.75,6291276.137
55304,WB 51B AVE AT 206 ST,Southeast,Langley City,560/561,49,560/561,Some boarding or alighting values for this route (Line Number) at this stop are below 5 and have been suppressed to reinforce the confidential nature of the data. All values that do not meet the threshold (5) are shown as zero.,Fall 2019,0,0,0,0,0,0,0,0,0,0,0,0,Some boarding or alighting values for this stop (all Lines at this stop) are below 5 and have been suppressed to reinforce the confidential nature of the data. All values that do not meet the threshold (5) are shown as zero.,Fall 2019,Automated Passenger Counting (APC) and Automatic Vehicle Location systems,2019,55304-WB 51B AVE AT 206 ST,49.097286,-122.651647,25669,d82584e3-69e0-4933-b45b-ef6f31f09cad,-13653518.89,6291384.944
55305,WB 53 AVE AT 53A AVE,Southeast,Langley City,560/561,54,560/561; 564,Some boarding or alighting values for this route (Line Number) at this stop are below 5 and have been suppressed to reinforce the confidential nature of the data. All values that do not meet the threshold (5) are shown as zero.,Fall 2019,0,0,0,0,0,0,0,0,0,0,0,0,Some boarding or alighting values for this stop (all Lines at this stop) are below 5 and have been suppressed to reinforce the confidential nature of the data. All values that do not meet the threshold (5) are shown as zero.,Fall 2019,Automated Passenger Counting (APC) and Automatic Vehicle Location systems,2019,55305-WB 53 AVE AT 53A AVE,49.098569,-122.654792,25670,7e271f05-976e-4213-8d1a-b775cce998b5,-13653868.99,6291603.071
56998,NB 204 ST AT 40 AVE,Southeast,Langley Township,560/561,50,531; 560/561,Some boarding or alighting values for this route (Line Number) at this stop are below 5 and have been suppressed to reinforce the confidential nature of the data. All values that do not meet the threshold (5) are shown as zero.,Fall 2019,0,0,0,0,0,0,0,0,0,0,0,0,Some boarding or alighting values for this stop (all Lines at this stop) are below 5 and have been suppressed to reinforce the confidential nature of the data. All values that do not meet the threshold (5) are shown as zero.,Fall 2019,Automated Passenger Counting (APC) and Automatic Vehicle Location systems,2019,56998-NB 204 ST AT 40 AVE,49.075072,-122.658419,25671,2003a8fc-f75b-4c5b-a454-56e209c18184,-13654272.74,6287609.155
56999,EB 42 AVE AT 204 ST,Southeast,Langley Township,560/561,53,531; 560/561,Some boarding or alighting values for this route (Line Number) at this stop are below 5 and have been suppressed to reinforce the confidential nature of the data. All values that do not meet the threshold (5) are shown as zero.,Fall 2019,5,0,0,0,0,0,5,0,0,0,0,0,Some boarding or alighting values for this stop (all Lines at this stop) are below 5 and have been suppressed to reinforce the confidential nature of the data. All values that do not meet the threshold (5) are shown as zero.,Fall 2019,Automated Passenger Counting (APC) and Automatic Vehicle Location systems,2019,56999-EB 42 AVE AT 204 ST,49.078226,-122.657742,25672,a0f3380a-f903-4327-8726-36225f1b4727,-13654197.38,6288145.148
57000,EB 42 AVE AT 205A ST,Southeast,Langley Township,560/561,58,531; 560/561,Some boarding or alighting values for this route (Line Number) at this stop are below 5 and have been suppressed to reinforce the confidential nature of the data. All values that do not meet the threshold (5) are shown as zero.,Fall 2019,0,5,0,0,0,0,0,5,0,0,0,0,Some boarding or alighting values for this stop (all Lines at this stop) are below 5 and have been suppressed to reinforce the confidential nature of the data. All values that do not meet the threshold (5) are shown as zero.,Fall 2019,Automated Passenger Counting (APC) and Automatic Vehicle Location systems,2019,57000-EB 42 AVE AT 205A ST,49.078241,-122.654423,25673,67601cbd-44ce-4d41-94d2-74562fd7e298,-13653827.91,6288147.697
57001,EB 42 AVE AT 207 ST,Southeast,Langley Township,560/561,62,531; 560/561,Some boarding or alighting values for this route (Line Number) at this stop are below 5 and have been suppressed to reinforce the confidential nature of the data. All values that do not meet the threshold (5) are shown as zero.,Fall 2019,0,0,5,5,0,0,0,0,5,5,0,0,Some boarding or alighting values for this stop (all Lines at this stop) are below 5 and have been suppressed to reinforce the confidential nature of the data. All values that do not meet the threshold (5) are shown as zero.,Fall 2019,Automated Passenger Counting (APC) and Automatic Vehicle Location systems,2019,57001-EB 42 AVE AT 207 ST,49.078235,-122.650158,25674,0188298a-6b90-4e6c-ba87-47c0ac407eae,-13653353.13,6288146.678
57002,NB 208 ST AT 42 AVE,Southeast,Langley Township,560/561,65,560/561; 563,Some boarding or alighting values for this route (Line Number) at this stop are below 5 and have been suppressed to reinforce the confidential nature of the data. All values that do not meet the threshold (5) are shown as zero.,Fall 2019,6,8,6,8,0,7,12,10,12,9,10,8,,Fall 2019,Automated Passenger Counting (APC) and Automatic Vehicle Location systems,2019,57002-NB 208 ST AT 42 AVE,49.078766,-122.647183,25675,4ce995ff-d570-48fa-b24c-460c73d3da52,-13653021.96,6288236.92
57003,NB 208 ST AT 44 AVE,Southeast,Langley Township,560/561,72,560/561; 563,Some boarding or alighting values for this route (Line Number) at this stop are below 5 and have been suppressed to reinforce the confidential nature of the data. All values that do not meet the threshold (5) are shown as zero.,Fall 2019,0,0,0,7,0,5,10,5,9,7,7,6,,Fall 2019,Automated Passenger Counting (APC) and Automatic Vehicle Location systems,2019,57003-NB 208 ST AT 44 AVE,49.082341,-122.647006,25676,9ac30d0a-e5bd-48ae-bcb6-bd2e2057c7b5,-13653002.26,6288844.506
57004,NB 208 ST AT 45A AVE,Southeast,Langley City,560/561,76,560/561; 563,Some boarding or alighting values for this route (Line Number) at this stop are below 5 and have been suppressed to reinforce the confidential nature of the data. All values that do not meet the threshold (5) are shown as zero.,Fall 2019,0,0,0,0,0,0,6,0,0,0,0,0,Some boarding or alighting values for this stop (all Lines at this stop) are below 5 and have been suppressed to reinforce the confidential nature of the data. All values that do not meet the threshold (5) are shown as zero.,Fall 2019,Automated Passenger Counting (APC) and Automatic Vehicle Location systems,2019,57004-NB 208 ST AT 45A AVE,49.084791,-122.646881,25677,8a1c5dd8-f9ef-4c89-ac18-2351094bcdfe,-13652988.34,6289260.918
57008,NB 203 ST AT GRADE CRES,Southeast,Langley City,560/561,51,560/561,Some boarding or alighting values for this route (Line Number) at this stop are below 5 and have been suppressed to reinforce the confidential nature of the data. All values that do not meet the threshold (5) are shown as zero.,Fall 2019,7,0,0,0,0,0,7,0,0,0,0,0,Some boarding or alighting values for this stop (all Lines at this stop) are below 5 and have been suppressed to reinforce the confidential nature of the data. All values that do not meet the threshold (5) are shown as zero.,Fall 2019,Automated Passenger Counting (APC) and Automatic Vehicle Location systems,2019,57008-NB 203 ST AT GRADE CRES,49.090214,-122.659685,25678,b68eb570-9150-4cd7-be0f-e855436032d3,-13654413.68,6290182.709
57009,NB 203 ST AT 50 AVE,Southeast,Langley City,560/561,55,560/561,Some boarding or alighting values for this route (Line Number) at this stop are below 5 and have been suppressed to reinforce the confidential nature of the data. All values that do not meet the threshold (5) are shown as zero.,Fall 2019,0,0,0,0,0,0,0,0,0,0,0,0,Some boarding or alighting values for this stop (all Lines at this stop) are below 5 and have been suppressed to reinforce the confidential nature of the data. All values that do not meet the threshold (5) are shown as zero.,Fall 2019,Automated Passenger Counting (APC) and Automatic Vehicle Location systems,2019,57009-NB 203 ST AT 50 AVE,49.094312,-122.659818,25679,a196f66a-d3d3-4a9f-9c9d-d8ff750f3419,-13654428.48,6290879.345
57013,NB 200 ST AT 41 AVE,Southeast,Langley Township,560/561,16,531; 560/561,Some boarding or alighting values for this route (Line Number) at this stop are below 5 and have been suppressed to reinforce the confidential nature of the data. All values that do not meet the threshold (5) are shown as zero.,Fall 2019,0,0,0,0,5,0,12,0,11,0,11,0,Some boarding or alighting values for this stop (all Lines at this stop) are below 5 and have been suppressed to reinforce the confidential nature of the data. All values that do not meet the threshold (5) are shown as zero.,Fall 2019,Automated Passenger Counting (APC) and Automatic Vehicle Location systems,2019,57013-NB 200 ST AT 41 AVE,49.077381,-122.669279,25680,9752b728-b92e-4902-aa97-d1685a52784b,-13655481.67,6288001.545
57014,NB 200 ST AT 42 AVE,Southeast,Langley Township,560/561,21,531; 560/561,Some boarding or alighting values for this route (Line Number) at this stop are below 5 and have been suppressed to reinforce the confidential nature of the data. All values that do not meet the threshold (5) are shown as zero.,Fall 2019,0,0,0,0,0,0,7,0,8,0,5,0,Some boarding or alighting values for this stop (all Lines at this stop) are below 5 and have been suppressed to reinforce the confidential nature of the data. All values that do not meet the threshold (5) are shown as zero.,Fall 2019,Automated Passenger Counting (APC) and Automatic Vehicle Location systems,2019,57014-NB 200 ST AT 42 AVE,49.078704,-122.669191,25681,12b353b9-f202-4c96-ae45-23d8eaf9e4b9,-13655471.88,6288226.383
57015,NB 200 ST AT 44 AVE,Southeast,Langley City,560/561,27,531; 560/561,Some boarding or alighting values for this route (Line Number) at this stop are below 5 and have been suppressed to reinforce the confidential nature of the data. All values that do not meet the threshold (5) are shown as zero.,Fall 2019,5,0,5,0,0,0,21,8,16,0,10,5,Some boarding or alighting values for this stop (all Lines at this stop) are below 5 and have been suppressed to reinforce the confidential nature of the data. All values that do not meet the threshold (5) are shown as zero.,Fall 2019,Automated Passenger Counting (APC) and Automatic Vehicle Location systems,2019,57015-NB 200 ST AT 44 AVE,49.082473,-122.668852,25682,cb0c88bc-4865-4121-b163-96f80bb26460,-13655434.14,6288866.94
57016,NB 200 ST AT 45A AVE,Southeast,Langley City,560/561,35,531; 560/561,Some boarding or alighting values for this route (Line Number) at this stop are below 5 and have been suppressed to reinforce the confidential nature of the data. All values that do not meet the threshold (5) are shown as zero.,Fall 2019,0,0,0,0,0,0,8,0,5,0,6,0,Some boarding or alighting values for this stop (all Lines at this stop) are below 5 and have been suppressed to reinforce the confidential nature of the data. All values that do not meet the threshold (5) are shown as zero.,Fall 2019,Automated Passenger Counting (APC) and Automatic Vehicle Location systems,2019,57016-NB 200 ST AT 45A AVE,49.084948,-122.668753,25683,82a98d3d-f4b8-4e33-9c53-e5f319af9ac8,-13655423.12,6289287.603
57017,NB 200 ST AT 48 AVE,Southeast,Langley City,560/561,40,531; 560/561,Some boarding or alighting values for this route (Line Number) at this stop are below 5 and have been suppressed to reinforce the confidential nature of the data. All values that do not meet the threshold (5) are shown as zero.,Fall 2019,5,0,0,0,0,0,21,5,10,0,8,0,Some boarding or alighting values for this stop (all Lines at this stop) are below 5 and have been suppressed to reinforce the confidential nature of the data. All values that do not meet the threshold (5) are shown as zero.,Fall 2019,Automated Passenger Counting (APC) and Automatic Vehicle Location systems,2019,57017-NB 200 ST AT 48 AVE,49.089851,-122.668443,25684,0bf10e4d-2508-478e-9e9c-21576d4b555e,-13655388.61,6290121.003
57019,EB 53 AVE AT 200 ST,Southeast,Langley City,560/561,106,560/561; 563,Some boarding or alighting values for this route (Line Number) at this stop are below 5 and have been suppressed to reinforce the confidential nature of the data. All values that do not meet the threshold (5) are shown as zero.,Fall 2019,0,0,0,0,0,0,5,6,0,0,0,0,Some boarding or alighting values for this stop (all Lines at this stop) are below 5 and have been suppressed to reinforce the confidential nature of the data. All values that do not meet the threshold (5) are shown as zero.,Fall 2019,Automated Passenger Counting (APC) and Automatic Vehicle Location systems,2019,57019-EB 53 AVE AT 200 ST,49.098377,-122.66807,25685,216e51a0-a2ca-4826-97b5-4ea024e1fe41,-13655347.09,6291570.428
57020,EB 53 AVE AT 201A ST,Southeast,Langley City,560/561,109,560/561; 563,Some boarding or alighting values for this route (Line Number) at this stop are below 5 and have been suppressed to reinforce the confidential nature of the data. All values that do not meet the threshold (5) are shown as zero.,Fall 2019,0,0,0,0,0,0,0,5,0,0,0,0,Some boarding or alighting values for this stop (all Lines at this stop) are below 5 and have been suppressed to reinforce the confidential nature of the data. All values that do not meet the threshold (5) are shown as zero.,Fall 2019,Automated Passenger Counting (APC) and Automatic Vehicle Location systems,2019,57020-EB 53 AVE AT 201A ST,49.098386,-122.663943,25686,aa195e97-2b1c-4eae-b3ee-2c1da4e10790,-13654887.67,6291571.958
57021,NB 204 ST AT 53 AVE,Southeast,Langley City,560/561,57,560/561,Some boarding or alighting values for this route (Line Number) at this stop are below 5 and have been suppressed to reinforce the confidential nature of the data. All values that do not meet the threshold (5) are shown as zero.,Fall 2019,0,0,0,0,0,0,0,0,0,0,0,0,Some boarding or alighting values for this stop (all Lines at this stop) are below 5 and have been suppressed to reinforce the confidential nature of the data. All values that do not meet the threshold (5) are shown as zero.,Fall 2019,Automated Passenger Counting (APC) and Automatic Vehicle Location systems,2019,57021-NB 204 ST AT 53 AVE,49.09888,-122.656676,25687,85442efc-a0c1-4b4b-b0fe-f948b6a84538,-13654078.71,6291655.946
57022,NB 204 ST AT 54 AVE,Southeast,Langley City,560/561,61,560/561,Some boarding or alighting values for this route (Line Number) at this stop are below 5 and have been suppressed to reinforce the confidential nature of the data. All values that do not meet the threshold (5) are shown as zero.,Fall 2019,0,5,0,0,0,0,0,5,0,0,0,0,Some boarding or alighting values for this stop (all Lines at this stop) are below 5 and have been suppressed to reinforce the confidential nature of the data. All values that do not meet the threshold (5) are shown as zero.,Fall 2019,Automated Passenger Counting (APC) and Automatic Vehicle Location systems,2019,57022-NB 204 ST AT 54 AVE,49.100903,-122.656567,25688,d3f469dc-2482-4db7-bffa-e2eb86a3db94,-13654066.58,6291999.897
57023,NB 204 ST AT PARK AVE,Southeast,Langley City,560/561,66,560/561,Some boarding or alighting values for this route (Line Number) at this stop are below 5 and have been suppressed to reinforce the confidential nature of the data. All values that do not meet the threshold (5) are shown as zero.,Fall 2019,0,11,0,9,0,7,0,11,0,9,0,7,Some boarding or alighting values for this stop (all Lines at this stop) are below 5 and have been suppressed to reinforce the confidential nature of the data. All values that do not meet the threshold (5) are shown as zero.,Fall 2019,Automated Passenger Counting (APC) and Automatic Vehicle Location systems,2019,57023-NB 204 ST AT PARK AVE,49.10275,-122.656477,25689,0d6c2449-c624-42d8-986b-3af50fd29cc4,-13654056.56,6292313.937
57024,WB DOUGLAS CRES AT 204 ST,Southeast,Langley City,560/561,31,320; 342; 531; 560/561; 563; 564,Some boarding or alighting values for this route (Line Number) at this stop are below 5 and have been suppressed to reinforce the confidential nature of the data. All values that do not meet the threshold (5) are shown as zero.,Fall 2019,9,0,7,0,8,0,159,25,96,23,89,11,,Fall 2019,Automated Passenger Counting (APC) and Automatic Vehicle Location systems,2019,57024-WB DOUGLAS CRES AT 204 ST,49.103635,-122.657813,25690,a8f42b54-135f-4d08-afa2-92c3837a9b69,-13654205.29,6292464.415
57025,NB 203 ST AT FRASER HWY,Southeast,Langley City,560/561,94,320; 342; 364; 372; 395; 501; 502; 560/561; 563; 564; 595,Some boarding or alighting values for this route (Line Number) at this stop are below 5 and have been suppressed to reinforce the confidential nature of the data. All values that do not meet the threshold (5) are shown as zero.,Fall 2019,0,9,0,0,0,0,149,294,98,255,76,170,,Fall 2019,Automated Passenger Counting (APC) and Automatic Vehicle Location systems,2019,57025-NB 203 ST AT FRASER HWY,49.105966,-122.659978,25691,ee067238-ebf8-41c9-b3d2-4e47dadb38e5,-13654446.29,6292860.772
57025,NB 203 ST AT FRASER HWY,Southeast,Langley City,560/561,75,320; 342; 364; 372; 395; 501; 502; 560/561; 563; 564; 595,Some boarding or alighting values for this route (Line Number) at this stop are below 5 and have been suppressed to reinforce the confidential nature of the data. All values that do not meet the threshold (5) are shown as zero.,Fall 2019,0,6,0,7,0,0,149,294,98,255,76,170,,Fall 2019,Automated Passenger Counting (APC) and Automatic Vehicle Location systems,2019,57025-NB 203 ST AT FRASER HWY,49.105966,-122.659978,25692,f5c060d5-d579-4a2f-9974-da056b711d39,-13654446.29,6292860.772
57026,EB LOGAN AVE AT 203A ST,Southeast,Langley City,560/561,96,320; 342; 364; 395; 501; 502; 531; 560/561; 562; 563; 564; 595,Some boarding or alighting values for this route (Line Number) at this stop are below 5 and have been suppressed to reinforce the confidential nature of the data. All values that do not meet the threshold (5) are shown as zero.,Fall 2019,0,7,0,0,0,0,53,327,19,136,22,171,,Fall 2019,Automated Passenger Counting (APC) and Automatic Vehicle Location systems,2019,57026-EB LOGAN AVE AT 203A ST,49.107721,-122.657685,25693,f5d897b2-1532-406f-8e07-3db747fcab6a,-13654191.04,6293159.199
57026,EB LOGAN AVE AT 203A ST,Southeast,Langley City,560/561,82,320; 342; 364; 395; 501; 502; 531; 560/561; 562; 563; 564; 595,Some boarding or alighting values for this route (Line Number) at this stop are below 5 and have been suppressed to reinforce the confidential nature of the data. All values that do not meet the threshold (5) are shown as zero.,Fall 2019,0,5,0,0,0,0,53,327,19,136,22,171,,Fall 2019,Automated Passenger Counting (APC) and Automatic Vehicle Location systems,2019,57026-EB LOGAN AVE AT 203A ST,49.107721,-122.657685,25694,a526ea4f-cdd3-4016-ac79-f924c3533fff,-13654191.04,6293159.199
57028,WB FRASER HWY AT 56 AVE,Southeast,Langley City,560/561,71,364; 372; 395; 501; 502; 560/561; 595,Some boarding or alighting values for this route (Line Number) at this stop are below 5 and have been suppressed to reinforce the confidential nature of the data. All values that do not meet the threshold (5) are shown as zero.,Fall 2019,0,11,0,12,0,11,199,31,135,26,105,25,,Fall 2019,Automated Passenger Counting (APC) and Automatic Vehicle Location systems,2019,57028-WB FRASER HWY AT 56 AVE,49.105178,-122.658147,25695,fa62c08b-8694-4f0c-a59f-1b3fdb72b86d,-13654242.47,6292726.78
57082,SB 203 ST AT 53 AVE,Southeast,Langley City,560/561,113,560/561,Some boarding or alighting values for this route (Line Number) at this stop are below 5 and have been suppressed to reinforce the confidential nature of the data. All values that do not meet the threshold (5) are shown as zero.,Fall 2019,0,0,0,0,0,0,0,0,0,0,0,0,Some boarding or alighting values for this stop (all Lines at this stop) are below 5 and have been suppressed to reinforce the confidential nature of the data. All values that do not meet the threshold (5) are shown as zero.,Fall 2019,Automated Passenger Counting (APC) and Automatic Vehicle Location systems,2019,57082-SB 203 ST AT 53 AVE,49.097862,-122.659972,25696,c857f6e2-fc8f-40a9-b44b-ed5843e90f31,-13654445.62,6291482.871
57083,SB 203 ST AT 50 AVE,Southeast,Langley City,560/561,115,560/561,Some boarding or alighting values for this route (Line Number) at this stop are below 5 and have been suppressed to reinforce the confidential nature of the data. All values that do not meet the threshold (5) are shown as zero.,Fall 2019,0,0,0,0,0,0,0,0,0,0,0,0,Some boarding or alighting values for this stop (all Lines at this stop) are below 5 and have been suppressed to reinforce the confidential nature of the data. All values that do not meet the threshold (5) are shown as zero.,Fall 2019,Automated Passenger Counting (APC) and Automatic Vehicle Location systems,2019,57083-SB 203 ST AT 50 AVE,49.093262,-122.660007,25697,14b027b2-7830-47a7-a142-428af6805e5b,-13654449.52,6290700.845
57087,SB 208 ST AT 46A AVE,Southeast,Langley City,560/561,33,560/561; 563,Some boarding or alighting values for this route (Line Number) at this stop are below 5 and have been suppressed to reinforce the confidential nature of the data. All values that do not meet the threshold (5) are shown as zero.,Fall 2019,0,0,0,0,0,0,0,5,0,0,0,0,Some boarding or alighting values for this stop (all Lines at this stop) are below 5 and have been suppressed to reinforce the confidential nature of the data. All values that do not meet the threshold (5) are shown as zero.,Fall 2019,Automated Passenger Counting (APC) and Automatic Vehicle Location systems,2019,57087-SB 208 ST AT 46A AVE,49.086173,-122.647076,25698,be1755d1-f975-4051-b545-e1dbc88a9b26,-13653010.05,6289495.818
57088,SB 208 ST AT 44 AVE,Southeast,Langley City,560/561,97,560/561; 563,Some boarding or alighting values for this route (Line Number) at this stop are below 5 and have been suppressed to reinforce the confidential nature of the data. All values that do not meet the threshold (5) are shown as zero.,Fall 2019,0,0,0,0,0,0,0,0,0,0,0,0,Some boarding or alighting values for this stop (all Lines at this stop) are below 5 and have been suppressed to reinforce the confidential nature of the data. All values that do not meet the threshold (5) are shown as zero.,Fall 2019,Automated Passenger Counting (APC) and Automatic Vehicle Location systems,2019,57088-SB 208 ST AT 44 AVE,49.082488,-122.647209,25699,7e49f339-ae96-4528-9db9-6c4b94ce2672,-13653024.85,6288869.49
57098,SB 204 ST AT DOUGLAS CRES,Southeast,Langley City,560/561,32,560/561,Some boarding or alighting values for this route (Line Number) at this stop are below 5 and have been suppressed to reinforce the confidential nature of the data. All values that do not meet the threshold (5) are shown as zero.,Fall 2019,16,0,14,0,11,0,16,0,14,0,11,0,Some boarding or alighting values for this stop (all Lines at this stop) are below 5 and have been suppressed to reinforce the confidential nature of the data. All values that do not meet the threshold (5) are shown as zero.,Fall 2019,Automated Passenger Counting (APC) and Automatic Vehicle Location systems,2019,57098-SB 204 ST AT DOUGLAS CRES,49.103152,-122.65668,25700,7769439e-f01e-4f7d-830f-2c86eff9a5e8,-13654079.16,6292382.289
57099,SB 204 ST AT 54 AVE,Southeast,Langley City,560/561,78,560/561,Some boarding or alighting values for this route (Line Number) at this stop are below 5 and have been suppressed to reinforce the confidential nature of the data. All values that do not meet the threshold (5) are shown as zero.,Fall 2019,5,0,5,0,0,0,5,0,5,0,0,0,Some boarding or alighting values for this stop (all Lines at this stop) are below 5 and have been suppressed to reinforce the confidential nature of the data. All values that do not meet the threshold (5) are shown as zero.,Fall 2019,Automated Passenger Counting (APC) and Automatic Vehicle Location systems,2019,57099-SB 204 ST AT 54 AVE,49.099987,-122.656815,25701,1b49fcdf-4245-471b-ad43-aa9b6140467b,-13654094.19,6291844.157
57100,WB 53 AVE AT 203 ST,Southeast,Langley City,560/561,60,560/561; 563,Some boarding or alighting values for this route (Line Number) at this stop are below 5 and have been suppressed to reinforce the confidential nature of the data. All values that do not meet the threshold (5) are shown as zero.,Fall 2019,0,0,0,0,0,0,0,5,0,0,0,0,Some boarding or alighting values for this stop (all Lines at this stop) are below 5 and have been suppressed to reinforce the confidential nature of the data. All values that do not meet the threshold (5) are shown as zero.,Fall 2019,Automated Passenger Counting (APC) and Automatic Vehicle Location systems,2019,57100-WB 53 AVE AT 203 ST,49.098522,-122.660855,25702,86a9e05a-ecd0-42be-b59a-777c32d54be5,-13654543.92,6291595.08
57101,WB 53 AVE AT 201A ST,Southeast,Langley City,560/561,63,560/561; 563,Some boarding or alighting values for this route (Line Number) at this stop are below 5 and have been suppressed to reinforce the confidential nature of the data. All values that do not meet the threshold (5) are shown as zero.,Fall 2019,0,0,0,0,0,0,0,0,0,0,0,0,Some boarding or alighting values for this stop (all Lines at this stop) are below 5 and have been suppressed to reinforce the confidential nature of the data. All values that do not meet the threshold (5) are shown as zero.,Fall 2019,Automated Passenger Counting (APC) and Automatic Vehicle Location systems,2019,57101-WB 53 AVE AT 201A ST,49.098527,-122.66383,25703,16733d2e-3d68-4834-97ae-d45ca4187b01,-13654875.09,6291595.93
57104,SB 200 ST AT 48 AVE,Southeast,Langley City,560/561,111,531; 560/561,Some boarding or alighting values for this route (Line Number) at this stop are below 5 and have been suppressed to reinforce the confidential nature of the data. All values that do not meet the threshold (5) are shown as zero.,Fall 2019,0,0,0,0,0,0,6,20,0,13,0,12,Some boarding or alighting values for this stop (all Lines at this stop) are below 5 and have been suppressed to reinforce the confidential nature of the data. All values that do not meet the threshold (5) are shown as zero.,Fall 2019,Automated Passenger Counting (APC) and Automatic Vehicle Location systems,2019,57104-SB 200 ST AT 48 AVE,49.089154,-122.668672,25704,d6abc63b-9dd2-4857-b610-b78546702d55,-13655414.1,6290002.524
57105,SB 200 ST AT 45A AVE,Southeast,Langley City,560/561,120,531; 560/561,Some boarding or alighting values for this route (Line Number) at this stop are below 5 and have been suppressed to reinforce the confidential nature of the data. All values that do not meet the threshold (5) are shown as zero.,Fall 2019,0,0,0,0,0,0,0,9,0,6,0,0,Some boarding or alighting values for this stop (all Lines at this stop) are below 5 and have been suppressed to reinforce the confidential nature of the data. All values that do not meet the threshold (5) are shown as zero.,Fall 2019,Automated Passenger Counting (APC) and Automatic Vehicle Location systems,2019,57105-SB 200 ST AT 45A AVE,49.084346,-122.669009,25705,326e2587-429c-43d8-bc0e-b2bd6f5c5051,-13655451.62,6289185.283
57106,SB 200 ST AT 44 AVE,Southeast,Langley Township,560/561,3,531; 560/561,Some boarding or alighting values for this route (Line Number) at this stop are below 5 and have been suppressed to reinforce the confidential nature of the data. All values that do not meet the threshold (5) are shown as zero.,Fall 2019,0,6,0,0,0,0,5,18,0,6,0,8,Some boarding or alighting values for this stop (all Lines at this stop) are below 5 and have been suppressed to reinforce the confidential nature of the data. All values that do not meet the threshold (5) are shown as zero.,Fall 2019,Automated Passenger Counting (APC) and Automatic Vehicle Location systems,2019,57106-SB 200 ST AT 44 AVE,49.081864,-122.66918,25706,772c7754-0f42-426d-a07a-783891dcb617,-13655470.65,6288763.435
57107,SB 200 ST AT 42 AVE,Southeast,Langley Township,560/561,8,531; 560/561,Some boarding or alighting values for this route (Line Number) at this stop are below 5 and have been suppressed to reinforce the confidential nature of the data. All values that do not meet the threshold (5) are shown as zero.,Fall 2019,0,0,0,0,0,0,0,11,0,8,0,5,Some boarding or alighting values for this stop (all Lines at this stop) are below 5 and have been suppressed to reinforce the confidential nature of the data. All values that do not meet the threshold (5) are shown as zero.,Fall 2019,Automated Passenger Counting (APC) and Automatic Vehicle Location systems,2019,57107-SB 200 ST AT 42 AVE,49.078019,-122.669486,25707,483f2ed2-5f6c-40a4-a126-08ef6acd12af,-13655504.72,6288109.969
57108,SB 200 ST AT 41 AVE,Southeast,Langley Township,560/561,12,531; 560/561,Some boarding or alighting values for this route (Line Number) at this stop are below 5 and have been suppressed to reinforce the confidential nature of the data. All values that do not meet the threshold (5) are shown as zero.,Fall 2019,6,11,0,8,7,6,21,40,17,29,17,29,,Fall 2019,Automated Passenger Counting (APC) and Automatic Vehicle Location systems,2019,57108-SB 200 ST AT 41 AVE,49.076361,-122.669599,25708,4257b4fe-67da-4a82-a260-6c015a08e094,-13655517.3,6287828.205
57115,WB 36 AVE AT 202A ST,Southeast,Langley Township,560/561,118,560/561,Some boarding or alighting values for this route (Line Number) at this stop are below 5 and have been suppressed to reinforce the confidential nature of the data. All values that do not meet the threshold (5) are shown as zero.,Fall 2019,0,0,0,0,0,0,0,0,0,0,0,0,Some boarding or alighting values for this stop (all Lines at this stop) are below 5 and have been suppressed to reinforce the confidential nature of the data. All values that do not meet the threshold (5) are shown as zero.,Fall 2019,Automated Passenger Counting (APC) and Automatic Vehicle Location systems,2019,57115-WB 36 AVE AT 202A ST,49.06746,-122.663166,25709,3c8013ec-40cc-43a5-ad74-5a4805d1ad00,-13654801.18,6286315.706
57130,EB 36 AVE AT 200 ST,Southeast,Langley Township,560/561,29,560/561,Some boarding or alighting values for this route (Line Number) at this stop are below 5 and have been suppressed to reinforce the confidential nature of the data. All values that do not meet the threshold (5) are shown as zero.,Fall 2019,0,0,0,0,0,0,0,0,0,0,0,0,Some boarding or alighting values for this stop (all Lines at this stop) are below 5 and have been suppressed to reinforce the confidential nature of the data. All values that do not meet the threshold (5) are shown as zero.,Fall 2019,Automated Passenger Counting (APC) and Automatic Vehicle Location systems,2019,57130-EB 36 AVE AT 200 ST,49.067331,-122.668998,25710,7af1f743-79ea-4716-aa61-869e44af5142,-13655450.39,6286293.788
57131,EB 36 AVE AT 203 ST,Southeast,Langley Township,560/561,38,560/561,Some boarding or alighting values for this route (Line Number) at this stop are below 5 and have been suppressed to reinforce the confidential nature of the data. All values that do not meet the threshold (5) are shown as zero.,Fall 2019,0,0,0,0,0,0,0,0,0,0,0,0,Some boarding or alighting values for this stop (all Lines at this stop) are below 5 and have been suppressed to reinforce the confidential nature of the data. All values that do not meet the threshold (5) are shown as zero.,Fall 2019,Automated Passenger Counting (APC) and Automatic Vehicle Location systems,2019,57131-EB 36 AVE AT 203 ST,49.067345,-122.661661,25711,dab4d104-80fe-47c7-b238-293b31bd1898,-13654633.64,6286296.167
57146,EB 48 AVE AT 208 ST,Southeast,Langley City,560/561,2,560/561,Some boarding or alighting values for this route (Line Number) at this stop are below 5 and have been suppressed to reinforce the confidential nature of the data. All values that do not meet the threshold (5) are shown as zero.,Fall 2019,19,0,0,0,0,0,19,12,0,0,0,0,Some boarding or alighting values for this stop (all Lines at this stop) are below 5 and have been suppressed to reinforce the confidential nature of the data. All values that do not meet the threshold (5) are shown as zero.,Fall 2019,Automated Passenger Counting (APC) and Automatic Vehicle Location systems,2019,57146-EB 48 AVE AT 208 ST,49.089505,-122.645992,25712,8794ed25-43f9-4680-a569-ac8828512959,-13652889.38,6290062.188
57146,EB 48 AVE AT 208 ST,Southeast,Langley City,560/561,87,560/561,Some boarding or alighting values for this route (Line Number) at this stop are below 5 and have been suppressed to reinforce the confidential nature of the data. All values that do not meet the threshold (5) are shown as zero.,Fall 2019,0,12,0,0,0,0,19,12,0,0,0,0,Some boarding or alighting values for this stop (all Lines at this stop) are below 5 and have been suppressed to reinforce the confidential nature of the data. All values that do not meet the threshold (5) are shown as zero.,Fall 2019,Automated Passenger Counting (APC) and Automatic Vehicle Location systems,2019,57146-EB 48 AVE AT 208 ST,49.089505,-122.645992,25713,394d9101-c3fd-46af-ad30-d123aee8c6cd,-13652889.38,6290062.188
57147,EB 48 AVE AT 210 ST,Southeast,Langley City,560/561,34,560/561,Some boarding or alighting values for this route (Line Number) at this stop are below 5 and have been suppressed to reinforce the confidential nature of the data. All values that do not meet the threshold (5) are shown as zero.,Fall 2019,0,0,0,0,0,0,0,0,0,0,0,0,Some boarding or alighting values for this stop (all Lines at this stop) are below 5 and have been suppressed to reinforce the confidential nature of the data. All values that do not meet the threshold (5) are shown as zero.,Fall 2019,Automated Passenger Counting (APC) and Automatic Vehicle Location systems,2019,57147-EB 48 AVE AT 210 ST,49.089488,-122.642323,25714,efc66d99-d3a5-4b67-b437-5bef6c2b91de,-13652480.95,6290059.299
57148,EB 48 AVE AT 214A ST,Southeast,Langley Township,560/561,80,560/561,Some boarding or alighting values for this route (Line Number) at this stop are below 5 and have been suppressed to reinforce the confidential nature of the data. All values that do not meet the threshold (5) are shown as zero.,Fall 2019,0,0,0,0,0,0,0,0,0,0,0,0,Some boarding or alighting values for this stop (all Lines at this stop) are below 5 and have been suppressed to reinforce the confidential nature of the data. All values that do not meet the threshold (5) are shown as zero.,Fall 2019,Automated Passenger Counting (APC) and Automatic Vehicle Location systems,2019,57148-EB 48 AVE AT 214A ST,49.089411,-122.628948,25715,7510d631-65e0-43f3-b8e9-4727dec85b3e,-13650992.05,6290046.21
57150,EB 48 AVE AT 219 ST,Southeast,Langley Township,560/561,105,560/561,Some boarding or alighting values for this route (Line Number) at this stop are below 5 and have been suppressed to reinforce the confidential nature of the data. All values that do not meet the threshold (5) are shown as zero.,Fall 2019,0,0,0,0,0,0,0,0,0,0,0,0,Some boarding or alighting values for this stop (all Lines at this stop) are below 5 and have been suppressed to reinforce the confidential nature of the data. All values that do not meet the threshold (5) are shown as zero.,Fall 2019,Automated Passenger Counting (APC) and Automatic Vehicle Location systems,2019,57150-EB 48 AVE AT 219 ST,49.089338,-122.616322,25716,70510ab5-ad28-4abd-9c1b-d9411516082d,-13649586.53,6290033.801
57151,EB 48 AVE AT 221 ST,Southeast,Langley Township,560/561,24,560/561,Some boarding or alighting values for this route (Line Number) at this stop are below 5 and have been suppressed to reinforce the confidential nature of the data. All values that do not meet the threshold (5) are shown as zero.,Fall 2019,5,5,0,0,0,0,5,5,0,0,0,0,Some boarding or alighting values for this stop (all Lines at this stop) are below 5 and have been suppressed to reinforce the confidential nature of the data. All values that do not meet the threshold (5) are shown as zero.,Fall 2019,Automated Passenger Counting (APC) and Automatic Vehicle Location systems,2019,57151-EB 48 AVE AT 221 ST,49.089322,-122.610856,25717,8c7b286d-d67f-48ed-9d52-ec0d083b6afd,-13648978.06,6290031.081
57152,NB 222 ST AT 48 AVE,Southeast,Langley Township,560/561,68,560/561,Some boarding or alighting values for this route (Line Number) at this stop are below 5 and have been suppressed to reinforce the confidential nature of the data. All values that do not meet the threshold (5) are shown as zero.,Fall 2019,11,12,0,5,6,0,11,12,0,5,6,0,Some boarding or alighting values for this stop (all Lines at this stop) are below 5 and have been suppressed to reinforce the confidential nature of the data. All values that do not meet the threshold (5) are shown as zero.,Fall 2019,Automated Passenger Counting (APC) and Automatic Vehicle Location systems,2019,57152-NB 222 ST AT 48 AVE,49.090087,-122.607993,25718,c9b07c02-cdb5-4190-81a2-e5f1a05298aa,-13648659.35,6290161.12
57178,WB 48 AVE AT 222 ST,Southeast,Langley Township,560/561,17,560/561,Some boarding or alighting values for this route (Line Number) at this stop are below 5 and have been suppressed to reinforce the confidential nature of the data. All values that do not meet the threshold (5) are shown as zero.,Fall 2019,0,5,5,0,0,0,0,5,5,0,0,0,Some boarding or alighting values for this stop (all Lines at this stop) are below 5 and have been suppressed to reinforce the confidential nature of the data. All values that do not meet the threshold (5) are shown as zero.,Fall 2019,Automated Passenger Counting (APC) and Automatic Vehicle Location systems,2019,57178-WB 48 AVE AT 222 ST,49.089466,-122.608714,25719,2bde4b05-a7cc-40ac-aba9-16caa146d71f,-13648739.61,6290055.559
57179,WB 48 AVE AT 221 ST,Southeast,Langley Township,560/561,22,560/561,Some boarding or alighting values for this route (Line Number) at this stop are below 5 and have been suppressed to reinforce the confidential nature of the data. All values that do not meet the threshold (5) are shown as zero.,Fall 2019,5,0,0,0,0,0,5,0,0,0,0,0,Some boarding or alighting values for this stop (all Lines at this stop) are below 5 and have been suppressed to reinforce the confidential nature of the data. All values that do not meet the threshold (5) are shown as zero.,Fall 2019,Automated Passenger Counting (APC) and Automatic Vehicle Location systems,2019,57179-WB 48 AVE AT 221 ST,49.089475,-122.612011,25720,4c333642-17ab-40df-aaa6-73d2ac889d29,-13649106.63,6290057.089
57180,WB 48 AVE AT 219 ST,Southeast,Langley Township,560/561,28,560/561,Some boarding or alighting values for this route (Line Number) at this stop are below 5 and have been suppressed to reinforce the confidential nature of the data. All values that do not meet the threshold (5) are shown as zero.,Fall 2019,0,0,0,0,0,0,0,0,0,0,0,0,Some boarding or alighting values for this stop (all Lines at this stop) are below 5 and have been suppressed to reinforce the confidential nature of the data. All values that do not meet the threshold (5) are shown as zero.,Fall 2019,Automated Passenger Counting (APC) and Automatic Vehicle Location systems,2019,57180-WB 48 AVE AT 219 ST,49.089492,-122.616401,25721,251a1215-e39b-4efa-829c-03e524a69570,-13649595.32,6290059.979
57182,WB 48 AVE AT 214A ST,Southeast,Langley Township,560/561,59,560/561,Some boarding or alighting values for this route (Line Number) at this stop are below 5 and have been suppressed to reinforce the confidential nature of the data. All values that do not meet the threshold (5) are shown as zero.,Fall 2019,0,0,0,0,0,0,0,0,0,0,0,0,Some boarding or alighting values for this stop (all Lines at this stop) are below 5 and have been suppressed to reinforce the confidential nature of the data. All values that do not meet the threshold (5) are shown as zero.,Fall 2019,Automated Passenger Counting (APC) and Automatic Vehicle Location systems,2019,57182-WB 48 AVE AT 214A ST,49.089514,-122.629794,25722,1cecbc20-321e-4a2a-8e47-1a13564033a9,-13651086.22,6290063.718
57183,WB 48 AVE AT 210 ST,Southeast,Langley City,560/561,64,560/561,Some boarding or alighting values for this route (Line Number) at this stop are below 5 and have been suppressed to reinforce the confidential nature of the data. All values that do not meet the threshold (5) are shown as zero.,Fall 2019,0,0,0,5,0,7,0,0,0,5,0,7,Some boarding or alighting values for this stop (all Lines at this stop) are below 5 and have been suppressed to reinforce the confidential nature of the data. All values that do not meet the threshold (5) are shown as zero.,Fall 2019,Automated Passenger Counting (APC) and Automatic Vehicle Location systems,2019,57183-WB 48 AVE AT 210 ST,49.08962,-122.642152,25723,4ae41c2b-1efb-4794-92b5-3457976bc1c1,-13652461.91,6290081.737
57184,WB 48 AVE AT 209 ST,Southeast,Langley City,560/561,69,560/561,Some boarding or alighting values for this route (Line Number) at this stop are below 5 and have been suppressed to reinforce the confidential nature of the data. All values that do not meet the threshold (5) are shown as zero.,Fall 2019,0,0,0,0,0,0,0,0,0,0,0,0,Some boarding or alighting values for this stop (all Lines at this stop) are below 5 and have been suppressed to reinforce the confidential nature of the data. All values that do not meet the threshold (5) are shown as zero.,Fall 2019,Automated Passenger Counting (APC) and Automatic Vehicle Location systems,2019,57184-WB 48 AVE AT 209 ST,49.089636,-122.645177,25724,66c592b0-ca94-41a0-9a7a-c236c584a734,-13652798.65,6290084.456
57188,LANGLEY CENTRE BAY 6,Southeast,Langley City,560/561,18,342; 372; 502; 560/561; 562; 563; 564,,Fall 2019,86,41,65,40,35,27,605,719,375,602,258,415,,Fall 2019,Automated Passenger Counting (APC) and Automatic Vehicle Location systems,2019,57188-LANGLEY CENTRE BAY 6,49.106538,-122.654955,25725,61c006cc-2c22-4e4e-bb3e-20f508d097e9,-13653887.13,6292958.036
57188,LANGLEY CENTRE BAY 6,Southeast,Langley City,560/561,11,342; 372; 502; 560/561; 562; 563; 564,,Fall 2019,55,39,35,33,38,24,605,719,375,602,258,415,,Fall 2019,Automated Passenger Counting (APC) and Automatic Vehicle Location systems,2019,57188-LANGLEY CENTRE BAY 6,49.106538,-122.654955,25726,a34f5f60-cb23-4403-ba3b-69ce86a2dee5,-13653887.13,6292958.036
57279,EB 52 AVE AT 216 ST,Southeast,Langley Township,560/561,45,560/561,Some boarding or alighting values for this route (Line Number) at this stop are below 5 and have been suppressed to reinforce the confidential nature of the data. All values that do not meet the threshold (5) are shown as zero.,Fall 2019,0,0,0,0,0,0,0,0,0,0,0,0,Some boarding or alighting values for this stop (all Lines at this stop) are below 5 and have been suppressed to reinforce the confidential nature of the data. All values that do not meet the threshold (5) are shown as zero.,Fall 2019,Automated Passenger Counting (APC) and Automatic Vehicle Location systems,2019,57279-EB 52 AVE AT 216 ST,49.097397,-122.623457,25727,bd5db5fd-cfa2-4894-9f8c-cd52af857c5f,-13650380.79,6291403.815
57280,EB 52 AVE AT 217A ST,Southeast,Langley Township,560/561,89,560/561,Some boarding or alighting values for this route (Line Number) at this stop are below 5 and have been suppressed to reinforce the confidential nature of the data. All values that do not meet the threshold (5) are shown as zero.,Fall 2019,0,0,0,0,0,0,0,0,0,0,0,0,Some boarding or alighting values for this stop (all Lines at this stop) are below 5 and have been suppressed to reinforce the confidential nature of the data. All values that do not meet the threshold (5) are shown as zero.,Fall 2019,Automated Passenger Counting (APC) and Automatic Vehicle Location systems,2019,57280-EB 52 AVE AT 217A ST,49.096672,-122.620098,25728,1bf48c2f-de63-4476-bb51-34d8a66c7a49,-13650006.87,6291280.557
57281,EB 52 AVE AT 219 ST,Southeast,Langley Township,560/561,110,560/561,Some boarding or alighting values for this route (Line Number) at this stop are below 5 and have been suppressed to reinforce the confidential nature of the data. All values that do not meet the threshold (5) are shown as zero.,Fall 2019,0,8,0,0,0,0,0,8,0,0,0,0,Some boarding or alighting values for this stop (all Lines at this stop) are below 5 and have been suppressed to reinforce the confidential nature of the data. All values that do not meet the threshold (5) are shown as zero.,Fall 2019,Automated Passenger Counting (APC) and Automatic Vehicle Location systems,2019,57281-EB 52 AVE AT 219 ST,49.096726,-122.615797,25729,17cf15ab-f87f-4029-91bf-79e421b82ccb,-13649528.09,6291289.738
57282,SB 221A ST AT LANGLEY MEMORIAL HOSPITAL,Southeast,Langley Township,560/561,119,560/561,Some boarding or alighting values for this route (Line Number) at this stop are below 5 and have been suppressed to reinforce the confidential nature of the data. All values that do not meet the threshold (5) are shown as zero.,Fall 2019,0,20,0,7,0,5,0,20,0,7,0,5,Some boarding or alighting values for this stop (all Lines at this stop) are below 5 and have been suppressed to reinforce the confidential nature of the data. All values that do not meet the threshold (5) are shown as zero.,Fall 2019,Automated Passenger Counting (APC) and Automatic Vehicle Location systems,2019,57282-SB 221A ST AT LANGLEY MEMORIAL HOSPITAL,49.095555,-122.610325,25730,6529cf1f-3cbd-4e2a-9d9a-40c6d05d72d3,-13648918.95,6291090.659
57283,EB 50 AVE AT 221A ST,Southeast,Langley Township,560/561,4,560/561,Some boarding or alighting values for this route (Line Number) at this stop are below 5 and have been suppressed to reinforce the confidential nature of the data. All values that do not meet the threshold (5) are shown as zero.,Fall 2019,0,0,0,0,0,0,0,0,0,0,0,0,Some boarding or alighting values for this stop (all Lines at this stop) are below 5 and have been suppressed to reinforce the confidential nature of the data. All values that do not meet the threshold (5) are shown as zero.,Fall 2019,Automated Passenger Counting (APC) and Automatic Vehicle Location systems,2019,57283-EB 50 AVE AT 221A ST,49.092966,-122.609489,25731,68e3b702-7258-41e3-8766-fdeaa9d5d2bc,-13648825.88,6290650.526
57284,SB 222 ST AT FRASER HWY,Southeast,Langley Township,560/561,13,560/561,Some boarding or alighting values for this route (Line Number) at this stop are below 5 and have been suppressed to reinforce the confidential nature of the data. All values that do not meet the threshold (5) are shown as zero.,Fall 2019,6,10,0,9,0,0,6,10,0,9,0,0,Some boarding or alighting values for this stop (all Lines at this stop) are below 5 and have been suppressed to reinforce the confidential nature of the data. All values that do not meet the threshold (5) are shown as zero.,Fall 2019,Automated Passenger Counting (APC) and Automatic Vehicle Location systems,2019,57284-SB 222 ST AT FRASER HWY,49.091094,-122.608245,25732,e9b1e320-6643-426c-bd31-ee8a78e98884,-13648687.4,6290332.299
57339,WB 50 AVE AT 221A ST,Southeast,Langley Township,560/561,122,560/561,Some boarding or alighting values for this route (Line Number) at this stop are below 5 and have been suppressed to reinforce the confidential nature of the data. All values that do not meet the threshold (5) are shown as zero.,Fall 2019,0,0,0,0,0,0,0,0,0,0,0,0,Some boarding or alighting values for this stop (all Lines at this stop) are below 5 and have been suppressed to reinforce the confidential nature of the data. All values that do not meet the threshold (5) are shown as zero.,Fall 2019,Automated Passenger Counting (APC) and Automatic Vehicle Location systems,2019,57339-WB 50 AVE AT 221A ST,49.093084,-122.609848,25733,7f2085ab-f34f-42df-bcd4-db6c21b24f4d,-13648865.85,6290670.586
57340,NB 221A ST AT LANGLEY MEMORIAL HOSPITAL,Southeast,Langley Township,560/561,5,560/561,Some boarding or alighting values for this route (Line Number) at this stop are below 5 and have been suppressed to reinforce the confidential nature of the data. All values that do not meet the threshold (5) are shown as zero.,Fall 2019,18,0,5,0,0,0,18,0,5,0,0,0,Some boarding or alighting values for this stop (all Lines at this stop) are below 5 and have been suppressed to reinforce the confidential nature of the data. All values that do not meet the threshold (5) are shown as zero.,Fall 2019,Automated Passenger Counting (APC) and Automatic Vehicle Location systems,2019,57340-NB 221A ST AT LANGLEY MEMORIAL HOSPITAL,49.095779,-122.610149,25734,fe74ea4b-db6a-440d-b5ad-a2facb4eaba0,-13648899.35,6291128.74
57341,WB 52 AVE AT 219 ST,Southeast,Langley Township,560/561,7,560/561,Some boarding or alighting values for this route (Line Number) at this stop are below 5 and have been suppressed to reinforce the confidential nature of the data. All values that do not meet the threshold (5) are shown as zero.,Fall 2019,0,0,0,0,0,0,0,0,0,0,0,0,Some boarding or alighting values for this stop (all Lines at this stop) are below 5 and have been suppressed to reinforce the confidential nature of the data. All values that do not meet the threshold (5) are shown as zero.,Fall 2019,Automated Passenger Counting (APC) and Automatic Vehicle Location systems,2019,57341-WB 52 AVE AT 219 ST,49.096835,-122.616608,25735,e6e7b4d1-7d05-4c9c-bb19-16f650084972,-13649618.37,6291308.269
57342,WB 52 AVE AT 218 ST,Southeast,Langley Township,560/561,15,560/561,Some boarding or alighting values for this route (Line Number) at this stop are below 5 and have been suppressed to reinforce the confidential nature of the data. All values that do not meet the threshold (5) are shown as zero.,Fall 2019,0,0,0,0,0,0,0,0,0,0,0,0,Some boarding or alighting values for this stop (all Lines at this stop) are below 5 and have been suppressed to reinforce the confidential nature of the data. All values that do not meet the threshold (5) are shown as zero.,Fall 2019,Automated Passenger Counting (APC) and Automatic Vehicle Location systems,2019,57342-WB 52 AVE AT 218 ST,49.096797,-122.619518,25736,abf600e8-26a3-4142-af13-000de403f7dd,-13649942.31,6291301.808
57343,WB 52 AVE AT 216 ST,Southeast,Langley Township,560/561,20,560/561,Some boarding or alighting values for this route (Line Number) at this stop are below 5 and have been suppressed to reinforce the confidential nature of the data. All values that do not meet the threshold (5) are shown as zero.,Fall 2019,0,0,0,0,0,0,0,0,0,0,0,0,Some boarding or alighting values for this stop (all Lines at this stop) are below 5 and have been suppressed to reinforce the confidential nature of the data. All values that do not meet the threshold (5) are shown as zero.,Fall 2019,Automated Passenger Counting (APC) and Automatic Vehicle Location systems,2019,57343-WB 52 AVE AT 216 ST,49.097632,-122.623713,25737,ec1d568e-1b58-44de-8573-8991690931d9,-13650409.29,6291443.768
58509,SB 222 ST AT 50 AVE,Southeast,Langley Township,560/561,10,560/561,Some boarding or alighting values for this route (Line Number) at this stop are below 5 and have been suppressed to reinforce the confidential nature of the data. All values that do not meet the threshold (5) are shown as zero.,Fall 2019,0,0,0,0,0,0,0,0,0,0,0,0,Some boarding or alighting values for this stop (all Lines at this stop) are below 5 and have been suppressed to reinforce the confidential nature of the data. All values that do not meet the threshold (5) are shown as zero.,Fall 2019,Automated Passenger Counting (APC) and Automatic Vehicle Location systems,2019,58509-SB 222 ST AT 50 AVE,49.092544,-122.607427,25738,96a1c283-18f1-40e5-a43f-8bed261e00a0,-13648596.34,6290578.788
58513,NB 222 ST AT FRASER HWY,Southeast,Langley Township,560/561,117,560/561,Some boarding or alighting values for this route (Line Number) at this stop are below 5 and have been suppressed to reinforce the confidential nature of the data. All values that do not meet the threshold (5) are shown as zero.,Fall 2019,0,0,0,0,0,0,0,0,0,0,0,0,Some boarding or alighting values for this stop (all Lines at this stop) are below 5 and have been suppressed to reinforce the confidential nature of the data. All values that do not meet the threshold (5) are shown as zero.,Fall 2019,Automated Passenger Counting (APC) and Automatic Vehicle Location systems,2019,58513-NB 222 ST AT FRASER HWY,49.09209,-122.607316,25739,4b3e3a15-a5aa-490d-9686-c01c48e908c8,-13648583.98,6290501.611
58517,NB 216 ST AT FRASER HWY,Southeast,Langley Township,560/561,108,503; 560/561,Some boarding or alighting values for this route (Line Number) at this stop are below 5 and have been suppressed to reinforce the confidential nature of the data. All values that do not meet the threshold (5) are shown as zero.,Fall 2019,0,9,0,5,0,0,82,22,65,15,51,10,,Fall 2019,Automated Passenger Counting (APC) and Automatic Vehicle Location systems,2019,58517-NB 216 ST AT FRASER HWY,49.096719,-122.624426,25740,0c47eae9-2830-4444-81af-8dc9e7015aa6,-13650488.66,6291288.548
58518,SB 216 ST AT 52 AVE,Southeast,Langley Township,560/561,26,503; 560/561,Some boarding or alighting values for this route (Line Number) at this stop are below 5 and have been suppressed to reinforce the confidential nature of the data. All values that do not meet the threshold (5) are shown as zero.,Fall 2019,0,0,0,0,0,0,0,18,5,11,0,7,Some boarding or alighting values for this stop (all Lines at this stop) are below 5 and have been suppressed to reinforce the confidential nature of the data. All values that do not meet the threshold (5) are shown as zero.,Fall 2019,Automated Passenger Counting (APC) and Automatic Vehicle Location systems,2019,58518-SB 216 ST AT 52 AVE,49.0974,-122.624718,25741,3d8af244-f138-4158-8929-2f54f8b3f115,-13650521.17,6291404.325
58536,WB 46 AVE AT 220 ST,Southeast,Langley Township,560/561,39,560/561,Some boarding or alighting values for this route (Line Number) at this stop are below 5 and have been suppressed to reinforce the confidential nature of the data. All values that do not meet the threshold (5) are shown as zero.,Fall 2019,0,0,0,0,0,0,0,0,0,0,0,0,Some boarding or alighting values for this stop (all Lines at this stop) are below 5 and have been suppressed to reinforce the confidential nature of the data. All values that do not meet the threshold (5) are shown as zero.,Fall 2019,Automated Passenger Counting (APC) and Automatic Vehicle Location systems,2019,58536-WB 46 AVE AT 220 ST,49.085842,-122.615059,25742,81064e0d-d75d-44a4-bd29-d5992137cabf,-13649445.93,6289439.557
58537,WB 46 AVE AT 217B ST,Southeast,Langley Township,560/561,47,560/561,Some boarding or alighting values for this route (Line Number) at this stop are below 5 and have been suppressed to reinforce the confidential nature of the data. All values that do not meet the threshold (5) are shown as zero.,Fall 2019,0,0,0,0,0,0,0,0,0,0,0,0,Some boarding or alighting values for this stop (all Lines at this stop) are below 5 and have been suppressed to reinforce the confidential nature of the data. All values that do not meet the threshold (5) are shown as zero.,Fall 2019,Automated Passenger Counting (APC) and Automatic Vehicle Location systems,2019,58537-WB 46 AVE AT 217B ST,49.085863,-122.618952,25743,b19eeb38-08ef-4bc8-a55c-8aa38133ff64,-13649879.3,6289443.127
58538,WB 46 AVE AT 216 ST,Southeast,Langley Township,560/561,52,560/561,Some boarding or alighting values for this route (Line Number) at this stop are below 5 and have been suppressed to reinforce the confidential nature of the data. All values that do not meet the threshold (5) are shown as zero.,Fall 2019,0,12,0,14,0,9,0,12,0,14,0,9,Some boarding or alighting values for this stop (all Lines at this stop) are below 5 and have been suppressed to reinforce the confidential nature of the data. All values that do not meet the threshold (5) are shown as zero.,Fall 2019,Automated Passenger Counting (APC) and Automatic Vehicle Location systems,2019,58538-WB 46 AVE AT 216 ST,49.085893,-122.624161,25744,e241c5da-47f9-47f1-96f2-29e3b2324162,-13650459.16,6289448.226
58539,NB 216 ST AT 47A AVE,Southeast,Langley Township,560/561,56,560/561,Some boarding or alighting values for this route (Line Number) at this stop are below 5 and have been suppressed to reinforce the confidential nature of the data. All values that do not meet the threshold (5) are shown as zero.,Fall 2019,0,0,0,0,0,0,0,0,0,0,0,0,Some boarding or alighting values for this stop (all Lines at this stop) are below 5 and have been suppressed to reinforce the confidential nature of the data. All values that do not meet the threshold (5) are shown as zero.,Fall 2019,Automated Passenger Counting (APC) and Automatic Vehicle Location systems,2019,58539-NB 216 ST AT 47A AVE,49.088465,-122.624596,25745,16c52894-7bcd-4e47-bf49-e55fd9a5307b,-13650507.59,6289885.406
58540,SB 208 ST AT GRADE CRES,Southeast,Langley City,560/561,74,560/561,Some boarding or alighting values for this route (Line Number) at this stop are below 5 and have been suppressed to reinforce the confidential nature of the data. All values that do not meet the threshold (5) are shown as zero.,Fall 2019,0,0,0,0,0,0,0,0,0,0,0,0,Some boarding or alighting values for this stop (all Lines at this stop) are below 5 and have been suppressed to reinforce the confidential nature of the data. All values that do not meet the threshold (5) are shown as zero.,Fall 2019,Automated Passenger Counting (APC) and Automatic Vehicle Location systems,2019,58540-SB 208 ST AT GRADE CRES,49.087955,-122.647019,25746,6a73b9d0-8091-465e-a163-e420f5c3846e,-13653003.7,6289798.716
58540,SB 208 ST AT GRADE CRES,Southeast,Langley City,560/561,1,560/561,Some boarding or alighting values for this route (Line Number) at this stop are below 5 and have been suppressed to reinforce the confidential nature of the data. All values that do not meet the threshold (5) are shown as zero.,Fall 2019,0,0,0,0,0,0,0,0,0,0,0,0,Some boarding or alighting values for this stop (all Lines at this stop) are below 5 and have been suppressed to reinforce the confidential nature of the data. All values that do not meet the threshold (5) are shown as zero.,Fall 2019,Automated Passenger Counting (APC) and Automatic Vehicle Location systems,2019,58540-SB 208 ST AT GRADE CRES,49.087955,-122.647019,25747,adb70853-aaf6-4603-a0fb-e2c3a279c034,-13653003.7,6289798.716
58541,SB 208 ST AT 45A AVE,Southeast,Langley City,560/561,79,560/561; 563,Some boarding or alighting values for this route (Line Number) at this stop are below 5 and have been suppressed to reinforce the confidential nature of the data. All values that do not meet the threshold (5) are shown as zero.,Fall 2019,0,0,0,0,0,0,0,0,0,0,0,0,Some boarding or alighting values for this stop (all Lines at this stop) are below 5 and have been suppressed to reinforce the confidential nature of the data. All values that do not meet the threshold (5) are shown as zero.,Fall 2019,Automated Passenger Counting (APC) and Automatic Vehicle Location systems,2019,58541-SB 208 ST AT 45A AVE,49.08447,-122.64711,25748,fc96ff26-a6f7-4dd7-9799-5636da1b911d,-13653013.83,6289206.359
58542,SB 208 ST AT 42 AVE,Southeast,Langley Township,560/561,102,560/561; 563,Some boarding or alighting values for this route (Line Number) at this stop are below 5 and have been suppressed to reinforce the confidential nature of the data. All values that do not meet the threshold (5) are shown as zero.,Fall 2019,15,7,0,0,0,0,17,11,0,7,0,5,Some boarding or alighting values for this stop (all Lines at this stop) are below 5 and have been suppressed to reinforce the confidential nature of the data. All values that do not meet the threshold (5) are shown as zero.,Fall 2019,Automated Passenger Counting (APC) and Automatic Vehicle Location systems,2019,58542-SB 208 ST AT 42 AVE,49.078521,-122.64739,25749,287eda9d-6feb-44e9-8330-e97689315616,-13653045,6288195.282
58543,WB 42 AVE AT 207 ST,Southeast,Langley Township,560/561,107,560/561,Some boarding or alighting values for this route (Line Number) at this stop are below 5 and have been suppressed to reinforce the confidential nature of the data. All values that do not meet the threshold (5) are shown as zero.,Fall 2019,0,0,0,0,0,0,0,0,0,0,0,0,Some boarding or alighting values for this stop (all Lines at this stop) are below 5 and have been suppressed to reinforce the confidential nature of the data. All values that do not meet the threshold (5) are shown as zero.,Fall 2019,Automated Passenger Counting (APC) and Automatic Vehicle Location systems,2019,58543-WB 42 AVE AT 207 ST,49.078351,-122.651222,25750,035e50ec-1b31-41a7-a794-727442bb161a,-13653471.58,6288166.391
58544,WB 42 AVE AT 205A ST,Southeast,Langley Township,560/561,112,560/561,Some boarding or alighting values for this route (Line Number) at this stop are below 5 and have been suppressed to reinforce the confidential nature of the data. All values that do not meet the threshold (5) are shown as zero.,Fall 2019,0,0,0,0,0,0,0,0,0,0,0,0,Some boarding or alighting values for this stop (all Lines at this stop) are below 5 and have been suppressed to reinforce the confidential nature of the data. All values that do not meet the threshold (5) are shown as zero.,Fall 2019,Automated Passenger Counting (APC) and Automatic Vehicle Location systems,2019,58544-WB 42 AVE AT 205A ST,49.078349,-122.655236,25751,12e3b677-8969-45ea-8af2-934775d53d5e,-13653918.41,6288166.052
58545,SB 204 ST AT 42 AVE,Southeast,Langley Township,560/561,114,560/561,Some boarding or alighting values for this route (Line Number) at this stop are below 5 and have been suppressed to reinforce the confidential nature of the data. All values that do not meet the threshold (5) are shown as zero.,Fall 2019,0,0,0,0,0,0,0,0,0,0,0,0,Some boarding or alighting values for this stop (all Lines at this stop) are below 5 and have been suppressed to reinforce the confidential nature of the data. All values that do not meet the threshold (5) are shown as zero.,Fall 2019,Automated Passenger Counting (APC) and Automatic Vehicle Location systems,2019,58545-SB 204 ST AT 42 AVE,49.07779,-122.658432,25752,ff2b83b0-18d6-4685-937b-7dee5c98fa1a,-13654274.19,6288071.052
58546,SB 204 ST AT 40 AVE,Southeast,Langley Township,560/561,116,560/561,Some boarding or alighting values for this route (Line Number) at this stop are below 5 and have been suppressed to reinforce the confidential nature of the data. All values that do not meet the threshold (5) are shown as zero.,Fall 2019,0,0,0,0,0,0,0,0,0,0,0,0,Some boarding or alighting values for this stop (all Lines at this stop) are below 5 and have been suppressed to reinforce the confidential nature of the data. All values that do not meet the threshold (5) are shown as zero.,Fall 2019,Automated Passenger Counting (APC) and Automatic Vehicle Location systems,2019,58546-SB 204 ST AT 40 AVE,49.07503,-122.658583,25753,4b41df29-b6ba-4bb7-8a5a-b333465b0dcc,-13654291,6287602.018
58547,SB 204 ST AT 38A AVE,Southeast,Langley Township,560/561,23,560/561,Some boarding or alighting values for this route (Line Number) at this stop are below 5 and have been suppressed to reinforce the confidential nature of the data. All values that do not meet the threshold (5) are shown as zero.,Fall 2019,0,0,0,0,0,0,0,0,0,0,0,0,Some boarding or alighting values for this stop (all Lines at this stop) are below 5 and have been suppressed to reinforce the confidential nature of the data. All values that do not meet the threshold (5) are shown as zero.,Fall 2019,Automated Passenger Counting (APC) and Automatic Vehicle Location systems,2019,58547-SB 204 ST AT 38A AVE,49.071408,-122.658583,25754,ecb33fc5-e330-4f3a-8a44-c1bbd7e4eb89,-13654291,6286986.535
58548,SB 204 ST AT 36 AVE,Southeast,Langley Township,560/561,67,560/561,Some boarding or alighting values for this route (Line Number) at this stop are below 5 and have been suppressed to reinforce the confidential nature of the data. All values that do not meet the threshold (5) are shown as zero.,Fall 2019,0,0,0,0,0,0,0,0,0,0,0,0,Some boarding or alighting values for this stop (all Lines at this stop) are below 5 and have been suppressed to reinforce the confidential nature of the data. All values that do not meet the threshold (5) are shown as zero.,Fall 2019,Automated Passenger Counting (APC) and Automatic Vehicle Location systems,2019,58548-SB 204 ST AT 36 AVE,49.067795,-122.658571,25755,024eb997-1805-460d-9528-1d71dfd5ad98,-13654289.67,6286372.626
58549,NB 200 ST AT 36 AVE,Southeast,Langley Township,560/561,121,531; 560/561; 563,Some boarding or alighting values for this route (Line Number) at this stop are below 5 and have been suppressed to reinforce the confidential nature of the data. All values that do not meet the threshold (5) are shown as zero.,Fall 2019,0,0,0,0,0,0,16,7,9,0,11,5,Some boarding or alighting values for this stop (all Lines at this stop) are below 5 and have been suppressed to reinforce the confidential nature of the data. All values that do not meet the threshold (5) are shown as zero.,Fall 2019,Automated Passenger Counting (APC) and Automatic Vehicle Location systems,2019,58549-NB 200 ST AT 36 AVE,49.067865,-122.669371,25756,c789b6b7-084f-4ef9-8660-ad6b0dd825ba,-13655491.92,6286384.52
58550,NB 200 ST AT 38A AVE,Southeast,Langley Township,560/561,9,531; 560/561; 563,Some boarding or alighting values for this route (Line Number) at this stop are below 5 and have been suppressed to reinforce the confidential nature of the data. All values that do not meet the threshold (5) are shown as zero.,Fall 2019,0,0,0,0,0,0,8,0,9,0,7,0,Some boarding or alighting values for this stop (all Lines at this stop) are below 5 and have been suppressed to reinforce the confidential nature of the data. All values that do not meet the threshold (5) are shown as zero.,Fall 2019,Automated Passenger Counting (APC) and Automatic Vehicle Location systems,2019,58550-NB 200 ST AT 38A AVE,49.072157,-122.669458,25757,7fa4f379-9f1b-49bf-9222-2ad18f7b8201,-13655501.6,6287113.808
58551,NB 200 ST AT 40 AVE,Southeast,Langley Township,560/561,14,531; 560/561,Some boarding or alighting values for this route (Line Number) at this stop are below 5 and have been suppressed to reinforce the confidential nature of the data. All values that do not meet the threshold (5) are shown as zero.,Fall 2019,6,6,6,6,5,0,28,19,25,14,19,14,,Fall 2019,Automated Passenger Counting (APC) and Automatic Vehicle Location systems,2019,58551-NB 200 ST AT 40 AVE,49.075308,-122.669407,25758,0b316c1c-436b-4e29-bbed-f7a0f02ee39a,-13655495.92,6287649.26
58552,NB 200 ST AT GRADE CRES,Southeast,Langley City,560/561,43,531; 560/561,Some boarding or alighting values for this route (Line Number) at this stop are below 5 and have been suppressed to reinforce the confidential nature of the data. All values that do not meet the threshold (5) are shown as zero.,Fall 2019,0,0,0,0,0,0,10,6,7,0,7,0,Some boarding or alighting values for this stop (all Lines at this stop) are below 5 and have been suppressed to reinforce the confidential nature of the data. All values that do not meet the threshold (5) are shown as zero.,Fall 2019,Automated Passenger Counting (APC) and Automatic Vehicle Location systems,2019,58552-NB 200 ST AT GRADE CRES,49.091879,-122.668453,25759,aec9603a-b355-4127-83f4-0abfc42619ad,-13655389.72,6290465.742
58553,NB 200 ST AT 53 AVE,Southeast,Langley City,560/561,70,531; 560/561,Some boarding or alighting values for this route (Line Number) at this stop are below 5 and have been suppressed to reinforce the confidential nature of the data. All values that do not meet the threshold (5) are shown as zero.,Fall 2019,0,0,0,0,0,0,10,17,5,7,0,8,Some boarding or alighting values for this stop (all Lines at this stop) are below 5 and have been suppressed to reinforce the confidential nature of the data. All values that do not meet the threshold (5) are shown as zero.,Fall 2019,Automated Passenger Counting (APC) and Automatic Vehicle Location systems,2019,58553-NB 200 ST AT 53 AVE,49.098853,-122.668599,25760,4de33c0b-9396-4a91-956a-20386bd709a4,-13655405.98,6291651.356
58554,EB MICHAUD CRES AT 200 ST,Southeast,Langley City,560/561,73,560/561,Some boarding or alighting values for this route (Line Number) at this stop are below 5 and have been suppressed to reinforce the confidential nature of the data. All values that do not meet the threshold (5) are shown as zero.,Fall 2019,0,5,0,0,0,0,0,5,0,0,0,0,Some boarding or alighting values for this stop (all Lines at this stop) are below 5 and have been suppressed to reinforce the confidential nature of the data. All values that do not meet the threshold (5) are shown as zero.,Fall 2019,Automated Passenger Counting (APC) and Automatic Vehicle Location systems,2019,58554-EB MICHAUD CRES AT 200 ST,49.100663,-122.668233,25761,012b3be9-85d6-47a0-973d-c192a3e773d6,-13655365.23,6291959.092
58556,WB MICHAUD CRES AT 201A ST,Southeast,Langley City,560/561,99,560/561,Some boarding or alighting values for this route (Line Number) at this stop are below 5 and have been suppressed to reinforce the confidential nature of the data. All values that do not meet the threshold (5) are shown as zero.,Fall 2019,0,0,0,0,0,0,0,0,0,0,0,0,Some boarding or alighting values for this stop (all Lines at this stop) are below 5 and have been suppressed to reinforce the confidential nature of the data. All values that do not meet the threshold (5) are shown as zero.,Fall 2019,Automated Passenger Counting (APC) and Automatic Vehicle Location systems,2019,58556-WB MICHAUD CRES AT 201A ST,49.102161,-122.663872,25762,0875ce21-37ea-46ed-9a8b-13d1d37a84cb,-13654879.77,6292213.79
58557,WB MICHAUD CRES AT 200 ST,Southeast,Langley City,560/561,104,560/561,Some boarding or alighting values for this route (Line Number) at this stop are below 5 and have been suppressed to reinforce the confidential nature of the data. All values that do not meet the threshold (5) are shown as zero.,Fall 2019,0,0,0,0,0,0,0,0,0,0,0,0,Some boarding or alighting values for this stop (all Lines at this stop) are below 5 and have been suppressed to reinforce the confidential nature of the data. All values that do not meet the threshold (5) are shown as zero.,Fall 2019,Automated Passenger Counting (APC) and Automatic Vehicle Location systems,2019,58557-WB MICHAUD CRES AT 200 ST,49.100891,-122.667991,25763,56b9fd18-8fba-438e-b393-775f6bde3b0f,-13655338.29,6291997.857
58558,WB GRADE CRES AT 203 ST,Southeast,Langley City,560/561,46,560/561; 563,Some boarding or alighting values for this route (Line Number) at this stop are below 5 and have been suppressed to reinforce the confidential nature of the data. All values that do not meet the threshold (5) are shown as zero.,Fall 2019,0,17,0,7,0,0,0,18,0,7,0,0,Some boarding or alighting values for this stop (all Lines at this stop) are below 5 and have been suppressed to reinforce the confidential nature of the data. All values that do not meet the threshold (5) are shown as zero.,Fall 2019,Automated Passenger Counting (APC) and Automatic Vehicle Location systems,2019,58558-WB GRADE CRES AT 203 ST,49.090089,-122.660288,25764,041bf5a6-88ee-4d6f-8f61-7d50fab9c9ab,-13654480.8,6290161.46
58559,WB GRADE CRES AT 200 ST,Southeast,Langley City,560/561,90,560/561; 563,Some boarding or alighting values for this route (Line Number) at this stop are below 5 and have been suppressed to reinforce the confidential nature of the data. All values that do not meet the threshold (5) are shown as zero.,Fall 2019,0,0,0,0,0,0,5,6,0,0,0,0,Some boarding or alighting values for this stop (all Lines at this stop) are below 5 and have been suppressed to reinforce the confidential nature of the data. All values that do not meet the threshold (5) are shown as zero.,Fall 2019,Automated Passenger Counting (APC) and Automatic Vehicle Location systems,2019,58559-WB GRADE CRES AT 200 ST,49.09207,-122.667275,25765,371d133a-fcfe-436c-a842-839a445922fd,-13655258.59,6290498.211
58561,SB 200 ST AT 38A AVE,Southeast,Langley Township,560/561,19,531; 560/561; 563,Some boarding or alighting values for this route (Line Number) at this stop are below 5 and have been suppressed to reinforce the confidential nature of the data. All values that do not meet the threshold (5) are shown as zero.,Fall 2019,0,0,0,0,0,0,5,14,0,11,0,9,Some boarding or alighting values for this stop (all Lines at this stop) are below 5 and have been suppressed to reinforce the confidential nature of the data. All values that do not meet the threshold (5) are shown as zero.,Fall 2019,Automated Passenger Counting (APC) and Automatic Vehicle Location systems,2019,58561-SB 200 ST AT 38A AVE,49.072159,-122.669651,25766,337d8d52-5e2f-4add-85b0-147671b64ed0,-13655523.09,6287114.148
58562,NB 204 ST AT 36 AVE,Southeast,Langley Township,560/561,42,560/561,Some boarding or alighting values for this route (Line Number) at this stop are below 5 and have been suppressed to reinforce the confidential nature of the data. All values that do not meet the threshold (5) are shown as zero.,Fall 2019,0,0,0,0,0,0,0,0,0,0,0,0,Some boarding or alighting values for this stop (all Lines at this stop) are below 5 and have been suppressed to reinforce the confidential nature of the data. All values that do not meet the threshold (5) are shown as zero.,Fall 2019,Automated Passenger Counting (APC) and Automatic Vehicle Location systems,2019,58562-NB 204 ST AT 36 AVE,49.067859,-122.658409,25767,6f98b4ba-add1-48d3-9fb2-15d815a50bb4,-13654271.63,6286383.5
58563,NB 204 ST AT 38 AVE,Southeast,Langley Township,560/561,48,560/561,Some boarding or alighting values for this route (Line Number) at this stop are below 5 and have been suppressed to reinforce the confidential nature of the data. All values that do not meet the threshold (5) are shown as zero.,Fall 2019,0,5,0,0,0,0,0,5,0,0,0,0,Some boarding or alighting values for this stop (all Lines at this stop) are below 5 and have been suppressed to reinforce the confidential nature of the data. All values that do not meet the threshold (5) are shown as zero.,Fall 2019,Automated Passenger Counting (APC) and Automatic Vehicle Location systems,2019,58563-NB 204 ST AT 38 AVE,49.071374,-122.658423,25768,2a793023-91b6-4f1d-9f71-e5a61dcc3355,-13654273.19,6286980.757
58564,NB 208 ST AT 47 AVE,Southeast,Langley City,560/561,86,560/561,Some boarding or alighting values for this route (Line Number) at this stop are below 5 and have been suppressed to reinforce the confidential nature of the data. All values that do not meet the threshold (5) are shown as zero.,Fall 2019,0,0,0,0,0,0,0,0,0,0,0,0,Some boarding or alighting values for this stop (all Lines at this stop) are below 5 and have been suppressed to reinforce the confidential nature of the data. All values that do not meet the threshold (5) are shown as zero.,Fall 2019,Automated Passenger Counting (APC) and Automatic Vehicle Location systems,2019,58564-NB 208 ST AT 47 AVE,49.087935,-122.646757,25769,97a265b3-98f7-40b4-9b42-cd6e690c2b5d,-13652974.54,6289795.317
58565,SB 216 ST AT 47A AVE,Southeast,Langley Township,560/561,85,560/561,Some boarding or alighting values for this route (Line Number) at this stop are below 5 and have been suppressed to reinforce the confidential nature of the data. All values that do not meet the threshold (5) are shown as zero.,Fall 2019,0,0,0,0,0,0,0,0,0,0,0,0,Some boarding or alighting values for this stop (all Lines at this stop) are below 5 and have been suppressed to reinforce the confidential nature of the data. All values that do not meet the threshold (5) are shown as zero.,Fall 2019,Automated Passenger Counting (APC) and Automatic Vehicle Location systems,2019,58565-SB 216 ST AT 47A AVE,49.088506,-122.624775,25770,84d8cf25-0da1-4045-92d1-519b8137b211,-13650527.51,6289892.375
58566,EB 46 AVE AT 216 ST,Southeast,Langley Township,560/561,92,560/561,Some boarding or alighting values for this route (Line Number) at this stop are below 5 and have been suppressed to reinforce the confidential nature of the data. All values that do not meet the threshold (5) are shown as zero.,Fall 2019,13,0,11,0,5,0,13,0,11,0,5,0,Some boarding or alighting values for this stop (all Lines at this stop) are below 5 and have been suppressed to reinforce the confidential nature of the data. All values that do not meet the threshold (5) are shown as zero.,Fall 2019,Automated Passenger Counting (APC) and Automatic Vehicle Location systems,2019,58566-EB 46 AVE AT 216 ST,49.085801,-122.623705,25771,834c975c-8823-4d12-80dc-8132e8eca962,-13650408.4,6289432.588
58567,EB 46 AVE AT 217B ST,Southeast,Langley Township,560/561,95,560/561,Some boarding or alighting values for this route (Line Number) at this stop are below 5 and have been suppressed to reinforce the confidential nature of the data. All values that do not meet the threshold (5) are shown as zero.,Fall 2019,0,0,0,0,0,0,0,0,0,0,0,0,Some boarding or alighting values for this stop (all Lines at this stop) are below 5 and have been suppressed to reinforce the confidential nature of the data. All values that do not meet the threshold (5) are shown as zero.,Fall 2019,Automated Passenger Counting (APC) and Automatic Vehicle Location systems,2019,58567-EB 46 AVE AT 217B ST,49.085764,-122.619736,25772,ff793f7f-308d-4496-91d9-f502ac7ea495,-13649966.57,6289426.299
58568,EB 46 AVE AT 220 ST,Southeast,Langley Township,560/561,100,560/561,Some boarding or alighting values for this route (Line Number) at this stop are below 5 and have been suppressed to reinforce the confidential nature of the data. All values that do not meet the threshold (5) are shown as zero.,Fall 2019,0,0,0,0,0,0,0,0,0,0,0,0,Some boarding or alighting values for this stop (all Lines at this stop) are below 5 and have been suppressed to reinforce the confidential nature of the data. All values that do not meet the threshold (5) are shown as zero.,Fall 2019,Automated Passenger Counting (APC) and Automatic Vehicle Location systems,2019,58568-EB 46 AVE AT 220 ST,49.085736,-122.615188,25773,e741b22f-f68f-4629-a4fb-238e9be255e8,-13649460.29,6289421.54
58569,WB OLD YALE RD AT 220 ST,Southeast,Langley Township,560/561,101,560/561,Some boarding or alighting values for this route (Line Number) at this stop are below 5 and have been suppressed to reinforce the confidential nature of the data. All values that do not meet the threshold (5) are shown as zero.,Fall 2019,0,0,0,0,0,0,0,0,0,0,0,0,Some boarding or alighting values for this stop (all Lines at this stop) are below 5 and have been suppressed to reinforce the confidential nature of the data. All values that do not meet the threshold (5) are shown as zero.,Fall 2019,Automated Passenger Counting (APC) and Automatic Vehicle Location systems,2019,58569-WB OLD YALE RD AT 220 ST,49.088011,-122.615415,25774,173cab5b-562a-4902-8406-4d628f992a24,-13649485.56,6289808.235
58570,WB FRASER HWY AT 216 ST,Southeast,Langley Township,560/561,30,560/561,Some boarding or alighting values for this route (Line Number) at this stop are below 5 and have been suppressed to reinforce the confidential nature of the data. All values that do not meet the threshold (5) are shown as zero.,Fall 2019,5,0,5,0,5,0,5,0,5,0,5,0,Some boarding or alighting values for this stop (all Lines at this stop) are below 5 and have been suppressed to reinforce the confidential nature of the data. All values that do not meet the threshold (5) are shown as zero.,Fall 2019,Automated Passenger Counting (APC) and Automatic Vehicle Location systems,2019,58570-WB FRASER HWY AT 216 ST,49.09645,-122.625752,25775,b70a6b21-9405-48ae-9d40-3e6d01d6d77c,-13650636.27,6291242.815
58571,EB OLD YALE RD AT 220 ST,Southeast,Langley Township,560/561,36,560/561,Some boarding or alighting values for this route (Line Number) at this stop are below 5 and have been suppressed to reinforce the confidential nature of the data. All values that do not meet the threshold (5) are shown as zero.,Fall 2019,0,0,0,0,0,0,0,0,0,0,0,0,Some boarding or alighting values for this stop (all Lines at this stop) are below 5 and have been suppressed to reinforce the confidential nature of the data. All values that do not meet the threshold (5) are shown as zero.,Fall 2019,Automated Passenger Counting (APC) and Automatic Vehicle Location systems,2019,58571-EB OLD YALE RD AT 220 ST,49.087942,-122.615547,25776,8495b39e-9574-4469-8230-1e50257c3c09,-13649500.26,6289796.507
58716,NB 200 ST AT 37 AVE,Southeast,Langley Township,560/561,6,531; 560/561; 563,Some boarding or alighting values for this route (Line Number) at this stop are below 5 and have been suppressed to reinforce the confidential nature of the data. All values that do not meet the threshold (5) are shown as zero.,Fall 2019,0,0,0,0,0,0,0,0,0,0,0,0,Some boarding or alighting values for this stop (all Lines at this stop) are below 5 and have been suppressed to reinforce the confidential nature of the data. All values that do not meet the threshold (5) are shown as zero.,Fall 2019,Automated Passenger Counting (APC) and Automatic Vehicle Location systems,2019,58716-NB 200 ST AT 37 AVE,49.069523,-122.669414,25777,5b4185da-165a-4573-82ef-baa0bc4daabe,-13655496.7,6286666.236
58717,SB 200 ST AT 37A AVE,Southeast,Langley Township,560/561,25,531; 560/561; 563,Some boarding or alighting values for this route (Line Number) at this stop are below 5 and have been suppressed to reinforce the confidential nature of the data. All values that do not meet the threshold (5) are shown as zero.,Fall 2019,0,0,0,0,0,0,0,5,0,0,0,0,Some boarding or alighting values for this stop (all Lines at this stop) are below 5 and have been suppressed to reinforce the confidential nature of the data. All values that do not meet the threshold (5) are shown as zero.,Fall 2019,Automated Passenger Counting (APC) and Automatic Vehicle Location systems,2019,58717-SB 200 ST AT 37A AVE,49.069776,-122.669636,25778,6e7118cc-86d1-4c94-85b7-6bdb025020e9,-13655521.42,6286709.225
58733,NB 203 ST AT 56 AVE,Southeast,Langley City,560/561,91,320; 342; 560/561; 563; 564,Some boarding or alighting values for this route (Line Number) at this stop are below 5 and have been suppressed to reinforce the confidential nature of the data. All values that do not meet the threshold (5) are shown as zero.,Fall 2019,0,9,0,6,0,7,8,122,0,74,0,64,Some boarding or alighting values for this stop (all Lines at this stop) are below 5 and have been suppressed to reinforce the confidential nature of the data. All values that do not meet the threshold (5) are shown as zero.,Fall 2019,Automated Passenger Counting (APC) and Automatic Vehicle Location systems,2019,58733-NB 203 ST AT 56 AVE,49.104589,-122.660102,25779,512d00e4-1f6d-4127-9f8d-f7a7c6a439dc,-13654460.1,6292626.628
59190,SB 208 ST CAUSEWAY AT FRASER HWY,Southeast,Langley City,560/561,37,560/561,Some boarding or alighting values for this route (Line Number) at this stop are below 5 and have been suppressed to reinforce the confidential nature of the data. All values that do not meet the threshold (5) are shown as zero.,Fall 2019,0,0,0,0,0,0,0,0,0,0,0,0,Some boarding or alighting values for this stop (all Lines at this stop) are below 5 and have been suppressed to reinforce the confidential nature of the data. All values that do not meet the threshold (5) are shown as zero.,Fall 2019,Automated Passenger Counting (APC) and Automatic Vehicle Location systems,2019,59190-SB 208 ST CAUSEWAY AT FRASER HWY,49.100754,-122.643991,25780,bb20dc8f-bfab-4e46-b633-8042cb10bef2,-13652666.63,6291974.564
59191,NB 208 ST CAUSEWAY AT FRASER HWY,Southeast,Langley City,560/561,103,560/561,Some boarding or alighting values for this route (Line Number) at this stop are below 5 and have been suppressed to reinforce the confidential nature of the data. All values that do not meet the threshold (5) are shown as zero.,Fall 2019,0,0,0,0,0,0,0,0,0,0,0,0,Some boarding or alighting values for this stop (all Lines at this stop) are below 5 and have been suppressed to reinforce the confidential nature of the data. All values that do not meet the threshold (5) are shown as zero.,Fall 2019,Automated Passenger Counting (APC) and Automatic Vehicle Location systems,2019,59191-NB 208 ST CAUSEWAY AT FRASER HWY,49.100627,-122.643748,25781,1d67d295-8e5e-4690-a79d-35e57e3d5df0,-13652639.58,6291952.971
60861,NB 201A ST AT MICHAUD CRES,Southeast,Langley City,560/561,77,560/561,Some boarding or alighting values for this route (Line Number) at this stop are below 5 and have been suppressed to reinforce the confidential nature of the data. All values that do not meet the threshold (5) are shown as zero.,Fall 2019,0,0,0,0,0,0,0,0,0,0,0,0,Some boarding or alighting values for this stop (all Lines at this stop) are below 5 and have been suppressed to reinforce the confidential nature of the data. All values that do not meet the threshold (5) are shown as zero.,Fall 2019,Automated Passenger Counting (APC) and Automatic Vehicle Location systems,2019,60861-NB 201A ST AT MICHAUD CRES,49.102443,-122.664137,25782,4906df08-f05d-4f3e-904b-f616c95b9aab,-13654909.27,6292261.738
60864,SB 203 ST AT 56 AVE,Southeast,Langley City,560/561,81,560/561; 563; 564,Some boarding or alighting values for this route (Line Number) at this stop are below 5 and have been suppressed to reinforce the confidential nature of the data. All values that do not meet the threshold (5) are shown as zero.,Fall 2019,10,0,6,0,6,0,20,0,17,0,12,0,Some boarding or alighting values for this stop (all Lines at this stop) are below 5 and have been suppressed to reinforce the confidential nature of the data. All values that do not meet the threshold (5) are shown as zero.,Fall 2019,Automated Passenger Counting (APC) and Automatic Vehicle Location systems,2019,60864-SB 203 ST AT 56 AVE,49.103695,-122.660498,25783,9b8e6d21-8bee-4db3-a584-6c0992fd0fbb,-13654504.18,6292474.617
61548,SB 208 ST AT 52A AVE,Southeast,Langley City,560/561,41,560/561,Some boarding or alighting values for this route (Line Number) at this stop are below 5 and have been suppressed to reinforce the confidential nature of the data. All values that do not meet the threshold (5) are shown as zero.,Fall 2019,0,0,0,0,0,0,0,0,0,0,0,0,Some boarding or alighting values for this stop (all Lines at this stop) are below 5 and have been suppressed to reinforce the confidential nature of the data. All values that do not meet the threshold (5) are shown as zero.,Fall 2019,Automated Passenger Counting (APC) and Automatic Vehicle Location systems,2019,61548-SB 208 ST AT 52A AVE,49.098117,-122.646665,25784,324ea53b-2f08-4b77-8d82-2904889221eb,-13652964.3,6291526.224
55299,LANGLEY CENTRE BAY 1,Southeast,Langley City,562,66,372; 503; 562,Some boarding or alighting values for this route (Line Number) at this stop are below 5 and have been suppressed to reinforce the confidential nature of the data. All values that do not meet the threshold (5) are shown as zero.,Fall 2019,0,255,0,187,0,75,900,1349,624,901,541,740,,Fall 2019,Automated Passenger Counting (APC) and Automatic Vehicle Location systems,2019,55299-LANGLEY CENTRE BAY 1,49.105658,-122.654233,25785,55a0facc-b476-4261-ba80-ace642befcab,-13653806.76,6292808.399
57026,EB LOGAN AVE AT 203A ST,Southeast,Langley City,562,68,320; 342; 364; 395; 501; 502; 531; 560/561; 562; 563; 564; 595,Some boarding or alighting values for this route (Line Number) at this stop are below 5 and have been suppressed to reinforce the confidential nature of the data. All values that do not meet the threshold (5) are shown as zero.,Fall 2019,0,0,0,5,0,0,53,327,19,136,22,171,,Fall 2019,Automated Passenger Counting (APC) and Automatic Vehicle Location systems,2019,57026-EB LOGAN AVE AT 203A ST,49.107721,-122.657685,25786,01b1b2b9-8252-46a8-9fbb-82794d8b04e0,-13654191.04,6293159.199
57188,LANGLEY CENTRE BAY 6,Southeast,Langley City,562,24,342; 372; 502; 560/561; 562; 563; 564,,Fall 2019,267,24,141,8,81,17,605,719,375,602,258,415,,Fall 2019,Automated Passenger Counting (APC) and Automatic Vehicle Location systems,2019,57188-LANGLEY CENTRE BAY 6,49.106538,-122.654955,25787,38a24f5d-c73c-43e7-99b7-290ec546fea1,-13653887.13,6292958.036
57189,NB GLOVER RD AT EASTLEIGH CRES,Southeast,Langley City,562,20,372; 562,Some boarding or alighting values for this route (Line Number) at this stop are below 5 and have been suppressed to reinforce the confidential nature of the data. All values that do not meet the threshold (5) are shown as zero.,Fall 2019,12,0,19,0,0,0,29,0,29,0,15,0,Some boarding or alighting values for this stop (all Lines at this stop) are below 5 and have been suppressed to reinforce the confidential nature of the data. All values that do not meet the threshold (5) are shown as zero.,Fall 2019,Automated Passenger Counting (APC) and Automatic Vehicle Location systems,2019,57189-NB GLOVER RD AT EASTLEIGH CRES,49.107409,-122.651477,25788,22aa5d74-5c87-479e-b4b4-8843e425847a,-13653499.96,6293106.145
57190,NB GLOVER RD AT KWANTLEN CRES,Southeast,Langley City,562,41,372; 562,Some boarding or alighting values for this route (Line Number) at this stop are below 5 and have been suppressed to reinforce the confidential nature of the data. All values that do not meet the threshold (5) are shown as zero.,Fall 2019,23,18,7,8,0,0,46,28,10,11,8,8,,Fall 2019,Automated Passenger Counting (APC) and Automatic Vehicle Location systems,2019,57190-NB GLOVER RD AT KWANTLEN CRES,49.110689,-122.647153,25789,02cb0a3b-9232-4dff-857f-788b1a8ffc89,-13653018.62,6293663.914
57192,NB GLOVER RD AT WORRELL CRES,Southeast,Langley Township,562,62,562,Some boarding or alighting values for this route (Line Number) at this stop are below 5 and have been suppressed to reinforce the confidential nature of the data. All values that do not meet the threshold (5) are shown as zero.,Fall 2019,0,6,0,7,7,0,0,6,0,7,7,0,Some boarding or alighting values for this stop (all Lines at this stop) are below 5 and have been suppressed to reinforce the confidential nature of the data. All values that do not meet the threshold (5) are shown as zero.,Fall 2019,Automated Passenger Counting (APC) and Automatic Vehicle Location systems,2019,57192-NB GLOVER RD AT WORRELL CRES,49.123919,-122.628348,25790,23f9b16e-2c66-41e3-94ab-d8509c2c7280,-13650925.26,6295914.073
57194,NB GLOVER RD AT 216 ST,Southeast,Langley Township,562,72,562,Some boarding or alighting values for this route (Line Number) at this stop are below 5 and have been suppressed to reinforce the confidential nature of the data. All values that do not meet the threshold (5) are shown as zero.,Fall 2019,0,10,0,7,0,12,0,10,0,7,0,12,Some boarding or alighting values for this stop (all Lines at this stop) are below 5 and have been suppressed to reinforce the confidential nature of the data. All values that do not meet the threshold (5) are shown as zero.,Fall 2019,Automated Passenger Counting (APC) and Automatic Vehicle Location systems,2019,57194-NB GLOVER RD AT 216 ST,49.126768,-122.624155,25791,a196fbfd-5085-4390-90d6-d1a36afc3f2b,-13650458.49,6296398.709
57195,NB GLOVER RD AT SMITH CRES,Southeast,Langley Township,562,74,562,Some boarding or alighting values for this route (Line Number) at this stop are below 5 and have been suppressed to reinforce the confidential nature of the data. All values that do not meet the threshold (5) are shown as zero.,Fall 2019,0,0,0,0,0,0,0,0,0,0,0,0,Some boarding or alighting values for this stop (all Lines at this stop) are below 5 and have been suppressed to reinforce the confidential nature of the data. All values that do not meet the threshold (5) are shown as zero.,Fall 2019,Automated Passenger Counting (APC) and Automatic Vehicle Location systems,2019,57195-NB GLOVER RD AT SMITH CRES,49.128951,-122.621074,25792,25c6e340-afb6-415f-94d2-d27be7bf0d86,-13650115.52,6296770.073
57196,NB GLOVER RD AT 76A AVE,Southeast,Langley Township,562,78,562,,Fall 2019,79,125,36,41,20,18,79,125,36,41,20,18,,Fall 2019,Automated Passenger Counting (APC) and Automatic Vehicle Location systems,2019,57196-NB GLOVER RD AT 76A AVE,49.143103,-122.602068,25793,77036a63-b83e-4dce-aaca-f14282e775e2,-13647999.78,6299177.954
57197,NB GLOVER RD AT 79 AVE,Southeast,Langley Township,562,80,562,Some boarding or alighting values for this route (Line Number) at this stop are below 5 and have been suppressed to reinforce the confidential nature of the data. All values that do not meet the threshold (5) are shown as zero.,Fall 2019,0,0,0,0,0,0,0,0,0,0,0,0,Some boarding or alighting values for this stop (all Lines at this stop) are below 5 and have been suppressed to reinforce the confidential nature of the data. All values that do not meet the threshold (5) are shown as zero.,Fall 2019,Automated Passenger Counting (APC) and Automatic Vehicle Location systems,2019,57197-NB GLOVER RD AT 79 AVE,49.146072,-122.598945,25794,811e0968-47ef-4dc1-a293-bfc7de643b5a,-13647652.13,6299683.2
57198,NB GLOVER RD AT 88 AVE,Southeast,Langley Township,562,5,562,Some boarding or alighting values for this route (Line Number) at this stop are below 5 and have been suppressed to reinforce the confidential nature of the data. All values that do not meet the threshold (5) are shown as zero.,Fall 2019,0,6,0,0,0,0,0,6,0,0,0,0,Some boarding or alighting values for this stop (all Lines at this stop) are below 5 and have been suppressed to reinforce the confidential nature of the data. All values that do not meet the threshold (5) are shown as zero.,Fall 2019,Automated Passenger Counting (APC) and Automatic Vehicle Location systems,2019,57198-NB GLOVER RD AT 88 AVE,49.163012,-122.585489,25795,06b2df5a-02c8-4c6f-829b-212a8ed8c5d5,-13646154.21,6302566.52
57199,NB GLOVER RD AT SAINT ANDREWS AVE,Southeast,Langley Township,562,7,562,Some boarding or alighting values for this route (Line Number) at this stop are below 5 and have been suppressed to reinforce the confidential nature of the data. All values that do not meet the threshold (5) are shown as zero.,Fall 2019,7,11,0,13,0,7,7,11,0,13,0,7,Some boarding or alighting values for this stop (all Lines at this stop) are below 5 and have been suppressed to reinforce the confidential nature of the data. All values that do not meet the threshold (5) are shown as zero.,Fall 2019,Automated Passenger Counting (APC) and Automatic Vehicle Location systems,2019,57199-NB GLOVER RD AT SAINT ANDREWS AVE,49.166746,-122.581642,25796,c080dc06-04c1-4cb0-b7b8-d19edaa90c3c,-13645725.97,6303202.209
57200,WB 96 AVE AT GLOVER RD,Southeast,Langley Township,562,9,562,,Fall 2019,34,37,29,40,21,27,34,37,29,40,21,27,,Fall 2019,Automated Passenger Counting (APC) and Automatic Vehicle Location systems,2019,57200-WB 96 AVE AT GLOVER RD,49.168618,-122.580365,25797,aeccca8b-7942-4343-b796-2a666f2a3731,-13645583.81,6303520.922
57201,SB TRATTLE ST AT 96 AVE,Southeast,Langley Township,562,11,562,Some boarding or alighting values for this route (Line Number) at this stop are below 5 and have been suppressed to reinforce the confidential nature of the data. All values that do not meet the threshold (5) are shown as zero.,Fall 2019,8,0,0,0,0,0,8,0,0,0,0,0,Some boarding or alighting values for this stop (all Lines at this stop) are below 5 and have been suppressed to reinforce the confidential nature of the data. All values that do not meet the threshold (5) are shown as zero.,Fall 2019,Automated Passenger Counting (APC) and Automatic Vehicle Location systems,2019,57201-SB TRATTLE ST AT 96 AVE,49.17071,-122.587075,25798,2e3a042d-71f1-4947-a14b-c15f518afa0b,-13646330.77,6303877.106
57202,SB TRATTLE ST AT 9100 BLOCK,Southeast,Langley Township,562,13,562,Some boarding or alighting values for this route (Line Number) at this stop are below 5 and have been suppressed to reinforce the confidential nature of the data. All values that do not meet the threshold (5) are shown as zero.,Fall 2019,14,10,0,0,0,0,14,10,0,0,0,0,Some boarding or alighting values for this stop (all Lines at this stop) are below 5 and have been suppressed to reinforce the confidential nature of the data. All values that do not meet the threshold (5) are shown as zero.,Fall 2019,Automated Passenger Counting (APC) and Automatic Vehicle Location systems,2019,57202-SB TRATTLE ST AT 9100 BLOCK,49.168085,-122.588793,25799,444809bd-6f3f-4721-8a0a-f9eba6005e4a,-13646522.01,6303430.176
57203,SB TRATTLE ST AT HOUSTON AVE,Southeast,Langley Township,562,15,562,Some boarding or alighting values for this route (Line Number) at this stop are below 5 and have been suppressed to reinforce the confidential nature of the data. All values that do not meet the threshold (5) are shown as zero.,Fall 2019,0,0,0,0,0,0,0,0,0,0,0,0,Some boarding or alighting values for this stop (all Lines at this stop) are below 5 and have been suppressed to reinforce the confidential nature of the data. All values that do not meet the threshold (5) are shown as zero.,Fall 2019,Automated Passenger Counting (APC) and Automatic Vehicle Location systems,2019,57203-SB TRATTLE ST AT HOUSTON AVE,49.165035,-122.58967,25800,d0b9f38d-884c-41f2-9f3a-531911ed0682,-13646619.64,6302910.917
57204,WB 88 AVE AT TRATTLE ST,Southeast,Langley Township,562,17,562,Some boarding or alighting values for this route (Line Number) at this stop are below 5 and have been suppressed to reinforce the confidential nature of the data. All values that do not meet the threshold (5) are shown as zero.,Fall 2019,5,0,10,7,0,0,5,0,10,7,0,0,Some boarding or alighting values for this stop (all Lines at this stop) are below 5 and have been suppressed to reinforce the confidential nature of the data. All values that do not meet the threshold (5) are shown as zero.,Fall 2019,Automated Passenger Counting (APC) and Automatic Vehicle Location systems,2019,57204-WB 88 AVE AT TRATTLE ST,49.162816,-122.59079,25801,bd67b503-1533-4d7c-a643-10820b0cb786,-13646744.32,6302533.154
57205,WB 88 AVE AT WRIGHT ST,Southeast,Langley Township,562,26,562,Some boarding or alighting values for this route (Line Number) at this stop are below 5 and have been suppressed to reinforce the confidential nature of the data. All values that do not meet the threshold (5) are shown as zero.,Fall 2019,0,0,0,0,0,0,0,0,0,0,0,0,Some boarding or alighting values for this stop (all Lines at this stop) are below 5 and have been suppressed to reinforce the confidential nature of the data. All values that do not meet the threshold (5) are shown as zero.,Fall 2019,Automated Passenger Counting (APC) and Automatic Vehicle Location systems,2019,57205-WB 88 AVE AT WRIGHT ST,49.162859,-122.593569,25802,28d8c13d-2754-4f87-99c6-e6a162e2b39b,-13647053.68,6302540.474
57206,WB 88 AVE AT 222A ST,Southeast,Langley Township,562,29,562,Some boarding or alighting values for this route (Line Number) at this stop are below 5 and have been suppressed to reinforce the confidential nature of the data. All values that do not meet the threshold (5) are shown as zero.,Fall 2019,0,0,0,0,0,0,0,0,0,0,0,0,Some boarding or alighting values for this stop (all Lines at this stop) are below 5 and have been suppressed to reinforce the confidential nature of the data. All values that do not meet the threshold (5) are shown as zero.,Fall 2019,Automated Passenger Counting (APC) and Automatic Vehicle Location systems,2019,57206-WB 88 AVE AT 222A ST,49.162828,-122.607597,25803,f8525987-533e-4925-bf6d-8edeb2f5c8a7,-13648615.27,6302535.197
57207,WB 88 AVE AT 22000 BLOCK,Southeast,Langley Township,562,31,562,Some boarding or alighting values for this route (Line Number) at this stop are below 5 and have been suppressed to reinforce the confidential nature of the data. All values that do not meet the threshold (5) are shown as zero.,Fall 2019,0,0,0,0,0,0,0,0,0,0,0,0,Some boarding or alighting values for this stop (all Lines at this stop) are below 5 and have been suppressed to reinforce the confidential nature of the data. All values that do not meet the threshold (5) are shown as zero.,Fall 2019,Automated Passenger Counting (APC) and Automatic Vehicle Location systems,2019,57207-WB 88 AVE AT 22000 BLOCK,49.162682,-122.615141,25804,81f94a4a-0d3c-42fa-870d-f162b32eaf62,-13649455.06,6302510.342
57208,WB 88 AVE AT 216 ST,Southeast,Langley Township,562,33,562,,Fall 2019,23,27,16,12,9,5,23,27,16,12,9,5,,Fall 2019,Automated Passenger Counting (APC) and Automatic Vehicle Location systems,2019,57208-WB 88 AVE AT 216 ST,49.162059,-122.625265,25805,bed1cc6b-6111-4ac2-a2cf-f73fa4e6b8ea,-13650582.06,6302404.286
57209,WB 88 AVE AT 214B ST,Southeast,Langley Township,562,34,562,Some boarding or alighting values for this route (Line Number) at this stop are below 5 and have been suppressed to reinforce the confidential nature of the data. All values that do not meet the threshold (5) are shown as zero.,Fall 2019,0,0,0,0,0,0,0,0,0,0,0,0,Some boarding or alighting values for this stop (all Lines at this stop) are below 5 and have been suppressed to reinforce the confidential nature of the data. All values that do not meet the threshold (5) are shown as zero.,Fall 2019,Automated Passenger Counting (APC) and Automatic Vehicle Location systems,2019,57209-WB 88 AVE AT 214B ST,49.162156,-122.628438,25806,09e362ac-de35-43a1-b39b-579dc706a2e3,-13650935.28,6302420.799
57210,WB 88 AVE AT 212 ST,Southeast,Langley Township,562,37,509; 562,Some boarding or alighting values for this route (Line Number) at this stop are below 5 and have been suppressed to reinforce the confidential nature of the data. All values that do not meet the threshold (5) are shown as zero.,Fall 2019,10,13,5,8,0,0,12,19,5,8,0,0,Some boarding or alighting values for this stop (all Lines at this stop) are below 5 and have been suppressed to reinforce the confidential nature of the data. All values that do not meet the threshold (5) are shown as zero.,Fall 2019,Automated Passenger Counting (APC) and Automatic Vehicle Location systems,2019,57210-WB 88 AVE AT 212 ST,49.162351,-122.63347,25807,158f9bc8-a10d-4cd0-ab45-cadf246c984f,-13651495.43,6302453.994
57211,WB 88 AVE AT 210 ST,Southeast,Langley Township,562,39,509; 562,Some boarding or alighting values for this route (Line Number) at this stop are below 5 and have been suppressed to reinforce the confidential nature of the data. All values that do not meet the threshold (5) are shown as zero.,Fall 2019,13,29,9,16,0,12,14,29,9,16,0,12,Some boarding or alighting values for this stop (all Lines at this stop) are below 5 and have been suppressed to reinforce the confidential nature of the data. All values that do not meet the threshold (5) are shown as zero.,Fall 2019,Automated Passenger Counting (APC) and Automatic Vehicle Location systems,2019,57211-WB 88 AVE AT 210 ST,49.162531,-122.638128,25808,cd56ba31-352f-4701-934f-cbf4793783eb,-13652013.96,6302484.637
57212,NB WALNUT GROVE DR AT 88 AVE,Southeast,Langley Township,562,43,509; 562,,Fall 2019,31,30,23,10,5,6,39,30,23,10,5,6,,Fall 2019,Automated Passenger Counting (APC) and Automatic Vehicle Location systems,2019,57212-NB WALNUT GROVE DR AT 88 AVE,49.163253,-122.640207,25809,22e1b5b9-e612-40f3-8281-803d3f82137b,-13652245.39,6302607.547
57213,EB WALNUT GROVE DR AT 212 ST,Southeast,Langley Township,562,45,509; 562,Some boarding or alighting values for this route (Line Number) at this stop are below 5 and have been suppressed to reinforce the confidential nature of the data. All values that do not meet the threshold (5) are shown as zero.,Fall 2019,7,0,0,0,0,0,10,0,0,0,0,0,Some boarding or alighting values for this stop (all Lines at this stop) are below 5 and have been suppressed to reinforce the confidential nature of the data. All values that do not meet the threshold (5) are shown as zero.,Fall 2019,Automated Passenger Counting (APC) and Automatic Vehicle Location systems,2019,57213-EB WALNUT GROVE DR AT 212 ST,49.166015,-122.63616,25810,f784dd13-20d3-4316-88c9-790fb6a6525a,-13651794.88,6303077.757
57214,NB 212 ST AT WALNUT GROVE DR,Southeast,Langley Township,562,46,509; 562,Some boarding or alighting values for this route (Line Number) at this stop are below 5 and have been suppressed to reinforce the confidential nature of the data. All values that do not meet the threshold (5) are shown as zero.,Fall 2019,12,6,0,0,0,0,16,6,0,0,0,0,Some boarding or alighting values for this stop (all Lines at this stop) are below 5 and have been suppressed to reinforce the confidential nature of the data. All values that do not meet the threshold (5) are shown as zero.,Fall 2019,Automated Passenger Counting (APC) and Automatic Vehicle Location systems,2019,57214-NB 212 ST AT WALNUT GROVE DR,49.167322,-122.634848,25811,f3c3fb97-b8df-412f-bc98-9258da663087,-13651648.83,6303300.273
57215,NB 212 ST AT 93 AVE,Southeast,Langley Township,562,50,562,Some boarding or alighting values for this route (Line Number) at this stop are below 5 and have been suppressed to reinforce the confidential nature of the data. All values that do not meet the threshold (5) are shown as zero.,Fall 2019,8,0,5,0,0,0,8,0,5,0,0,0,Some boarding or alighting values for this stop (all Lines at this stop) are below 5 and have been suppressed to reinforce the confidential nature of the data. All values that do not meet the threshold (5) are shown as zero.,Fall 2019,Automated Passenger Counting (APC) and Automatic Vehicle Location systems,2019,57215-NB 212 ST AT 93 AVE,49.17107,-122.635127,25812,be833cee-d49a-4a9c-ae9b-7ed18dc3f32a,-13651679.89,6303938.401
57217,NB 210 ST AT 95A AVE,Southeast,Langley Township,562,54,562,,Fall 2019,12,10,13,5,5,5,12,10,13,5,5,5,,Fall 2019,Automated Passenger Counting (APC) and Automatic Vehicle Location systems,2019,57217-NB 210 ST AT 95A AVE,49.176303,-122.638979,25813,e0631f33-1688-4a29-8fac-86609cf68c30,-13652108.69,6304829.443
57218,WB 96 AVE AT 208 ST,Southeast,Langley Township,562,56,509; 562,Some boarding or alighting values for this route (Line Number) at this stop are below 5 and have been suppressed to reinforce the confidential nature of the data. All values that do not meet the threshold (5) are shown as zero.,Fall 2019,9,11,6,0,0,0,16,11,6,0,0,0,Some boarding or alighting values for this stop (all Lines at this stop) are below 5 and have been suppressed to reinforce the confidential nature of the data. All values that do not meet the threshold (5) are shown as zero.,Fall 2019,Automated Passenger Counting (APC) and Automatic Vehicle Location systems,2019,57218-WB 96 AVE AT 208 ST,49.177064,-122.647349,25814,2cb54eee-6489-49c6-86a2-e012fb0436d0,-13653040.44,6304959.029
57219,WB 96 AVE AT 206 ST,Southeast,Langley Township,562,58,509; 562,Some boarding or alighting values for this route (Line Number) at this stop are below 5 and have been suppressed to reinforce the confidential nature of the data. All values that do not meet the threshold (5) are shown as zero.,Fall 2019,0,5,0,0,0,0,0,5,0,0,0,0,Some boarding or alighting values for this stop (all Lines at this stop) are below 5 and have been suppressed to reinforce the confidential nature of the data. All values that do not meet the threshold (5) are shown as zero.,Fall 2019,Automated Passenger Counting (APC) and Automatic Vehicle Location systems,2019,57219-WB 96 AVE AT 206 ST,49.177066,-122.65162,25815,37cb3f5d-77c2-464e-9d43-f617748898df,-13653515.88,6304959.37
57220,WB 96 AVE AT 205 ST,Southeast,Langley Township,562,60,509; 562,Some boarding or alighting values for this route (Line Number) at this stop are below 5 and have been suppressed to reinforce the confidential nature of the data. All values that do not meet the threshold (5) are shown as zero.,Fall 2019,0,6,0,0,0,0,0,6,0,0,0,0,Some boarding or alighting values for this stop (all Lines at this stop) are below 5 and have been suppressed to reinforce the confidential nature of the data. All values that do not meet the threshold (5) are shown as zero.,Fall 2019,Automated Passenger Counting (APC) and Automatic Vehicle Location systems,2019,57220-WB 96 AVE AT 205 ST,49.177074,-122.655429,25816,4f4e5a84-1f72-4555-b8fa-f1c4630b931d,-13653939.9,6304960.732
57221,SB 204 ST AT 96 AVE,Southeast,Langley Township,562,64,509; 562,Some boarding or alighting values for this route (Line Number) at this stop are below 5 and have been suppressed to reinforce the confidential nature of the data. All values that do not meet the threshold (5) are shown as zero.,Fall 2019,0,12,6,0,0,0,6,13,6,0,0,0,Some boarding or alighting values for this stop (all Lines at this stop) are below 5 and have been suppressed to reinforce the confidential nature of the data. All values that do not meet the threshold (5) are shown as zero.,Fall 2019,Automated Passenger Counting (APC) and Automatic Vehicle Location systems,2019,57221-SB 204 ST AT 96 AVE,49.176558,-122.657419,25817,c75315ef-d031-407c-a250-659b22a38afc,-13654161.43,6304872.865
57222,SB 204 ST AT 93B AVE,Southeast,Langley Township,562,67,509; 562,Some boarding or alighting values for this route (Line Number) at this stop are below 5 and have been suppressed to reinforce the confidential nature of the data. All values that do not meet the threshold (5) are shown as zero.,Fall 2019,0,0,0,0,0,0,5,0,0,0,0,0,Some boarding or alighting values for this stop (all Lines at this stop) are below 5 and have been suppressed to reinforce the confidential nature of the data. All values that do not meet the threshold (5) are shown as zero.,Fall 2019,Automated Passenger Counting (APC) and Automatic Vehicle Location systems,2019,57222-SB 204 ST AT 93B AVE,49.172487,-122.657288,25818,5c05a820-479f-47af-9321-a702a0c8a32f,-13654146.84,6304179.67
57223,SB 204 ST AT 91B AVE,Southeast,Langley Township,562,69,509; 562,Some boarding or alighting values for this route (Line Number) at this stop are below 5 and have been suppressed to reinforce the confidential nature of the data. All values that do not meet the threshold (5) are shown as zero.,Fall 2019,0,9,0,6,0,0,0,9,0,6,0,0,Some boarding or alighting values for this stop (all Lines at this stop) are below 5 and have been suppressed to reinforce the confidential nature of the data. All values that do not meet the threshold (5) are shown as zero.,Fall 2019,Automated Passenger Counting (APC) and Automatic Vehicle Location systems,2019,57223-SB 204 ST AT 91B AVE,49.169324,-122.657186,25819,7fc2214d-24d1-472d-a068-ab48e0527972,-13654135.49,6303641.124
57224,SB 204 ST AT 90A AVE,Southeast,Langley Township,562,70,509; 562,Some boarding or alighting values for this route (Line Number) at this stop are below 5 and have been suppressed to reinforce the confidential nature of the data. All values that do not meet the threshold (5) are shown as zero.,Fall 2019,0,0,0,5,0,0,0,0,0,5,0,0,Some boarding or alighting values for this stop (all Lines at this stop) are below 5 and have been suppressed to reinforce the confidential nature of the data. All values that do not meet the threshold (5) are shown as zero.,Fall 2019,Automated Passenger Counting (APC) and Automatic Vehicle Location systems,2019,57224-SB 204 ST AT 90A AVE,49.166701,-122.657121,25820,ff29c8d7-06d2-4256-9f2e-685761cbf73a,-13654128.25,6303194.548
57225,NB 204 ST AT 88 AVE,Southeast,Langley Township,562,42,509; 562,Some boarding or alighting values for this route (Line Number) at this stop are below 5 and have been suppressed to reinforce the confidential nature of the data. All values that do not meet the threshold (5) are shown as zero.,Fall 2019,13,5,16,0,5,0,15,10,16,0,5,0,Some boarding or alighting values for this stop (all Lines at this stop) are below 5 and have been suppressed to reinforce the confidential nature of the data. All values that do not meet the threshold (5) are shown as zero.,Fall 2019,Automated Passenger Counting (APC) and Automatic Vehicle Location systems,2019,57225-NB 204 ST AT 88 AVE,49.163419,-122.656832,25821,e74c8812-cde3-4eb6-85c8-71464f38e5f8,-13654096.08,6302635.807
57226,NB 204 ST AT 90 CRES,Southeast,Langley Township,562,63,509; 562,Some boarding or alighting values for this route (Line Number) at this stop are below 5 and have been suppressed to reinforce the confidential nature of the data. All values that do not meet the threshold (5) are shown as zero.,Fall 2019,0,0,0,0,0,0,0,0,0,0,0,0,Some boarding or alighting values for this stop (all Lines at this stop) are below 5 and have been suppressed to reinforce the confidential nature of the data. All values that do not meet the threshold (5) are shown as zero.,Fall 2019,Automated Passenger Counting (APC) and Automatic Vehicle Location systems,2019,57226-NB 204 ST AT 90 CRES,49.166091,-122.656917,25822,4bc98002-5731-445f-8aec-3a4c8ed84a34,-13654105.54,6303090.696
57227,NB 204 ST AT 91A AVE,Southeast,Langley Township,562,73,509; 562,Some boarding or alighting values for this route (Line Number) at this stop are below 5 and have been suppressed to reinforce the confidential nature of the data. All values that do not meet the threshold (5) are shown as zero.,Fall 2019,0,0,0,0,0,0,0,0,0,0,0,0,Some boarding or alighting values for this stop (all Lines at this stop) are below 5 and have been suppressed to reinforce the confidential nature of the data. All values that do not meet the threshold (5) are shown as zero.,Fall 2019,Automated Passenger Counting (APC) and Automatic Vehicle Location systems,2019,57227-NB 204 ST AT 91A AVE,49.169174,-122.657014,25823,ee4391df-74b4-4c96-b435-6f6c1c6309b5,-13654116.34,6303615.585
57228,NB 204 ST AT 93A AVE,Southeast,Langley Township,562,75,509; 562,Some boarding or alighting values for this route (Line Number) at this stop are below 5 and have been suppressed to reinforce the confidential nature of the data. All values that do not meet the threshold (5) are shown as zero.,Fall 2019,0,0,0,0,0,0,0,5,0,0,0,0,Some boarding or alighting values for this stop (all Lines at this stop) are below 5 and have been suppressed to reinforce the confidential nature of the data. All values that do not meet the threshold (5) are shown as zero.,Fall 2019,Automated Passenger Counting (APC) and Automatic Vehicle Location systems,2019,57228-NB 204 ST AT 93A AVE,49.172786,-122.657134,25824,61490a06-e77f-4683-a501-e3494b29d87b,-13654129.7,6304230.58
57229,NB 204 ST AT 96 AVE,Southeast,Langley Township,562,76,509; 562,Some boarding or alighting values for this route (Line Number) at this stop are below 5 and have been suppressed to reinforce the confidential nature of the data. All values that do not meet the threshold (5) are shown as zero.,Fall 2019,9,0,5,0,0,0,10,7,5,0,0,0,Some boarding or alighting values for this stop (all Lines at this stop) are below 5 and have been suppressed to reinforce the confidential nature of the data. All values that do not meet the threshold (5) are shown as zero.,Fall 2019,Automated Passenger Counting (APC) and Automatic Vehicle Location systems,2019,57229-NB 204 ST AT 96 AVE,49.176582,-122.657258,25825,5cec97f3-93e1-4a41-9e35-1f3f85ecf49c,-13654143.5,6304876.952
57230,EB 96 AVE AT 205 ST,Southeast,Langley Township,562,79,509; 562,Some boarding or alighting values for this route (Line Number) at this stop are below 5 and have been suppressed to reinforce the confidential nature of the data. All values that do not meet the threshold (5) are shown as zero.,Fall 2019,0,0,0,0,0,0,0,0,0,0,0,0,Some boarding or alighting values for this stop (all Lines at this stop) are below 5 and have been suppressed to reinforce the confidential nature of the data. All values that do not meet the threshold (5) are shown as zero.,Fall 2019,Automated Passenger Counting (APC) and Automatic Vehicle Location systems,2019,57230-EB 96 AVE AT 205 ST,49.176904,-122.654014,25826,60aab130-51c5-4c8d-a4e6-3d99be2e93f2,-13653782.38,6304931.783
57231,EB 96 AVE AT 208 ST,Southeast,Langley Township,562,1,509; 562,Some boarding or alighting values for this route (Line Number) at this stop are below 5 and have been suppressed to reinforce the confidential nature of the data. All values that do not meet the threshold (5) are shown as zero.,Fall 2019,9,5,0,0,0,0,9,12,0,0,0,0,Some boarding or alighting values for this stop (all Lines at this stop) are below 5 and have been suppressed to reinforce the confidential nature of the data. All values that do not meet the threshold (5) are shown as zero.,Fall 2019,Automated Passenger Counting (APC) and Automatic Vehicle Location systems,2019,57231-EB 96 AVE AT 208 ST,49.176885,-122.645621,25827,a808c4d7-0301-4552-8366-5de0aa8c4a38,-13652848.08,6304928.548
57232,SB 210 ST AT 95A AVE,Southeast,Langley Township,562,3,562,,Fall 2019,9,13,8,9,5,5,9,13,8,9,5,5,,Fall 2019,Automated Passenger Counting (APC) and Automatic Vehicle Location systems,2019,57232-SB 210 ST AT 95A AVE,49.175681,-122.639111,25828,4a6a409b-3123-492c-bc2a-62bf11760614,-13652123.39,6304723.528
57233,SB 210 ST AT 93A AVE,Southeast,Langley Township,562,6,562,Some boarding or alighting values for this route (Line Number) at this stop are below 5 and have been suppressed to reinforce the confidential nature of the data. All values that do not meet the threshold (5) are shown as zero.,Fall 2019,9,10,8,5,0,0,9,10,8,5,0,0,Some boarding or alighting values for this stop (all Lines at this stop) are below 5 and have been suppressed to reinforce the confidential nature of the data. All values that do not meet the threshold (5) are shown as zero.,Fall 2019,Automated Passenger Counting (APC) and Automatic Vehicle Location systems,2019,57233-SB 210 ST AT 93A AVE,49.172184,-122.638887,25829,39b9b1f3-b98c-4911-b2f9-ecd26b728584,-13652098.45,6304128.078
57234,SB 212 ST AT 92 AVE,Southeast,Langley Township,562,8,562,Some boarding or alighting values for this route (Line Number) at this stop are below 5 and have been suppressed to reinforce the confidential nature of the data. All values that do not meet the threshold (5) are shown as zero.,Fall 2019,0,8,0,11,0,0,0,8,0,11,0,0,Some boarding or alighting values for this stop (all Lines at this stop) are below 5 and have been suppressed to reinforce the confidential nature of the data. All values that do not meet the threshold (5) are shown as zero.,Fall 2019,Automated Passenger Counting (APC) and Automatic Vehicle Location systems,2019,57234-SB 212 ST AT 92 AVE,49.170385,-122.635103,25830,13964026-414d-4086-b997-55e7d9e57e48,-13651677.22,6303821.771
57235,SB 212 ST AT 91B AVE,Southeast,Langley Township,562,10,509; 562,Some boarding or alighting values for this route (Line Number) at this stop are below 5 and have been suppressed to reinforce the confidential nature of the data. All values that do not meet the threshold (5) are shown as zero.,Fall 2019,9,5,0,0,0,0,9,11,0,0,0,0,Some boarding or alighting values for this stop (all Lines at this stop) are below 5 and have been suppressed to reinforce the confidential nature of the data. All values that do not meet the threshold (5) are shown as zero.,Fall 2019,Automated Passenger Counting (APC) and Automatic Vehicle Location systems,2019,57235-SB 212 ST AT 91B AVE,49.168706,-122.635063,25831,a2da6828-a29f-40e6-a16e-656905a87231,-13651672.77,6303535.905
57236,WB WALNUT GROVE DR AT 212 ST,Southeast,Langley Township,562,12,509; 562,Some boarding or alighting values for this route (Line Number) at this stop are below 5 and have been suppressed to reinforce the confidential nature of the data. All values that do not meet the threshold (5) are shown as zero.,Fall 2019,0,7,0,0,0,0,0,11,0,0,0,0,Some boarding or alighting values for this stop (all Lines at this stop) are below 5 and have been suppressed to reinforce the confidential nature of the data. All values that do not meet the threshold (5) are shown as zero.,Fall 2019,Automated Passenger Counting (APC) and Automatic Vehicle Location systems,2019,57236-WB WALNUT GROVE DR AT 212 ST,49.166241,-122.635615,25832,13b6181d-9b3d-4528-8572-bdf9f763bd8c,-13651734.22,6303116.233
57237,SB WALNUT GROVE DR AT 8900 BLOCK,Southeast,Langley Township,562,14,509; 562,Some boarding or alighting values for this route (Line Number) at this stop are below 5 and have been suppressed to reinforce the confidential nature of the data. All values that do not meet the threshold (5) are shown as zero.,Fall 2019,9,11,0,5,0,0,9,15,0,5,0,0,Some boarding or alighting values for this stop (all Lines at this stop) are below 5 and have been suppressed to reinforce the confidential nature of the data. All values that do not meet the threshold (5) are shown as zero.,Fall 2019,Automated Passenger Counting (APC) and Automatic Vehicle Location systems,2019,57237-SB WALNUT GROVE DR AT 8900 BLOCK,49.165589,-122.640014,25833,1ca1c57a-5837-43b8-bdc5-d9b42d36f7aa,-13652223.91,6303005.232
57239,EB 88 AVE AT WALNUT GROVE DR,Southeast,Langley Township,562,18,509; 562,Some boarding or alighting values for this route (Line Number) at this stop are below 5 and have been suppressed to reinforce the confidential nature of the data. All values that do not meet the threshold (5) are shown as zero.,Fall 2019,26,11,24,11,6,0,27,15,24,11,6,0,Some boarding or alighting values for this stop (all Lines at this stop) are below 5 and have been suppressed to reinforce the confidential nature of the data. All values that do not meet the threshold (5) are shown as zero.,Fall 2019,Automated Passenger Counting (APC) and Automatic Vehicle Location systems,2019,57239-EB 88 AVE AT WALNUT GROVE DR,49.162372,-122.639346,25834,c72ceb7c-ced8-4b17-9022-0dde2cde0ddb,-13652149.55,6302457.569
57240,EB 88 AVE AT 212 ST,Southeast,Langley Township,562,19,509; 562,Some boarding or alighting values for this route (Line Number) at this stop are below 5 and have been suppressed to reinforce the confidential nature of the data. All values that do not meet the threshold (5) are shown as zero.,Fall 2019,10,9,0,0,0,0,12,12,0,0,0,0,Some boarding or alighting values for this stop (all Lines at this stop) are below 5 and have been suppressed to reinforce the confidential nature of the data. All values that do not meet the threshold (5) are shown as zero.,Fall 2019,Automated Passenger Counting (APC) and Automatic Vehicle Location systems,2019,57240-EB 88 AVE AT 212 ST,49.162127,-122.632424,25835,fa777a71-5edf-43a7-be9f-269df22c8020,-13651378.99,6302415.862
57241,EB 88 AVE AT 214B ST,Southeast,Langley Township,562,22,509; 562,Some boarding or alighting values for this route (Line Number) at this stop are below 5 and have been suppressed to reinforce the confidential nature of the data. All values that do not meet the threshold (5) are shown as zero.,Fall 2019,7,5,0,0,0,0,10,10,0,0,0,0,Some boarding or alighting values for this stop (all Lines at this stop) are below 5 and have been suppressed to reinforce the confidential nature of the data. All values that do not meet the threshold (5) are shown as zero.,Fall 2019,Automated Passenger Counting (APC) and Automatic Vehicle Location systems,2019,57241-EB 88 AVE AT 214B ST,49.16191,-122.626809,25836,7df4e5f7-3e6a-440d-882a-2f19f1b50bdd,-13650753.94,6302378.921
57242,EB 88 AVE AT 216 ST,Southeast,Langley Township,562,23,562,,Fall 2019,24,19,10,10,6,5,24,19,10,10,6,5,,Fall 2019,Automated Passenger Counting (APC) and Automatic Vehicle Location systems,2019,57242-EB 88 AVE AT 216 ST,49.161849,-122.623415,25837,0da0a30f-8da5-4495-b2e6-f6fcefac8026,-13650376.12,6302368.537
57243,EB 88 AVE AT 22000 BLOCK,Southeast,Langley Township,562,25,562,Some boarding or alighting values for this route (Line Number) at this stop are below 5 and have been suppressed to reinforce the confidential nature of the data. All values that do not meet the threshold (5) are shown as zero.,Fall 2019,0,0,0,0,0,0,0,0,0,0,0,0,Some boarding or alighting values for this stop (all Lines at this stop) are below 5 and have been suppressed to reinforce the confidential nature of the data. All values that do not meet the threshold (5) are shown as zero.,Fall 2019,Automated Passenger Counting (APC) and Automatic Vehicle Location systems,2019,57243-EB 88 AVE AT 22000 BLOCK,49.162633,-122.614152,25838,5294cb75-c8ea-4e0d-8924-637e9e2e18c0,-13649344.96,6302502.001
57244,EB 88 AVE AT 222A ST,Southeast,Langley Township,562,27,562,Some boarding or alighting values for this route (Line Number) at this stop are below 5 and have been suppressed to reinforce the confidential nature of the data. All values that do not meet the threshold (5) are shown as zero.,Fall 2019,0,0,0,0,0,0,0,0,0,0,0,0,Some boarding or alighting values for this stop (all Lines at this stop) are below 5 and have been suppressed to reinforce the confidential nature of the data. All values that do not meet the threshold (5) are shown as zero.,Fall 2019,Automated Passenger Counting (APC) and Automatic Vehicle Location systems,2019,57244-EB 88 AVE AT 222A ST,49.162756,-122.607616,25839,dcf48b5d-01c7-4f66-8019-a0b2a246be42,-13648617.38,6302522.94
57245,EB 88 AVE AT WRIGHT ST,Southeast,Langley Township,562,30,562,Some boarding or alighting values for this route (Line Number) at this stop are below 5 and have been suppressed to reinforce the confidential nature of the data. All values that do not meet the threshold (5) are shown as zero.,Fall 2019,0,0,0,0,0,0,0,0,0,0,0,0,Some boarding or alighting values for this stop (all Lines at this stop) are below 5 and have been suppressed to reinforce the confidential nature of the data. All values that do not meet the threshold (5) are shown as zero.,Fall 2019,Automated Passenger Counting (APC) and Automatic Vehicle Location systems,2019,57245-EB 88 AVE AT WRIGHT ST,49.162722,-122.592694,25840,ce1e0eaa-860e-4135-8828-2c6741a0f35c,-13646956.27,6302517.152
57246,NB TRATTLE ST AT 88 AVE,Southeast,Langley Township,562,32,562,Some boarding or alighting values for this route (Line Number) at this stop are below 5 and have been suppressed to reinforce the confidential nature of the data. All values that do not meet the threshold (5) are shown as zero.,Fall 2019,0,0,0,0,0,0,0,0,0,0,0,0,Some boarding or alighting values for this stop (all Lines at this stop) are below 5 and have been suppressed to reinforce the confidential nature of the data. All values that do not meet the threshold (5) are shown as zero.,Fall 2019,Automated Passenger Counting (APC) and Automatic Vehicle Location systems,2019,57246-NB TRATTLE ST AT 88 AVE,49.163141,-122.590039,25841,3fdf0dec-6d8d-4af8-bd27-dd3999fdcc05,-13646660.72,6302588.481
57247,NB TRATTLE ST AT HOUSTON AVE,Southeast,Langley Township,562,35,562,Some boarding or alighting values for this route (Line Number) at this stop are below 5 and have been suppressed to reinforce the confidential nature of the data. All values that do not meet the threshold (5) are shown as zero.,Fall 2019,0,0,0,0,0,0,0,0,0,0,0,0,Some boarding or alighting values for this stop (all Lines at this stop) are below 5 and have been suppressed to reinforce the confidential nature of the data. All values that do not meet the threshold (5) are shown as zero.,Fall 2019,Automated Passenger Counting (APC) and Automatic Vehicle Location systems,2019,57247-NB TRATTLE ST AT HOUSTON AVE,49.165546,-122.589368,25842,ae79031a-2b2d-4b31-9120-2766f371cc9c,-13646586.02,6302997.912
57248,NB TRATTLE ST AT 9000 BLOCK,Southeast,Langley Township,562,36,562,Some boarding or alighting values for this route (Line Number) at this stop are below 5 and have been suppressed to reinforce the confidential nature of the data. All values that do not meet the threshold (5) are shown as zero.,Fall 2019,12,17,0,0,0,0,12,17,0,0,0,0,Some boarding or alighting values for this stop (all Lines at this stop) are below 5 and have been suppressed to reinforce the confidential nature of the data. All values that do not meet the threshold (5) are shown as zero.,Fall 2019,Automated Passenger Counting (APC) and Automatic Vehicle Location systems,2019,57248-NB TRATTLE ST AT 9000 BLOCK,49.167916,-122.588666,25843,109f1f63-0c1e-47ea-9864-deab78cd61e4,-13646507.88,6303401.404
57249,EB 96 AVE AT TRATTLE ST,Southeast,Langley Township,562,38,562,Some boarding or alighting values for this route (Line Number) at this stop are below 5 and have been suppressed to reinforce the confidential nature of the data. All values that do not meet the threshold (5) are shown as zero.,Fall 2019,0,7,0,0,0,0,0,7,0,0,0,0,Some boarding or alighting values for this stop (all Lines at this stop) are below 5 and have been suppressed to reinforce the confidential nature of the data. All values that do not meet the threshold (5) are shown as zero.,Fall 2019,Automated Passenger Counting (APC) and Automatic Vehicle Location systems,2019,57249-EB 96 AVE AT TRATTLE ST,49.17074,-122.586308,25844,af91b234-d8d1-4c42-b18f-bc3c833aaf84,-13646245.38,6303882.214
57250,EB 96 AVE AT GLOVER RD,Southeast,Langley Township,562,40,562,,Fall 2019,39,45,43,36,31,21,39,45,43,36,31,21,,Fall 2019,Automated Passenger Counting (APC) and Automatic Vehicle Location systems,2019,57250-EB 96 AVE AT GLOVER RD,49.168656,-122.580881,25845,b2509478-6071-4a18-804b-3eefa7a66261,-13645641.25,6303527.392
57251,SB GLOVER RD AT SAINT ANDREWS AVE,Southeast,Langley Township,562,44,562,Some boarding or alighting values for this route (Line Number) at this stop are below 5 and have been suppressed to reinforce the confidential nature of the data. All values that do not meet the threshold (5) are shown as zero.,Fall 2019,5,0,7,0,6,0,5,0,7,0,6,0,Some boarding or alighting values for this stop (all Lines at this stop) are below 5 and have been suppressed to reinforce the confidential nature of the data. All values that do not meet the threshold (5) are shown as zero.,Fall 2019,Automated Passenger Counting (APC) and Automatic Vehicle Location systems,2019,57251-SB GLOVER RD AT SAINT ANDREWS AVE,49.166061,-122.582568,25846,da33bea5-17fe-4175-ac71-d3912e89ef60,-13645829.05,6303085.589
57252,SB GLOVER RD AT 88 AVE,Southeast,Langley Township,562,47,562,Some boarding or alighting values for this route (Line Number) at this stop are below 5 and have been suppressed to reinforce the confidential nature of the data. All values that do not meet the threshold (5) are shown as zero.,Fall 2019,0,0,12,12,0,0,0,0,12,12,0,0,Some boarding or alighting values for this stop (all Lines at this stop) are below 5 and have been suppressed to reinforce the confidential nature of the data. All values that do not meet the threshold (5) are shown as zero.,Fall 2019,Automated Passenger Counting (APC) and Automatic Vehicle Location systems,2019,57252-SB GLOVER RD AT 88 AVE,49.162066,-122.586721,25847,608d111c-4bb0-45f7-80f9-5cc5912d4baf,-13646291.36,6302405.478
57253,SB GLOVER RD AT 79 AVE,Southeast,Langley Township,562,52,562,Some boarding or alighting values for this route (Line Number) at this stop are below 5 and have been suppressed to reinforce the confidential nature of the data. All values that do not meet the threshold (5) are shown as zero.,Fall 2019,0,0,0,0,0,0,0,0,0,0,0,0,Some boarding or alighting values for this stop (all Lines at this stop) are below 5 and have been suppressed to reinforce the confidential nature of the data. All values that do not meet the threshold (5) are shown as zero.,Fall 2019,Automated Passenger Counting (APC) and Automatic Vehicle Location systems,2019,57253-SB GLOVER RD AT 79 AVE,49.146227,-122.59901,25848,a1c86b61-237e-41c9-bd75-2f5ff2f617ce,-13647659.36,6299709.577
57254,SB GLOVER RD AT LABONTE RD,Southeast,Langley Township,562,55,562,,Fall 2019,125,82,60,26,27,22,125,82,60,26,27,22,,Fall 2019,Automated Passenger Counting (APC) and Automatic Vehicle Location systems,2019,57254-SB GLOVER RD AT LABONTE RD,49.142895,-122.602681,25849,ec50a8d5-e56c-4096-b862-0a33b6fb96dd,-13648068.02,6299142.559
57255,SB GLOVER RD AT CRUSH CRES,Southeast,Langley Township,562,59,562,,Fall 2019,15,5,11,5,15,6,15,5,11,5,15,6,,Fall 2019,Automated Passenger Counting (APC) and Automatic Vehicle Location systems,2019,57255-SB GLOVER RD AT CRUSH CRES,49.126248,-122.625338,25850,3268e7ff-9ad6-4ce2-a4b7-660fb36de0c1,-13650590.18,6296310.251
57257,SB GLOVER RD AT 5900 BLOCK,Southeast,Langley City,562,61,372; 562,Some boarding or alighting values for this route (Line Number) at this stop are below 5 and have been suppressed to reinforce the confidential nature of the data. All values that do not meet the threshold (5) are shown as zero.,Fall 2019,10,21,6,0,0,0,18,54,9,9,6,6,,Fall 2019,Automated Passenger Counting (APC) and Automatic Vehicle Location systems,2019,57257-SB GLOVER RD AT 5900 BLOCK,49.1101,-122.648451,25851,236bde5f-3cb3-4671-a93f-a90247350c01,-13653163.11,6293563.751
57275,SB 204 ST AT 88 AVE,Southeast,Langley Township,562,71,509; 562,Some boarding or alighting values for this route (Line Number) at this stop are below 5 and have been suppressed to reinforce the confidential nature of the data. All values that do not meet the threshold (5) are shown as zero.,Fall 2019,0,38,0,32,0,13,9,41,0,32,0,13,Some boarding or alighting values for this stop (all Lines at this stop) are below 5 and have been suppressed to reinforce the confidential nature of the data. All values that do not meet the threshold (5) are shown as zero.,Fall 2019,Automated Passenger Counting (APC) and Automatic Vehicle Location systems,2019,57275-SB 204 ST AT 88 AVE,49.163251,-122.656991,25852,97a398df-0733-4127-aad0-d211fadee678,-13654113.78,6302607.207
58311,SB WALNUT GROVE DR AT 88 AVE,Southeast,Langley Township,562,16,509; 562,Some boarding or alighting values for this route (Line Number) at this stop are below 5 and have been suppressed to reinforce the confidential nature of the data. All values that do not meet the threshold (5) are shown as zero.,Fall 2019,12,12,9,12,0,6,12,18,9,12,0,6,Some boarding or alighting values for this stop (all Lines at this stop) are below 5 and have been suppressed to reinforce the confidential nature of the data. All values that do not meet the threshold (5) are shown as zero.,Fall 2019,Automated Passenger Counting (APC) and Automatic Vehicle Location systems,2019,58311-SB WALNUT GROVE DR AT 88 AVE,49.163684,-122.640482,25853,1338386b-c649-430d-9d3f-589b49a10ca5,-13652276.01,6302680.92
58335,NB 212 ST AT 92 AVE,Southeast,Langley Township,562,48,562,Some boarding or alighting values for this route (Line Number) at this stop are below 5 and have been suppressed to reinforce the confidential nature of the data. All values that do not meet the threshold (5) are shown as zero.,Fall 2019,0,6,0,5,0,0,0,6,0,5,0,0,Some boarding or alighting values for this stop (all Lines at this stop) are below 5 and have been suppressed to reinforce the confidential nature of the data. All values that do not meet the threshold (5) are shown as zero.,Fall 2019,Automated Passenger Counting (APC) and Automatic Vehicle Location systems,2019,58335-NB 212 ST AT 92 AVE,49.169771,-122.634926,25854,6c4ac09a-ee57-4d4b-8789-efd7175f5e64,-13651657.52,6303717.23
58336,EB 96 AVE AT 206 ST,Southeast,Langley Township,562,81,509; 562,Some boarding or alighting values for this route (Line Number) at this stop are below 5 and have been suppressed to reinforce the confidential nature of the data. All values that do not meet the threshold (5) are shown as zero.,Fall 2019,0,0,0,0,0,0,0,5,0,0,0,0,Some boarding or alighting values for this stop (all Lines at this stop) are below 5 and have been suppressed to reinforce the confidential nature of the data. All values that do not meet the threshold (5) are shown as zero.,Fall 2019,Automated Passenger Counting (APC) and Automatic Vehicle Location systems,2019,58336-EB 96 AVE AT 206 ST,49.176906,-122.65049,25855,93dff043-be5f-4b4e-b07f-38042102c976,-13653390.09,6304932.124
58490,NB 210 ST AT 93B AVE,Southeast,Langley Township,562,53,562,Some boarding or alighting values for this route (Line Number) at this stop are below 5 and have been suppressed to reinforce the confidential nature of the data. All values that do not meet the threshold (5) are shown as zero.,Fall 2019,13,10,7,8,0,0,13,10,7,8,0,0,Some boarding or alighting values for this stop (all Lines at this stop) are below 5 and have been suppressed to reinforce the confidential nature of the data. All values that do not meet the threshold (5) are shown as zero.,Fall 2019,Automated Passenger Counting (APC) and Automatic Vehicle Location systems,2019,58490-NB 210 ST AT 93B AVE,49.17321,-122.638781,25856,a8adddfb-152c-48f9-8ccb-cd3d07dd794f,-13652086.65,6304302.775
59141,EB 88 AVE AT 202 ST,Southeast,Langley Township,562,21,509; 562; 595,Some boarding or alighting values for this route (Line Number) at this stop are below 5 and have been suppressed to reinforce the confidential nature of the data. All values that do not meet the threshold (5) are shown as zero.,Fall 2019,24,0,18,0,5,0,55,10,39,0,21,0,Some boarding or alighting values for this stop (all Lines at this stop) are below 5 and have been suppressed to reinforce the confidential nature of the data. All values that do not meet the threshold (5) are shown as zero.,Fall 2019,Automated Passenger Counting (APC) and Automatic Vehicle Location systems,2019,59141-EB 88 AVE AT 202 ST,49.162711,-122.65895,25857,0744c1f6-fbee-44ff-8351-0f0af0248b13,-13654331.86,6302515.279
59487,NB GLOVER RD AT HWY 10 BYPASS,Southeast,Langley Township,562,77,562,Some boarding or alighting values for this route (Line Number) at this stop are below 5 and have been suppressed to reinforce the confidential nature of the data. All values that do not meet the threshold (5) are shown as zero.,Fall 2019,0,8,0,0,0,0,0,8,0,0,0,0,Some boarding or alighting values for this stop (all Lines at this stop) are below 5 and have been suppressed to reinforce the confidential nature of the data. All values that do not meet the threshold (5) are shown as zero.,Fall 2019,Automated Passenger Counting (APC) and Automatic Vehicle Location systems,2019,59487-NB GLOVER RD AT HWY 10 BYPASS,49.135762,-122.61103,25858,da0d09bb-41be-4fe3-9260-e970ec8d043d,-13648997.43,6297928.839
59488,SB GLOVER RD AT HWY 10 BYPASS,Southeast,Langley Township,562,57,562,Some boarding or alighting values for this route (Line Number) at this stop are below 5 and have been suppressed to reinforce the confidential nature of the data. All values that do not meet the threshold (5) are shown as zero.,Fall 2019,6,0,0,0,0,0,6,0,0,0,0,0,Some boarding or alighting values for this stop (all Lines at this stop) are below 5 and have been suppressed to reinforce the confidential nature of the data. All values that do not meet the threshold (5) are shown as zero.,Fall 2019,Automated Passenger Counting (APC) and Automatic Vehicle Location systems,2019,59488-SB GLOVER RD AT HWY 10 BYPASS,49.13588,-122.61123,25859,6b3001b0-88c0-43b7-a318-6ce6920cd2a7,-13649019.69,6297948.916
59811,SB GLOVER RD AT DUNCAN WAY,Southeast,Langley City,562,65,372; 562,Some boarding or alighting values for this route (Line Number) at this stop are below 5 and have been suppressed to reinforce the confidential nature of the data. All values that do not meet the threshold (5) are shown as zero.,Fall 2019,0,0,0,0,0,0,0,8,0,0,0,0,Some boarding or alighting values for this stop (all Lines at this stop) are below 5 and have been suppressed to reinforce the confidential nature of the data. All values that do not meet the threshold (5) are shown as zero.,Fall 2019,Automated Passenger Counting (APC) and Automatic Vehicle Location systems,2019,59811-SB GLOVER RD AT DUNCAN WAY,49.108973,-122.649861,25860,1fcb60f2-1aca-412f-961b-13768ba7dfd5,-13653320.07,6293372.101
59853,NB GLOVER RD AT RAWLISON CRES,Southeast,Langley Township,562,4,562,Some boarding or alighting values for this route (Line Number) at this stop are below 5 and have been suppressed to reinforce the confidential nature of the data. All values that do not meet the threshold (5) are shown as zero.,Fall 2019,0,0,0,0,0,0,0,0,0,0,0,0,Some boarding or alighting values for this stop (all Lines at this stop) are below 5 and have been suppressed to reinforce the confidential nature of the data. All values that do not meet the threshold (5) are shown as zero.,Fall 2019,Automated Passenger Counting (APC) and Automatic Vehicle Location systems,2019,59853-NB GLOVER RD AT RAWLISON CRES,49.154475,-122.590859,25861,285b0771-f249-4fd8-85b9-32fb9900878f,-13646752,6301113.333
59854,SB GLOVER RD AT RAWLISON CRES,Southeast,Langley Township,562,49,562,Some boarding or alighting values for this route (Line Number) at this stop are below 5 and have been suppressed to reinforce the confidential nature of the data. All values that do not meet the threshold (5) are shown as zero.,Fall 2019,0,0,0,0,0,0,0,0,0,0,0,0,Some boarding or alighting values for this stop (all Lines at this stop) are below 5 and have been suppressed to reinforce the confidential nature of the data. All values that do not meet the threshold (5) are shown as zero.,Fall 2019,Automated Passenger Counting (APC) and Automatic Vehicle Location systems,2019,59854-SB GLOVER RD AT RAWLISON CRES,49.154497,-122.591044,25862,01804248-ea57-465a-9308-30ae9200f999,-13646772.59,6301117.077
61719,CARVOLTH EXCHANGE BAY 11,Southeast,Langley Township,562,28,562,,Fall 2019,164,149,88,106,37,47,164,149,88,106,37,47,,Fall 2019,Automated Passenger Counting (APC) and Automatic Vehicle Location systems,2019,61719-CARVOLTH EXCHANGE BAY 11,49.160528,-122.660365,25863,516bcfc4-5570-47a8-b089-8c2e6d67a0f0,-13654489.37,6302143.662
61928,SB GLOVER RD AT TELEGRAPH TRAIL,Southeast,Langley Township,562,51,562,Some boarding or alighting values for this route (Line Number) at this stop are below 5 and have been suppressed to reinforce the confidential nature of the data. All values that do not meet the threshold (5) are shown as zero.,Fall 2019,0,0,0,0,0,0,0,0,0,0,0,0,Some boarding or alighting values for this stop (all Lines at this stop) are below 5 and have been suppressed to reinforce the confidential nature of the data. All values that do not meet the threshold (5) are shown as zero.,Fall 2019,Automated Passenger Counting (APC) and Automatic Vehicle Location systems,2019,61928-SB GLOVER RD AT TELEGRAPH TRAIL,49.149783,-122.59478,25864,2be34908-5ac3-4988-9046-981c8b93a1fc,-13647188.48,6300314.757
61929,NB GLOVER RD AT TELEGRAPH TRAIL,Southeast,Langley Township,562,2,562,Some boarding or alighting values for this route (Line Number) at this stop are below 5 and have been suppressed to reinforce the confidential nature of the data. All values that do not meet the threshold (5) are shown as zero.,Fall 2019,0,0,0,0,0,0,0,0,0,0,0,0,Some boarding or alighting values for this stop (all Lines at this stop) are below 5 and have been suppressed to reinforce the confidential nature of the data. All values that do not meet the threshold (5) are shown as zero.,Fall 2019,Automated Passenger Counting (APC) and Automatic Vehicle Location systems,2019,61929-NB GLOVER RD AT TELEGRAPH TRAIL,49.149732,-122.594593,25865,b0cc10f4-458b-4377-a10e-40e81641aab5,-13647167.67,6300306.077
55307,NB 203 ST AT 53 AVE,Southeast,Langley City,563,42,563; 564,Some boarding or alighting values for this route (Line Number) at this stop are below 5 and have been suppressed to reinforce the confidential nature of the data. All values that do not meet the threshold (5) are shown as zero.,Fall 2019,5,0,0,0,0,0,6,8,0,0,0,0,Some boarding or alighting values for this stop (all Lines at this stop) are below 5 and have been suppressed to reinforce the confidential nature of the data. All values that do not meet the threshold (5) are shown as zero.,Fall 2019,Automated Passenger Counting (APC) and Automatic Vehicle Location systems,2019,55307-NB 203 ST AT 53 AVE,49.099272,-122.659695,25866,0bb9c9a2-e507-4cd1-9c32-21d2f1536a5a,-13654414.79,6291722.593
55308,NB 203 ST AT 54 AVE,Southeast,Langley City,563,46,563; 564,Some boarding or alighting values for this route (Line Number) at this stop are below 5 and have been suppressed to reinforce the confidential nature of the data. All values that do not meet the threshold (5) are shown as zero.,Fall 2019,0,0,0,0,0,0,6,5,0,6,0,0,Some boarding or alighting values for this stop (all Lines at this stop) are below 5 and have been suppressed to reinforce the confidential nature of the data. All values that do not meet the threshold (5) are shown as zero.,Fall 2019,Automated Passenger Counting (APC) and Automatic Vehicle Location systems,2019,55308-NB 203 ST AT 54 AVE,49.10085,-122.659636,25867,f67d7c53-acf6-41f7-a30d-9a5f1c7fdbe1,-13654408.22,6291990.886
55309,NB 203 ST AT MICHAUD CRES,Southeast,Langley City,563,48,563; 564,Some boarding or alighting values for this route (Line Number) at this stop are below 5 and have been suppressed to reinforce the confidential nature of the data. All values that do not meet the threshold (5) are shown as zero.,Fall 2019,0,10,0,8,0,9,0,14,0,13,0,11,Some boarding or alighting values for this stop (all Lines at this stop) are below 5 and have been suppressed to reinforce the confidential nature of the data. All values that do not meet the threshold (5) are shown as zero.,Fall 2019,Automated Passenger Counting (APC) and Automatic Vehicle Location systems,2019,55309-NB 203 ST AT MICHAUD CRES,49.103104,-122.659591,25868,01b8364e-ba3e-4c90-84b0-c9a3ace5e89c,-13654403.21,6292374.128
56995,SB 208 ST AT 40 AVE,Southeast,Langley Township,563,17,563,Some boarding or alighting values for this route (Line Number) at this stop are below 5 and have been suppressed to reinforce the confidential nature of the data. All values that do not meet the threshold (5) are shown as zero.,Fall 2019,7,7,0,0,0,0,7,7,0,0,0,0,Some boarding or alighting values for this stop (all Lines at this stop) are below 5 and have been suppressed to reinforce the confidential nature of the data. All values that do not meet the threshold (5) are shown as zero.,Fall 2019,Automated Passenger Counting (APC) and Automatic Vehicle Location systems,2019,56995-SB 208 ST AT 40 AVE,49.075368,-122.647557,25869,39fe5cee-7ff3-4a29-835d-2f5202d077e2,-13653063.59,6287659.456
56996,WB 40 AVE AT 208 ST,Southeast,Langley Township,563,19,531; 563,Some boarding or alighting values for this route (Line Number) at this stop are below 5 and have been suppressed to reinforce the confidential nature of the data. All values that do not meet the threshold (5) are shown as zero.,Fall 2019,6,0,0,7,0,0,6,0,0,7,0,0,Some boarding or alighting values for this stop (all Lines at this stop) are below 5 and have been suppressed to reinforce the confidential nature of the data. All values that do not meet the threshold (5) are shown as zero.,Fall 2019,Automated Passenger Counting (APC) and Automatic Vehicle Location systems,2019,56996-WB 40 AVE AT 208 ST,49.074727,-122.648439,25870,42619bf7-11c1-40a9-b025-e46574d5bf01,-13653161.78,6287550.528
56997,WB 40 AVE AT 206A ST,Southeast,Langley Township,563,24,531; 563,Some boarding or alighting values for this route (Line Number) at this stop are below 5 and have been suppressed to reinforce the confidential nature of the data. All values that do not meet the threshold (5) are shown as zero.,Fall 2019,0,0,0,0,0,0,0,0,0,0,0,0,Some boarding or alighting values for this stop (all Lines at this stop) are below 5 and have been suppressed to reinforce the confidential nature of the data. All values that do not meet the threshold (5) are shown as zero.,Fall 2019,Automated Passenger Counting (APC) and Automatic Vehicle Location systems,2019,56997-WB 40 AVE AT 206A ST,49.074735,-122.652753,25871,35632bb8-8353-4783-b684-2e5a0aa57555,-13653642.01,6287551.887
57002,NB 208 ST AT 42 AVE,Southeast,Langley Township,563,20,560/561; 563,Some boarding or alighting values for this route (Line Number) at this stop are below 5 and have been suppressed to reinforce the confidential nature of the data. All values that do not meet the threshold (5) are shown as zero.,Fall 2019,6,0,6,0,6,0,12,10,12,9,10,8,,Fall 2019,Automated Passenger Counting (APC) and Automatic Vehicle Location systems,2019,57002-NB 208 ST AT 42 AVE,49.078766,-122.647183,25872,8b18ffa5-d5fc-49e6-816a-2cf55703d946,-13653021.96,6288236.92
57003,NB 208 ST AT 44 AVE,Southeast,Langley Township,563,25,560/561; 563,Some boarding or alighting values for this route (Line Number) at this stop are below 5 and have been suppressed to reinforce the confidential nature of the data. All values that do not meet the threshold (5) are shown as zero.,Fall 2019,7,0,5,0,5,0,10,5,9,7,7,6,,Fall 2019,Automated Passenger Counting (APC) and Automatic Vehicle Location systems,2019,57003-NB 208 ST AT 44 AVE,49.082341,-122.647006,25873,12a06f12-7548-4f9d-b966-5f91105c426b,-13653002.26,6288844.506
57004,NB 208 ST AT 45A AVE,Southeast,Langley City,563,26,560/561; 563,Some boarding or alighting values for this route (Line Number) at this stop are below 5 and have been suppressed to reinforce the confidential nature of the data. All values that do not meet the threshold (5) are shown as zero.,Fall 2019,5,0,0,0,0,0,6,0,0,0,0,0,Some boarding or alighting values for this stop (all Lines at this stop) are below 5 and have been suppressed to reinforce the confidential nature of the data. All values that do not meet the threshold (5) are shown as zero.,Fall 2019,Automated Passenger Counting (APC) and Automatic Vehicle Location systems,2019,57004-NB 208 ST AT 45A AVE,49.084791,-122.646881,25874,1e1cb41d-c059-4f5d-aa5e-7cde54944b13,-13652988.34,6289260.918
57005,WB GRADE CRES AT 208 ST,Southeast,Langley City,563,28,563,Some boarding or alighting values for this route (Line Number) at this stop are below 5 and have been suppressed to reinforce the confidential nature of the data. All values that do not meet the threshold (5) are shown as zero.,Fall 2019,11,0,6,0,0,0,11,0,6,0,0,0,Some boarding or alighting values for this stop (all Lines at this stop) are below 5 and have been suppressed to reinforce the confidential nature of the data. All values that do not meet the threshold (5) are shown as zero.,Fall 2019,Automated Passenger Counting (APC) and Automatic Vehicle Location systems,2019,57005-WB GRADE CRES AT 208 ST,49.087852,-122.648549,25875,57bbb285-5df5-4c99-a6ce-bc81822c6604,-13653174.02,6289781.208
57006,WB GRADE CRES AT 20400 BLOCK,Southeast,Langley City,563,30,563,Some boarding or alighting values for this route (Line Number) at this stop are below 5 and have been suppressed to reinforce the confidential nature of the data. All values that do not meet the threshold (5) are shown as zero.,Fall 2019,0,0,0,0,0,0,0,0,0,0,0,0,Some boarding or alighting values for this stop (all Lines at this stop) are below 5 and have been suppressed to reinforce the confidential nature of the data. All values that do not meet the threshold (5) are shown as zero.,Fall 2019,Automated Passenger Counting (APC) and Automatic Vehicle Location systems,2019,57006-WB GRADE CRES AT 20400 BLOCK,49.089095,-122.656772,25876,420707aa-8c35-46e6-8797-92250b9f1d7e,-13654089.4,6289992.495
57010,WB 40 AVE AT 204 ST,Southeast,Langley Township,563,27,531; 563,Some boarding or alighting values for this route (Line Number) at this stop are below 5 and have been suppressed to reinforce the confidential nature of the data. All values that do not meet the threshold (5) are shown as zero.,Fall 2019,0,0,0,0,0,0,0,0,0,0,0,0,Some boarding or alighting values for this stop (all Lines at this stop) are below 5 and have been suppressed to reinforce the confidential nature of the data. All values that do not meet the threshold (5) are shown as zero.,Fall 2019,Automated Passenger Counting (APC) and Automatic Vehicle Location systems,2019,57010-WB 40 AVE AT 204 ST,49.074747,-122.658996,25877,29178007-5a57-4c94-aaad-47347ed5b013,-13654336.98,6287553.926
57011,WB 40 AVE AT 202 ST,Southeast,Langley Township,563,29,531; 563,Some boarding or alighting values for this route (Line Number) at this stop are below 5 and have been suppressed to reinforce the confidential nature of the data. All values that do not meet the threshold (5) are shown as zero.,Fall 2019,0,0,0,0,0,0,0,0,0,0,0,0,Some boarding or alighting values for this stop (all Lines at this stop) are below 5 and have been suppressed to reinforce the confidential nature of the data. All values that do not meet the threshold (5) are shown as zero.,Fall 2019,Automated Passenger Counting (APC) and Automatic Vehicle Location systems,2019,57011-WB 40 AVE AT 202 ST,49.074752,-122.664615,25878,da42f4e8-69c7-465b-9e5a-c074a757b0aa,-13654962.48,6287554.776
57012,WB 40 AVE AT 200A ST,Southeast,Langley Township,563,31,531; 563,Some boarding or alighting values for this route (Line Number) at this stop are below 5 and have been suppressed to reinforce the confidential nature of the data. All values that do not meet the threshold (5) are shown as zero.,Fall 2019,0,9,0,11,0,0,0,9,0,11,0,0,Some boarding or alighting values for this stop (all Lines at this stop) are below 5 and have been suppressed to reinforce the confidential nature of the data. All values that do not meet the threshold (5) are shown as zero.,Fall 2019,Automated Passenger Counting (APC) and Automatic Vehicle Location systems,2019,57012-WB 40 AVE AT 200A ST,49.074766,-122.668318,25879,5aaaf059-1d3d-4897-a50f-01cb2f7d13cc,-13655374.7,6287557.155
57018,NB 200 ST AT 50 AVE,Southeast,Langley City,563,36,531; 563,Some boarding or alighting values for this route (Line Number) at this stop are below 5 and have been suppressed to reinforce the confidential nature of the data. All values that do not meet the threshold (5) are shown as zero.,Fall 2019,6,0,0,0,0,0,18,0,11,0,9,0,Some boarding or alighting values for this stop (all Lines at this stop) are below 5 and have been suppressed to reinforce the confidential nature of the data. All values that do not meet the threshold (5) are shown as zero.,Fall 2019,Automated Passenger Counting (APC) and Automatic Vehicle Location systems,2019,57018-NB 200 ST AT 50 AVE,49.093927,-122.668476,25880,fdd1eab5-c131-4804-9e12-5659420cd9ce,-13655392.28,6290813.895
57019,EB 53 AVE AT 200 ST,Southeast,Langley City,563,38,560/561; 563,Some boarding or alighting values for this route (Line Number) at this stop are below 5 and have been suppressed to reinforce the confidential nature of the data. All values that do not meet the threshold (5) are shown as zero.,Fall 2019,0,5,0,0,0,0,5,6,0,0,0,0,Some boarding or alighting values for this stop (all Lines at this stop) are below 5 and have been suppressed to reinforce the confidential nature of the data. All values that do not meet the threshold (5) are shown as zero.,Fall 2019,Automated Passenger Counting (APC) and Automatic Vehicle Location systems,2019,57019-EB 53 AVE AT 200 ST,49.098377,-122.66807,25881,6330f9c2-1bde-45c1-8d52-b05add15e3ab,-13655347.09,6291570.428
57020,EB 53 AVE AT 201A ST,Southeast,Langley City,563,40,560/561; 563,Some boarding or alighting values for this route (Line Number) at this stop are below 5 and have been suppressed to reinforce the confidential nature of the data. All values that do not meet the threshold (5) are shown as zero.,Fall 2019,0,0,0,0,0,0,0,5,0,0,0,0,Some boarding or alighting values for this stop (all Lines at this stop) are below 5 and have been suppressed to reinforce the confidential nature of the data. All values that do not meet the threshold (5) are shown as zero.,Fall 2019,Automated Passenger Counting (APC) and Automatic Vehicle Location systems,2019,57020-EB 53 AVE AT 201A ST,49.098386,-122.663943,25882,224bdd53-7b4c-4191-bda7-367afa62eafd,-13654887.67,6291571.958
57024,WB DOUGLAS CRES AT 204 ST,Southeast,Langley City,563,22,320; 342; 531; 560/561; 563; 564,Some boarding or alighting values for this route (Line Number) at this stop are below 5 and have been suppressed to reinforce the confidential nature of the data. All values that do not meet the threshold (5) are shown as zero.,Fall 2019,15,0,6,0,5,0,159,25,96,23,89,11,,Fall 2019,Automated Passenger Counting (APC) and Automatic Vehicle Location systems,2019,57024-WB DOUGLAS CRES AT 204 ST,49.103635,-122.657813,25883,5630653c-6ec8-4b22-baf6-870680cc6bf8,-13654205.29,6292464.415
57025,NB 203 ST AT FRASER HWY,Southeast,Langley City,563,52,320; 342; 364; 372; 395; 501; 502; 560/561; 563; 564; 595,Some boarding or alighting values for this route (Line Number) at this stop are below 5 and have been suppressed to reinforce the confidential nature of the data. All values that do not meet the threshold (5) are shown as zero.,Fall 2019,0,19,0,13,0,10,149,294,98,255,76,170,,Fall 2019,Automated Passenger Counting (APC) and Automatic Vehicle Location systems,2019,57025-NB 203 ST AT FRASER HWY,49.105966,-122.659978,25884,89bf2f17-b297-45e1-97cf-42b614cb4947,-13654446.29,6292860.772
57026,EB LOGAN AVE AT 203A ST,Southeast,Langley City,563,53,320; 342; 364; 395; 501; 502; 531; 560/561; 562; 563; 564; 595,Some boarding or alighting values for this route (Line Number) at this stop are below 5 and have been suppressed to reinforce the confidential nature of the data. All values that do not meet the threshold (5) are shown as zero.,Fall 2019,0,10,0,6,0,5,53,327,19,136,22,171,,Fall 2019,Automated Passenger Counting (APC) and Automatic Vehicle Location systems,2019,57026-EB LOGAN AVE AT 203A ST,49.107721,-122.657685,25885,66aaa30c-b446-4f0c-94b2-76e8e19be0cc,-13654191.04,6293159.199
57080,SB 203 ST AT MICHAUD CRES,Southeast,Langley City,563,54,563; 564,Some boarding or alighting values for this route (Line Number) at this stop are below 5 and have been suppressed to reinforce the confidential nature of the data. All values that do not meet the threshold (5) are shown as zero.,Fall 2019,0,0,0,0,0,0,7,0,5,0,0,0,Some boarding or alighting values for this stop (all Lines at this stop) are below 5 and have been suppressed to reinforce the confidential nature of the data. All values that do not meet the threshold (5) are shown as zero.,Fall 2019,Automated Passenger Counting (APC) and Automatic Vehicle Location systems,2019,57080-SB 203 ST AT MICHAUD CRES,49.102377,-122.659804,25886,57c373e8-a9ab-4639-8faa-84b8647f60a0,-13654426.92,6292250.516
57081,SB 203 ST AT 54 AVE,Southeast,Langley City,563,56,563; 564,Some boarding or alighting values for this route (Line Number) at this stop are below 5 and have been suppressed to reinforce the confidential nature of the data. All values that do not meet the threshold (5) are shown as zero.,Fall 2019,0,0,0,0,0,0,10,0,6,0,5,0,Some boarding or alighting values for this stop (all Lines at this stop) are below 5 and have been suppressed to reinforce the confidential nature of the data. All values that do not meet the threshold (5) are shown as zero.,Fall 2019,Automated Passenger Counting (APC) and Automatic Vehicle Location systems,2019,57081-SB 203 ST AT 54 AVE,49.100069,-122.659892,25887,b611cbce-eff5-4316-a049-ce2fbf97df29,-13654436.72,6291858.099
57084,EB GRADE CRES AT 203 ST,Southeast,Langley City,563,1,563,Some boarding or alighting values for this route (Line Number) at this stop are below 5 and have been suppressed to reinforce the confidential nature of the data. All values that do not meet the threshold (5) are shown as zero.,Fall 2019,0,0,0,0,0,0,0,0,0,0,0,0,Some boarding or alighting values for this stop (all Lines at this stop) are below 5 and have been suppressed to reinforce the confidential nature of the data. All values that do not meet the threshold (5) are shown as zero.,Fall 2019,Automated Passenger Counting (APC) and Automatic Vehicle Location systems,2019,57084-EB GRADE CRES AT 203 ST,49.08954,-122.658805,25888,2da16f24-6e8d-4926-9121-c164efe69eb1,-13654315.71,6290068.138
57085,EB GRADE CRES AT 206 ST,Southeast,Langley City,563,3,563,Some boarding or alighting values for this route (Line Number) at this stop are below 5 and have been suppressed to reinforce the confidential nature of the data. All values that do not meet the threshold (5) are shown as zero.,Fall 2019,0,0,0,0,0,0,0,0,0,0,0,0,Some boarding or alighting values for this stop (all Lines at this stop) are below 5 and have been suppressed to reinforce the confidential nature of the data. All values that do not meet the threshold (5) are shown as zero.,Fall 2019,Automated Passenger Counting (APC) and Automatic Vehicle Location systems,2019,57085-EB GRADE CRES AT 206 ST,49.08807,-122.652263,25889,45d8b9d1-1927-48bd-87ca-7fe785bf580c,-13653587.46,6289818.264
57086,EB GRADE CRES AT 207B ST,Southeast,Langley City,563,5,563,Some boarding or alighting values for this route (Line Number) at this stop are below 5 and have been suppressed to reinforce the confidential nature of the data. All values that do not meet the threshold (5) are shown as zero.,Fall 2019,0,0,0,0,0,0,0,0,0,0,0,0,Some boarding or alighting values for this stop (all Lines at this stop) are below 5 and have been suppressed to reinforce the confidential nature of the data. All values that do not meet the threshold (5) are shown as zero.,Fall 2019,Automated Passenger Counting (APC) and Automatic Vehicle Location systems,2019,57086-EB GRADE CRES AT 207B ST,49.087703,-122.648218,25890,fb1f02e4-2131-433d-a835-4c31f58decb6,-13653137.17,6289755.882
57087,SB 208 ST AT 46A AVE,Southeast,Langley City,563,7,560/561; 563,Some boarding or alighting values for this route (Line Number) at this stop are below 5 and have been suppressed to reinforce the confidential nature of the data. All values that do not meet the threshold (5) are shown as zero.,Fall 2019,0,0,0,0,0,0,0,5,0,0,0,0,Some boarding or alighting values for this stop (all Lines at this stop) are below 5 and have been suppressed to reinforce the confidential nature of the data. All values that do not meet the threshold (5) are shown as zero.,Fall 2019,Automated Passenger Counting (APC) and Automatic Vehicle Location systems,2019,57087-SB 208 ST AT 46A AVE,49.086173,-122.647076,25891,05f6697e-5a9a-4a38-833f-3d207389bbfa,-13653010.05,6289495.818
57088,SB 208 ST AT 44 AVE,Southeast,Langley City,563,11,560/561; 563,Some boarding or alighting values for this route (Line Number) at this stop are below 5 and have been suppressed to reinforce the confidential nature of the data. All values that do not meet the threshold (5) are shown as zero.,Fall 2019,0,0,0,0,0,0,0,0,0,0,0,0,Some boarding or alighting values for this stop (all Lines at this stop) are below 5 and have been suppressed to reinforce the confidential nature of the data. All values that do not meet the threshold (5) are shown as zero.,Fall 2019,Automated Passenger Counting (APC) and Automatic Vehicle Location systems,2019,57088-SB 208 ST AT 44 AVE,49.082488,-122.647209,25892,670c8607-ec4d-4e16-a867-e6eabccd3ab8,-13653024.85,6288869.49
57089,SB 208 ST AT 42 AVE,Southeast,Langley Township,563,16,531; 563,Some boarding or alighting values for this route (Line Number) at this stop are below 5 and have been suppressed to reinforce the confidential nature of the data. All values that do not meet the threshold (5) are shown as zero.,Fall 2019,0,0,0,0,0,0,0,0,0,0,0,0,Some boarding or alighting values for this stop (all Lines at this stop) are below 5 and have been suppressed to reinforce the confidential nature of the data. All values that do not meet the threshold (5) are shown as zero.,Fall 2019,Automated Passenger Counting (APC) and Automatic Vehicle Location systems,2019,57089-SB 208 ST AT 42 AVE,49.077744,-122.647403,25893,93ef5dca-73d3-45bf-bc2a-4be5c605b24f,-13653046.45,6288063.234
57100,WB 53 AVE AT 203 ST,Southeast,Langley City,563,58,560/561; 563,Some boarding or alighting values for this route (Line Number) at this stop are below 5 and have been suppressed to reinforce the confidential nature of the data. All values that do not meet the threshold (5) are shown as zero.,Fall 2019,0,0,0,0,0,0,0,5,0,0,0,0,Some boarding or alighting values for this stop (all Lines at this stop) are below 5 and have been suppressed to reinforce the confidential nature of the data. All values that do not meet the threshold (5) are shown as zero.,Fall 2019,Automated Passenger Counting (APC) and Automatic Vehicle Location systems,2019,57100-WB 53 AVE AT 203 ST,49.098522,-122.660855,25894,69c3f4d0-8a5e-43ef-a515-5fa214e85684,-13654543.92,6291595.08
57101,WB 53 AVE AT 201A ST,Southeast,Langley City,563,60,560/561; 563,Some boarding or alighting values for this route (Line Number) at this stop are below 5 and have been suppressed to reinforce the confidential nature of the data. All values that do not meet the threshold (5) are shown as zero.,Fall 2019,0,0,0,0,0,0,0,0,0,0,0,0,Some boarding or alighting values for this stop (all Lines at this stop) are below 5 and have been suppressed to reinforce the confidential nature of the data. All values that do not meet the threshold (5) are shown as zero.,Fall 2019,Automated Passenger Counting (APC) and Automatic Vehicle Location systems,2019,57101-WB 53 AVE AT 201A ST,49.098527,-122.66383,25895,1eca8c3d-b470-4697-ad84-0bc6bdd83930,-13654875.09,6291595.93
57102,SB 200 ST AT 53 AVE,Southeast,Langley City,563,62,531; 563,Some boarding or alighting values for this route (Line Number) at this stop are below 5 and have been suppressed to reinforce the confidential nature of the data. All values that do not meet the threshold (5) are shown as zero.,Fall 2019,0,0,0,0,0,0,17,14,7,9,9,0,Some boarding or alighting values for this stop (all Lines at this stop) are below 5 and have been suppressed to reinforce the confidential nature of the data. All values that do not meet the threshold (5) are shown as zero.,Fall 2019,Automated Passenger Counting (APC) and Automatic Vehicle Location systems,2019,57102-SB 200 ST AT 53 AVE,49.098029,-122.668864,25896,f045b89a-e364-402d-be95-a598249940a4,-13655435.48,6291511.263
57103,SB 200 ST AT 50 AVE,Southeast,Langley City,563,64,531; 563,Some boarding or alighting values for this route (Line Number) at this stop are below 5 and have been suppressed to reinforce the confidential nature of the data. All values that do not meet the threshold (5) are shown as zero.,Fall 2019,0,0,0,0,0,0,7,21,8,13,0,12,Some boarding or alighting values for this stop (all Lines at this stop) are below 5 and have been suppressed to reinforce the confidential nature of the data. All values that do not meet the threshold (5) are shown as zero.,Fall 2019,Automated Passenger Counting (APC) and Automatic Vehicle Location systems,2019,57103-SB 200 ST AT 50 AVE,49.09309,-122.668736,25897,eba31065-cd39-4b66-ae97-3db336b842b0,-13655421.23,6290671.606
57109,EB 40 AVE AT 200A ST,Southeast,Langley Township,563,8,563,Some boarding or alighting values for this route (Line Number) at this stop are below 5 and have been suppressed to reinforce the confidential nature of the data. All values that do not meet the threshold (5) are shown as zero.,Fall 2019,0,0,0,0,0,0,0,0,0,0,0,0,Some boarding or alighting values for this stop (all Lines at this stop) are below 5 and have been suppressed to reinforce the confidential nature of the data. All values that do not meet the threshold (5) are shown as zero.,Fall 2019,Automated Passenger Counting (APC) and Automatic Vehicle Location systems,2019,57109-EB 40 AVE AT 200A ST,49.074633,-122.667761,25898,1201871c-553c-415c-9bb7-3ab82b67f703,-13655312.69,6287534.554
57110,EB 40 AVE AT 202 ST,Southeast,Langley Township,563,9,563,Some boarding or alighting values for this route (Line Number) at this stop are below 5 and have been suppressed to reinforce the confidential nature of the data. All values that do not meet the threshold (5) are shown as zero.,Fall 2019,0,0,0,0,0,0,0,0,0,0,0,0,Some boarding or alighting values for this stop (all Lines at this stop) are below 5 and have been suppressed to reinforce the confidential nature of the data. All values that do not meet the threshold (5) are shown as zero.,Fall 2019,Automated Passenger Counting (APC) and Automatic Vehicle Location systems,2019,57110-EB 40 AVE AT 202 ST,49.074627,-122.663582,25899,9a347cc8-ccd1-49bf-b108-32cf67b375b4,-13654847.49,6287533.534
57116,SB 200 ST AT 36 AVE,Southeast,Langley Township,563,37,531; 563,Some boarding or alighting values for this route (Line Number) at this stop are below 5 and have been suppressed to reinforce the confidential nature of the data. All values that do not meet the threshold (5) are shown as zero.,Fall 2019,0,0,0,0,0,0,5,14,0,9,0,8,Some boarding or alighting values for this stop (all Lines at this stop) are below 5 and have been suppressed to reinforce the confidential nature of the data. All values that do not meet the threshold (5) are shown as zero.,Fall 2019,Automated Passenger Counting (APC) and Automatic Vehicle Location systems,2019,57116-SB 200 ST AT 36 AVE,49.0671,-122.669636,25900,0653cb29-db94-408d-b5a9-a6fc1404f85b,-13655521.42,6286254.539
57117,SB 200 ST AT 33A AVE,Southeast,Langley Township,563,39,531; 563,Some boarding or alighting values for this route (Line Number) at this stop are below 5 and have been suppressed to reinforce the confidential nature of the data. All values that do not meet the threshold (5) are shown as zero.,Fall 2019,0,0,0,0,0,0,0,6,0,6,0,0,Some boarding or alighting values for this stop (all Lines at this stop) are below 5 and have been suppressed to reinforce the confidential nature of the data. All values that do not meet the threshold (5) are shown as zero.,Fall 2019,Automated Passenger Counting (APC) and Automatic Vehicle Location systems,2019,57117-SB 200 ST AT 33A AVE,49.062347,-122.669595,25901,6575204b-d5de-419f-98d8-2f929dfb2c77,-13655516.85,6285447.004
57118,SB 200 ST AT 32 AVE,Southeast,Langley Township,563,41,563,Some boarding or alighting values for this route (Line Number) at this stop are below 5 and have been suppressed to reinforce the confidential nature of the data. All values that do not meet the threshold (5) are shown as zero.,Fall 2019,0,0,0,0,0,0,0,0,0,0,0,0,Some boarding or alighting values for this stop (all Lines at this stop) are below 5 and have been suppressed to reinforce the confidential nature of the data. All values that do not meet the threshold (5) are shown as zero.,Fall 2019,Automated Passenger Counting (APC) and Automatic Vehicle Location systems,2019,57118-SB 200 ST AT 32 AVE,49.059803,-122.669643,25902,47bc0ca3-da71-4695-8097-15d02f38eb5a,-13655522.19,6285014.811
57119,SB 200 ST AT 30 AVE,Southeast,Langley Township,563,43,563,Some boarding or alighting values for this route (Line Number) at this stop are below 5 and have been suppressed to reinforce the confidential nature of the data. All values that do not meet the threshold (5) are shown as zero.,Fall 2019,0,0,0,0,0,0,0,0,0,0,0,0,Some boarding or alighting values for this stop (all Lines at this stop) are below 5 and have been suppressed to reinforce the confidential nature of the data. All values that do not meet the threshold (5) are shown as zero.,Fall 2019,Automated Passenger Counting (APC) and Automatic Vehicle Location systems,2019,57119-SB 200 ST AT 30 AVE,49.057061,-122.669574,25903,ef038676-20a5-4ded-817e-bac45237ff70,-13655514.51,6284549.004
57122,SB 198 ST AT 24 AVE,Southeast,Langley Township,563,12,563,Some boarding or alighting values for this route (Line Number) at this stop are below 5 and have been suppressed to reinforce the confidential nature of the data. All values that do not meet the threshold (5) are shown as zero.,Fall 2019,35,27,8,7,0,0,35,27,8,7,0,0,Some boarding or alighting values for this stop (all Lines at this stop) are below 5 and have been suppressed to reinforce the confidential nature of the data. All values that do not meet the threshold (5) are shown as zero.,Fall 2019,Automated Passenger Counting (APC) and Automatic Vehicle Location systems,2019,57122-SB 198 ST AT 24 AVE,49.044614,-122.674967,25904,f56c0f74-c61a-48ce-9e11-668e5ae224b3,-13656114.86,6282434.85
57123,EB 20 AVE AT 198 ST,Southeast,Langley Township,563,23,563,Some boarding or alighting values for this route (Line Number) at this stop are below 5 and have been suppressed to reinforce the confidential nature of the data. All values that do not meet the threshold (5) are shown as zero.,Fall 2019,0,0,0,0,0,0,0,0,0,0,0,0,Some boarding or alighting values for this stop (all Lines at this stop) are below 5 and have been suppressed to reinforce the confidential nature of the data. All values that do not meet the threshold (5) are shown as zero.,Fall 2019,Automated Passenger Counting (APC) and Automatic Vehicle Location systems,2019,57123-EB 20 AVE AT 198 ST,49.038377,-122.674192,25905,50b4b43b-5529-44a3-8f26-aee74da5a62a,-13656028.59,6281375.678
57124,NB 200 ST AT 20 AVE,Southeast,Langley Township,563,44,563,Some boarding or alighting values for this route (Line Number) at this stop are below 5 and have been suppressed to reinforce the confidential nature of the data. All values that do not meet the threshold (5) are shown as zero.,Fall 2019,0,0,0,0,0,0,0,0,0,0,0,0,Some boarding or alighting values for this stop (all Lines at this stop) are below 5 and have been suppressed to reinforce the confidential nature of the data. All values that do not meet the threshold (5) are shown as zero.,Fall 2019,Automated Passenger Counting (APC) and Automatic Vehicle Location systems,2019,57124-NB 200 ST AT 20 AVE,49.038784,-122.669252,25906,1bb5551f-f6f0-48e8-8905-f1f654b9df3e,-13655478.67,6281444.791
57125,NB 200 ST AT 24 AVE,Southeast,Langley Township,563,57,563,,Fall 2019,12,15,11,8,10,7,12,15,11,8,10,7,,Fall 2019,Automated Passenger Counting (APC) and Automatic Vehicle Location systems,2019,57125-NB 200 ST AT 24 AVE,49.046711,-122.669285,25907,626a7f2d-b217-4f7e-9507-64b189faf681,-13655482.34,6282790.993
57126,NB 200 ST AT 28 AVE,Southeast,Langley Township,563,59,563,Some boarding or alighting values for this route (Line Number) at this stop are below 5 and have been suppressed to reinforce the confidential nature of the data. All values that do not meet the threshold (5) are shown as zero.,Fall 2019,0,0,0,0,0,0,0,0,0,0,0,0,Some boarding or alighting values for this stop (all Lines at this stop) are below 5 and have been suppressed to reinforce the confidential nature of the data. All values that do not meet the threshold (5) are shown as zero.,Fall 2019,Automated Passenger Counting (APC) and Automatic Vehicle Location systems,2019,57126-NB 200 ST AT 28 AVE,49.053115,-122.66937,25908,08d4f693-c966-4c8e-b878-47138ac8f0a9,-13655491.8,6283878.708
57127,NB 200 ST AT 30 AVE,Southeast,Langley Township,563,61,563,Some boarding or alighting values for this route (Line Number) at this stop are below 5 and have been suppressed to reinforce the confidential nature of the data. All values that do not meet the threshold (5) are shown as zero.,Fall 2019,0,0,0,0,0,0,0,0,0,0,0,0,Some boarding or alighting values for this stop (all Lines at this stop) are below 5 and have been suppressed to reinforce the confidential nature of the data. All values that do not meet the threshold (5) are shown as zero.,Fall 2019,Automated Passenger Counting (APC) and Automatic Vehicle Location systems,2019,57127-NB 200 ST AT 30 AVE,49.057724,-122.669417,25909,0b0e8cd1-4af5-4cc0-9ed1-2e3fc58676a9,-13655497.04,6284661.631
57128,NB 200 ST AT 32 AVE,Southeast,Langley Township,563,63,531; 563,Some boarding or alighting values for this route (Line Number) at this stop are below 5 and have been suppressed to reinforce the confidential nature of the data. All values that do not meet the threshold (5) are shown as zero.,Fall 2019,0,0,0,0,0,0,18,9,15,8,13,5,,Fall 2019,Automated Passenger Counting (APC) and Automatic Vehicle Location systems,2019,57128-NB 200 ST AT 32 AVE,49.060741,-122.66942,25910,da24b2f5-3d85-4b54-b896-022d06da390f,-13655497.37,6285174.163
57129,NB 200 ST AT 33A AVE,Southeast,Langley Township,563,65,531; 563,Some boarding or alighting values for this route (Line Number) at this stop are below 5 and have been suppressed to reinforce the confidential nature of the data. All values that do not meet the threshold (5) are shown as zero.,Fall 2019,0,0,0,0,0,0,5,0,0,0,0,0,Some boarding or alighting values for this stop (all Lines at this stop) are below 5 and have been suppressed to reinforce the confidential nature of the data. All values that do not meet the threshold (5) are shown as zero.,Fall 2019,Automated Passenger Counting (APC) and Automatic Vehicle Location systems,2019,57129-NB 200 ST AT 33A AVE,49.063088,-122.669435,25911,3bdfe094-15e7-4e35-8b21-d15c0df25d63,-13655499.04,6285572.895
57188,LANGLEY CENTRE BAY 6,Southeast,Langley City,563,21,342; 372; 502; 560/561; 562; 563; 564,,Fall 2019,69,75,57,40,25,29,605,719,375,602,258,415,,Fall 2019,Automated Passenger Counting (APC) and Automatic Vehicle Location systems,2019,57188-LANGLEY CENTRE BAY 6,49.106538,-122.654955,25912,6560d7f2-0d5b-459d-9464-7be13b2db923,-13653887.13,6292958.036
58338,NB 200 ST AT 22 AVE,Southeast,Langley Township,563,55,563,Some boarding or alighting values for this route (Line Number) at this stop are below 5 and have been suppressed to reinforce the confidential nature of the data. All values that do not meet the threshold (5) are shown as zero.,Fall 2019,0,0,0,5,0,0,0,0,0,5,0,0,Some boarding or alighting values for this stop (all Lines at this stop) are below 5 and have been suppressed to reinforce the confidential nature of the data. All values that do not meet the threshold (5) are shown as zero.,Fall 2019,Automated Passenger Counting (APC) and Automatic Vehicle Location systems,2019,58338-NB 200 ST AT 22 AVE,49.042347,-122.669246,25913,f8a63169-3eb0-4c9a-aea6-6550e178d5f8,-13655478,6282049.851
58541,SB 208 ST AT 45A AVE,Southeast,Langley City,563,10,560/561; 563,Some boarding or alighting values for this route (Line Number) at this stop are below 5 and have been suppressed to reinforce the confidential nature of the data. All values that do not meet the threshold (5) are shown as zero.,Fall 2019,0,0,0,0,0,0,0,0,0,0,0,0,Some boarding or alighting values for this stop (all Lines at this stop) are below 5 and have been suppressed to reinforce the confidential nature of the data. All values that do not meet the threshold (5) are shown as zero.,Fall 2019,Automated Passenger Counting (APC) and Automatic Vehicle Location systems,2019,58541-SB 208 ST AT 45A AVE,49.08447,-122.64711,25914,831bf0ed-ddae-4931-b7f7-584055c809fd,-13653013.83,6289206.359
58542,SB 208 ST AT 42 AVE,Southeast,Langley Township,563,14,560/561; 563,Some boarding or alighting values for this route (Line Number) at this stop are below 5 and have been suppressed to reinforce the confidential nature of the data. All values that do not meet the threshold (5) are shown as zero.,Fall 2019,0,0,0,5,0,0,17,11,0,7,0,5,Some boarding or alighting values for this stop (all Lines at this stop) are below 5 and have been suppressed to reinforce the confidential nature of the data. All values that do not meet the threshold (5) are shown as zero.,Fall 2019,Automated Passenger Counting (APC) and Automatic Vehicle Location systems,2019,58542-SB 208 ST AT 42 AVE,49.078521,-122.64739,25915,fc8c7b39-a260-4bb4-90fe-5f589fda1877,-13653045,6288195.282
58549,NB 200 ST AT 36 AVE,Southeast,Langley Township,563,2,531; 560/561; 563,Some boarding or alighting values for this route (Line Number) at this stop are below 5 and have been suppressed to reinforce the confidential nature of the data. All values that do not meet the threshold (5) are shown as zero.,Fall 2019,0,0,0,0,0,0,16,7,9,0,11,5,Some boarding or alighting values for this stop (all Lines at this stop) are below 5 and have been suppressed to reinforce the confidential nature of the data. All values that do not meet the threshold (5) are shown as zero.,Fall 2019,Automated Passenger Counting (APC) and Automatic Vehicle Location systems,2019,58549-NB 200 ST AT 36 AVE,49.067865,-122.669371,25916,89f70a07-315c-4908-a4f2-38a0b9b917b6,-13655491.92,6286384.52
58550,NB 200 ST AT 38A AVE,Southeast,Langley Township,563,6,531; 560/561; 563,Some boarding or alighting values for this route (Line Number) at this stop are below 5 and have been suppressed to reinforce the confidential nature of the data. All values that do not meet the threshold (5) are shown as zero.,Fall 2019,0,0,0,0,0,0,8,0,9,0,7,0,Some boarding or alighting values for this stop (all Lines at this stop) are below 5 and have been suppressed to reinforce the confidential nature of the data. All values that do not meet the threshold (5) are shown as zero.,Fall 2019,Automated Passenger Counting (APC) and Automatic Vehicle Location systems,2019,58550-NB 200 ST AT 38A AVE,49.072157,-122.669458,25917,592f585b-ee12-4d67-966a-3bb361eb6d2c,-13655501.6,6287113.808
58558,WB GRADE CRES AT 203 ST,Southeast,Langley City,563,32,560/561; 563,Some boarding or alighting values for this route (Line Number) at this stop are below 5 and have been suppressed to reinforce the confidential nature of the data. All values that do not meet the threshold (5) are shown as zero.,Fall 2019,0,0,0,0,0,0,0,18,0,7,0,0,Some boarding or alighting values for this stop (all Lines at this stop) are below 5 and have been suppressed to reinforce the confidential nature of the data. All values that do not meet the threshold (5) are shown as zero.,Fall 2019,Automated Passenger Counting (APC) and Automatic Vehicle Location systems,2019,58558-WB GRADE CRES AT 203 ST,49.090089,-122.660288,25918,44bf5c29-abf3-4566-b6ea-ed56a9b77fe0,-13654480.8,6290161.46
58559,WB GRADE CRES AT 200 ST,Southeast,Langley City,563,34,560/561; 563,Some boarding or alighting values for this route (Line Number) at this stop are below 5 and have been suppressed to reinforce the confidential nature of the data. All values that do not meet the threshold (5) are shown as zero.,Fall 2019,0,0,0,0,0,0,5,6,0,0,0,0,Some boarding or alighting values for this stop (all Lines at this stop) are below 5 and have been suppressed to reinforce the confidential nature of the data. All values that do not meet the threshold (5) are shown as zero.,Fall 2019,Automated Passenger Counting (APC) and Automatic Vehicle Location systems,2019,58559-WB GRADE CRES AT 200 ST,49.09207,-122.667275,25919,472129a3-ba44-4b37-99e4-f138d390eaa8,-13655258.59,6290498.211
58561,SB 200 ST AT 38A AVE,Southeast,Langley Township,563,33,531; 560/561; 563,Some boarding or alighting values for this route (Line Number) at this stop are below 5 and have been suppressed to reinforce the confidential nature of the data. All values that do not meet the threshold (5) are shown as zero.,Fall 2019,0,0,0,0,0,0,5,14,0,11,0,9,Some boarding or alighting values for this stop (all Lines at this stop) are below 5 and have been suppressed to reinforce the confidential nature of the data. All values that do not meet the threshold (5) are shown as zero.,Fall 2019,Automated Passenger Counting (APC) and Automatic Vehicle Location systems,2019,58561-SB 200 ST AT 38A AVE,49.072159,-122.669651,25920,73aae14a-ff16-4f49-903b-f6643626a03b,-13655523.09,6287114.148
58644,EB 40 AVE AT 204 ST,Southeast,Langley Township,563,13,563,Some boarding or alighting values for this route (Line Number) at this stop are below 5 and have been suppressed to reinforce the confidential nature of the data. All values that do not meet the threshold (5) are shown as zero.,Fall 2019,8,0,0,0,0,0,8,0,0,0,0,0,Some boarding or alighting values for this stop (all Lines at this stop) are below 5 and have been suppressed to reinforce the confidential nature of the data. All values that do not meet the threshold (5) are shown as zero.,Fall 2019,Automated Passenger Counting (APC) and Automatic Vehicle Location systems,2019,58644-EB 40 AVE AT 204 ST,49.074619,-122.658126,25921,28b47630-e5da-41db-8df0-959abfeeb46d,-13654240.13,6287532.175
58645,EB 40 AVE AT 206A ST,Southeast,Langley Township,563,15,563,Some boarding or alighting values for this route (Line Number) at this stop are below 5 and have been suppressed to reinforce the confidential nature of the data. All values that do not meet the threshold (5) are shown as zero.,Fall 2019,9,0,0,0,0,0,9,0,0,0,0,0,Some boarding or alighting values for this stop (all Lines at this stop) are below 5 and have been suppressed to reinforce the confidential nature of the data. All values that do not meet the threshold (5) are shown as zero.,Fall 2019,Automated Passenger Counting (APC) and Automatic Vehicle Location systems,2019,58645-EB 40 AVE AT 206A ST,49.074549,-122.652729,25922,ede9192b-1d6b-4140-b985-759bd9b694c1,-13653639.34,6287520.279
58646,NB 208 ST AT 40 AVE,Southeast,Langley Township,563,18,563,Some boarding or alighting values for this route (Line Number) at this stop are below 5 and have been suppressed to reinforce the confidential nature of the data. All values that do not meet the threshold (5) are shown as zero.,Fall 2019,25,0,12,0,7,0,25,0,12,0,7,0,Some boarding or alighting values for this stop (all Lines at this stop) are below 5 and have been suppressed to reinforce the confidential nature of the data. All values that do not meet the threshold (5) are shown as zero.,Fall 2019,Automated Passenger Counting (APC) and Automatic Vehicle Location systems,2019,58646-NB 208 ST AT 40 AVE,49.075012,-122.647367,25923,70501c57-f5bc-4a5a-80af-ae2426b9953d,-13653042.44,6287598.959
58716,NB 200 ST AT 37 AVE,Southeast,Langley Township,563,4,531; 560/561; 563,Some boarding or alighting values for this route (Line Number) at this stop are below 5 and have been suppressed to reinforce the confidential nature of the data. All values that do not meet the threshold (5) are shown as zero.,Fall 2019,0,0,0,0,0,0,0,0,0,0,0,0,Some boarding or alighting values for this stop (all Lines at this stop) are below 5 and have been suppressed to reinforce the confidential nature of the data. All values that do not meet the threshold (5) are shown as zero.,Fall 2019,Automated Passenger Counting (APC) and Automatic Vehicle Location systems,2019,58716-NB 200 ST AT 37 AVE,49.069523,-122.669414,25924,4b80ae41-3f67-4c52-9710-45ebda674d2e,-13655496.7,6286666.236
58717,SB 200 ST AT 37A AVE,Southeast,Langley Township,563,35,531; 560/561; 563,Some boarding or alighting values for this route (Line Number) at this stop are below 5 and have been suppressed to reinforce the confidential nature of the data. All values that do not meet the threshold (5) are shown as zero.,Fall 2019,0,0,0,0,0,0,0,5,0,0,0,0,Some boarding or alighting values for this stop (all Lines at this stop) are below 5 and have been suppressed to reinforce the confidential nature of the data. All values that do not meet the threshold (5) are shown as zero.,Fall 2019,Automated Passenger Counting (APC) and Automatic Vehicle Location systems,2019,58717-SB 200 ST AT 37A AVE,49.069776,-122.669636,25925,1e01ce47-9b85-4e5d-8637-f024cc0ddce9,-13655521.42,6286709.225
58733,NB 203 ST AT 56 AVE,Southeast,Langley City,563,50,320; 342; 560/561; 563; 564,Some boarding or alighting values for this route (Line Number) at this stop are below 5 and have been suppressed to reinforce the confidential nature of the data. All values that do not meet the threshold (5) are shown as zero.,Fall 2019,0,13,0,8,0,0,8,122,0,74,0,64,Some boarding or alighting values for this stop (all Lines at this stop) are below 5 and have been suppressed to reinforce the confidential nature of the data. All values that do not meet the threshold (5) are shown as zero.,Fall 2019,Automated Passenger Counting (APC) and Automatic Vehicle Location systems,2019,58733-NB 203 ST AT 56 AVE,49.104589,-122.660102,25926,41b02004-b259-4ced-a33c-8f06a8f79016,-13654460.1,6292626.628
59986,WB 28 AVE AT 200 ST,Southeast,Langley Township,563,47,563,Some boarding or alighting values for this route (Line Number) at this stop are below 5 and have been suppressed to reinforce the confidential nature of the data. All values that do not meet the threshold (5) are shown as zero.,Fall 2019,0,0,0,0,0,0,0,0,0,0,0,0,Some boarding or alighting values for this stop (all Lines at this stop) are below 5 and have been suppressed to reinforce the confidential nature of the data. All values that do not meet the threshold (5) are shown as zero.,Fall 2019,Automated Passenger Counting (APC) and Automatic Vehicle Location systems,2019,59986-WB 28 AVE AT 200 ST,49.052926,-122.670019,25927,9320a897-5102-43fb-b3e9-ba02089c7767,-13655564.05,6283846.605
59987,WB 28 AVE AT 197A ST,Southeast,Langley Township,563,49,563,Some boarding or alighting values for this route (Line Number) at this stop are below 5 and have been suppressed to reinforce the confidential nature of the data. All values that do not meet the threshold (5) are shown as zero.,Fall 2019,0,0,0,0,0,0,0,0,0,0,0,0,Some boarding or alighting values for this stop (all Lines at this stop) are below 5 and have been suppressed to reinforce the confidential nature of the data. All values that do not meet the threshold (5) are shown as zero.,Fall 2019,Automated Passenger Counting (APC) and Automatic Vehicle Location systems,2019,59987-WB 28 AVE AT 197A ST,49.052921,-122.677559,25928,9d71c480-8832-46df-a360-9a81d34acfb9,-13656403.4,6283845.756
59988,EB 24 AVE AT 196 ST,Southeast,Langley Township,563,51,563,Some boarding or alighting values for this route (Line Number) at this stop are below 5 and have been suppressed to reinforce the confidential nature of the data. All values that do not meet the threshold (5) are shown as zero.,Fall 2019,0,7,0,0,0,0,0,7,0,0,0,0,Some boarding or alighting values for this stop (all Lines at this stop) are below 5 and have been suppressed to reinforce the confidential nature of the data. All values that do not meet the threshold (5) are shown as zero.,Fall 2019,Automated Passenger Counting (APC) and Automatic Vehicle Location systems,2019,59988-EB 24 AVE AT 196 ST,49.045605,-122.679872,25929,af4a3968-ba28-404d-ba42-245d3b2f8caa,-13656660.88,6282603.154
60864,SB 203 ST AT 56 AVE,Southeast,Langley City,563,45,560/561; 563; 564,Some boarding or alighting values for this route (Line Number) at this stop are below 5 and have been suppressed to reinforce the confidential nature of the data. All values that do not meet the threshold (5) are shown as zero.,Fall 2019,8,0,8,0,0,0,20,0,17,0,12,0,Some boarding or alighting values for this stop (all Lines at this stop) are below 5 and have been suppressed to reinforce the confidential nature of the data. All values that do not meet the threshold (5) are shown as zero.,Fall 2019,Automated Passenger Counting (APC) and Automatic Vehicle Location systems,2019,60864-SB 203 ST AT 56 AVE,49.103695,-122.660498,25930,6bd756b7-910c-42d1-b852-47cc9b3c019e,-13654504.18,6292474.617
55283,SB 197 ST AT 64 AVE,Southeast,Langley Township,564,49,370; 531; 564,Some boarding or alighting values for this route (Line Number) at this stop are below 5 and have been suppressed to reinforce the confidential nature of the data. All values that do not meet the threshold (5) are shown as zero.,Fall 2019,0,0,0,0,0,0,0,23,0,9,0,10,Some boarding or alighting values for this stop (all Lines at this stop) are below 5 and have been suppressed to reinforce the confidential nature of the data. All values that do not meet the threshold (5) are shown as zero.,Fall 2019,Automated Passenger Counting (APC) and Automatic Vehicle Location systems,2019,55283-SB 197 ST AT 64 AVE,49.11866,-122.677124,25931,dc3e7e2b-895e-44d1-b2c2-9ded50a06746,-13656354.98,6295019.55
55284,WB WILLOWBROOK DR AT 197 ST,Southeast,Langley Township,564,51,501; 564,Some boarding or alighting values for this route (Line Number) at this stop are below 5 and have been suppressed to reinforce the confidential nature of the data. All values that do not meet the threshold (5) are shown as zero.,Fall 2019,0,6,0,0,0,0,12,40,10,24,6,16,,Fall 2019,Automated Passenger Counting (APC) and Automatic Vehicle Location systems,2019,55284-WB WILLOWBROOK DR AT 197 ST,49.116898,-122.677645,25932,2309a001-9ea8-4fbf-878c-c2170926bb12,-13656412.97,6294719.866
55292,EB 53 AVE AT 203 ST,Southeast,Langley City,564,58,564,Some boarding or alighting values for this route (Line Number) at this stop are below 5 and have been suppressed to reinforce the confidential nature of the data. All values that do not meet the threshold (5) are shown as zero.,Fall 2019,7,0,0,0,0,0,7,0,0,0,0,0,Some boarding or alighting values for this stop (all Lines at this stop) are below 5 and have been suppressed to reinforce the confidential nature of the data. All values that do not meet the threshold (5) are shown as zero.,Fall 2019,Automated Passenger Counting (APC) and Automatic Vehicle Location systems,2019,55292-EB 53 AVE AT 203 ST,49.098401,-122.658986,25933,0430c810-90d0-4229-a6f8-756008656f59,-13654335.86,6291574.508
55293,EB 53 AVE AT 204 ST,Southeast,Langley City,564,60,560/561; 564,Some boarding or alighting values for this route (Line Number) at this stop are below 5 and have been suppressed to reinforce the confidential nature of the data. All values that do not meet the threshold (5) are shown as zero.,Fall 2019,0,0,0,0,0,0,8,0,8,0,0,0,Some boarding or alighting values for this stop (all Lines at this stop) are below 5 and have been suppressed to reinforce the confidential nature of the data. All values that do not meet the threshold (5) are shown as zero.,Fall 2019,Automated Passenger Counting (APC) and Automatic Vehicle Location systems,2019,55293-EB 53 AVE AT 204 ST,49.098415,-122.656018,25934,b455dda1-d4f3-4381-8688-0f513d115e62,-13654005.47,6291576.889
55297,WB 56 AVE AT LANGLEY BYPASS,Southeast,Langley City,564,25,503; 564,Some boarding or alighting values for this route (Line Number) at this stop are below 5 and have been suppressed to reinforce the confidential nature of the data. All values that do not meet the threshold (5) are shown as zero.,Fall 2019,0,5,0,0,0,0,22,23,15,11,10,7,,Fall 2019,Automated Passenger Counting (APC) and Automatic Vehicle Location systems,2019,55297-WB 56 AVE AT LANGLEY BYPASS,49.104714,-122.644327,25935,8c6da739-03f4-4439-84e3-17fa6dc37307,-13652704.03,6292647.883
55301,EB 56 AVE AT 208 ST,Southeast,Langley City,564,7,503; 564,Some boarding or alighting values for this route (Line Number) at this stop are below 5 and have been suppressed to reinforce the confidential nature of the data. All values that do not meet the threshold (5) are shown as zero.,Fall 2019,6,0,0,0,0,0,23,28,13,20,9,17,,Fall 2019,Automated Passenger Counting (APC) and Automatic Vehicle Location systems,2019,55301-EB 56 AVE AT 208 ST,49.104594,-122.646118,25936,23c402bc-f2de-43dc-b078-d28243124c07,-13652903.4,6292627.478
55305,WB 53 AVE AT 53A AVE,Southeast,Langley City,564,37,560/561; 564,Some boarding or alighting values for this route (Line Number) at this stop are below 5 and have been suppressed to reinforce the confidential nature of the data. All values that do not meet the threshold (5) are shown as zero.,Fall 2019,0,0,0,0,0,0,0,0,0,0,0,0,Some boarding or alighting values for this stop (all Lines at this stop) are below 5 and have been suppressed to reinforce the confidential nature of the data. All values that do not meet the threshold (5) are shown as zero.,Fall 2019,Automated Passenger Counting (APC) and Automatic Vehicle Location systems,2019,55305-WB 53 AVE AT 53A AVE,49.098569,-122.654792,25937,85843500-2bfc-4f95-bcd8-24d890cda65b,-13653868.99,6291603.071
55306,WB 53 AVE AT 204 ST,Southeast,Langley City,564,39,564,Some boarding or alighting values for this route (Line Number) at this stop are below 5 and have been suppressed to reinforce the confidential nature of the data. All values that do not meet the threshold (5) are shown as zero.,Fall 2019,0,5,0,0,0,0,0,5,0,0,0,0,Some boarding or alighting values for this stop (all Lines at this stop) are below 5 and have been suppressed to reinforce the confidential nature of the data. All values that do not meet the threshold (5) are shown as zero.,Fall 2019,Automated Passenger Counting (APC) and Automatic Vehicle Location systems,2019,55306-WB 53 AVE AT 204 ST,49.098541,-122.658183,25938,cc9f5c05-058e-4af7-9171-af226e69d520,-13654246.47,6291598.311
55307,NB 203 ST AT 53 AVE,Southeast,Langley City,564,41,563; 564,Some boarding or alighting values for this route (Line Number) at this stop are below 5 and have been suppressed to reinforce the confidential nature of the data. All values that do not meet the threshold (5) are shown as zero.,Fall 2019,0,0,0,0,0,0,6,8,0,0,0,0,Some boarding or alighting values for this stop (all Lines at this stop) are below 5 and have been suppressed to reinforce the confidential nature of the data. All values that do not meet the threshold (5) are shown as zero.,Fall 2019,Automated Passenger Counting (APC) and Automatic Vehicle Location systems,2019,55307-NB 203 ST AT 53 AVE,49.099272,-122.659695,25939,cd726700-6511-4a93-8cca-152f9f0098e6,-13654414.79,6291722.593
55308,NB 203 ST AT 54 AVE,Southeast,Langley City,564,43,563; 564,Some boarding or alighting values for this route (Line Number) at this stop are below 5 and have been suppressed to reinforce the confidential nature of the data. All values that do not meet the threshold (5) are shown as zero.,Fall 2019,0,5,0,0,0,0,6,5,0,6,0,0,Some boarding or alighting values for this stop (all Lines at this stop) are below 5 and have been suppressed to reinforce the confidential nature of the data. All values that do not meet the threshold (5) are shown as zero.,Fall 2019,Automated Passenger Counting (APC) and Automatic Vehicle Location systems,2019,55308-NB 203 ST AT 54 AVE,49.10085,-122.659636,25940,0fff12e7-990c-492f-9cfc-44ab6dc51bb6,-13654408.22,6291990.886
55309,NB 203 ST AT MICHAUD CRES,Southeast,Langley City,564,47,563; 564,Some boarding or alighting values for this route (Line Number) at this stop are below 5 and have been suppressed to reinforce the confidential nature of the data. All values that do not meet the threshold (5) are shown as zero.,Fall 2019,0,0,0,5,0,0,0,14,0,13,0,11,Some boarding or alighting values for this stop (all Lines at this stop) are below 5 and have been suppressed to reinforce the confidential nature of the data. All values that do not meet the threshold (5) are shown as zero.,Fall 2019,Automated Passenger Counting (APC) and Automatic Vehicle Location systems,2019,55309-NB 203 ST AT MICHAUD CRES,49.103104,-122.659591,25941,51b3e048-000b-4d2e-ac0a-8bbe20fed4c3,-13654403.21,6292374.128
55327,NB 197 ST AT WILLOWBROOK DR,Southeast,Langley Township,564,23,564,Some boarding or alighting values for this route (Line Number) at this stop are below 5 and have been suppressed to reinforce the confidential nature of the data. All values that do not meet the threshold (5) are shown as zero.,Fall 2019,0,0,0,0,0,0,0,0,0,0,0,0,Some boarding or alighting values for this stop (all Lines at this stop) are below 5 and have been suppressed to reinforce the confidential nature of the data. All values that do not meet the threshold (5) are shown as zero.,Fall 2019,Automated Passenger Counting (APC) and Automatic Vehicle Location systems,2019,55327-NB 197 ST AT WILLOWBROOK DR,49.117257,-122.67695,25942,ee98bac0-d370-47a3-b1bc-9b62763bc975,-13656335.61,6294780.925
56411,EB 64 AVE AT 197 ST,Southeast,Langley Township,564,45,364; 395; 564,Some boarding or alighting values for this route (Line Number) at this stop are below 5 and have been suppressed to reinforce the confidential nature of the data. All values that do not meet the threshold (5) are shown as zero.,Fall 2019,0,0,0,0,0,0,6,28,0,19,5,19,Some boarding or alighting values for this stop (all Lines at this stop) are below 5 and have been suppressed to reinforce the confidential nature of the data. All values that do not meet the threshold (5) are shown as zero.,Fall 2019,Automated Passenger Counting (APC) and Automatic Vehicle Location systems,2019,56411-EB 64 AVE AT 197 ST,49.11897,-122.676339,25943,d0dfbbec-1a21-4f89-8f19-8f7118a9ff06,-13656267.59,6295072.276
56412,EB 64 AVE AT 198 ST,Southeast,Langley Township,564,54,364; 395; 531; 564,Some boarding or alighting values for this route (Line Number) at this stop are below 5 and have been suppressed to reinforce the confidential nature of the data. All values that do not meet the threshold (5) are shown as zero.,Fall 2019,5,0,0,0,0,0,28,61,19,49,18,42,,Fall 2019,Automated Passenger Counting (APC) and Automatic Vehicle Location systems,2019,56412-EB 64 AVE AT 198 ST,49.118956,-122.673949,25944,56fdcf86-81eb-4d60-ace3-122e3fc90533,-13656001.54,6295069.895
56413,EB 64 AVE AT 19900 BLOCK,Southeast,Langley Township,564,56,364; 395; 531; 564,Some boarding or alighting values for this route (Line Number) at this stop are below 5 and have been suppressed to reinforce the confidential nature of the data. All values that do not meet the threshold (5) are shown as zero.,Fall 2019,0,0,0,0,0,0,15,39,16,37,9,27,,Fall 2019,Automated Passenger Counting (APC) and Automatic Vehicle Location systems,2019,56413-EB 64 AVE AT 19900 BLOCK,49.118937,-122.671591,25945,5985861e-2822-44e9-a3a4-40ca0b63ba7c,-13655739.05,6295066.664
56414,WB 64 AVE AT 200 ST,Southeast,Langley Township,564,44,364; 395; 531; 564,Some boarding or alighting values for this route (Line Number) at this stop are below 5 and have been suppressed to reinforce the confidential nature of the data. All values that do not meet the threshold (5) are shown as zero.,Fall 2019,0,0,0,0,0,0,102,31,69,27,52,19,,Fall 2019,Automated Passenger Counting (APC) and Automatic Vehicle Location systems,2019,56414-WB 64 AVE AT 200 ST,49.119091,-122.669668,25946,913e54d6-2834-4121-af0f-4fd76d6d6c1b,-13655524.98,6295092.857
56415,WB 64 AVE AT 198 ST,Southeast,Langley Township,564,48,364; 395; 531; 564,Some boarding or alighting values for this route (Line Number) at this stop are below 5 and have been suppressed to reinforce the confidential nature of the data. All values that do not meet the threshold (5) are shown as zero.,Fall 2019,0,6,0,0,0,0,63,34,48,24,47,18,,Fall 2019,Automated Passenger Counting (APC) and Automatic Vehicle Location systems,2019,56415-WB 64 AVE AT 198 ST,49.119098,-122.674101,25947,8a2e9000-ee52-4b7e-972f-83a6389c3237,-13656018.46,6295094.047
57024,WB DOUGLAS CRES AT 204 ST,Southeast,Langley City,564,24,320; 342; 531; 560/561; 563; 564,Some boarding or alighting values for this route (Line Number) at this stop are below 5 and have been suppressed to reinforce the confidential nature of the data. All values that do not meet the threshold (5) are shown as zero.,Fall 2019,7,0,5,0,0,0,159,25,96,23,89,11,,Fall 2019,Automated Passenger Counting (APC) and Automatic Vehicle Location systems,2019,57024-WB DOUGLAS CRES AT 204 ST,49.103635,-122.657813,25948,659f2c16-e6f7-4bc1-b1f1-d4b8015efb34,-13654205.29,6292464.415
57025,NB 203 ST AT FRASER HWY,Southeast,Langley City,564,52,320; 342; 364; 372; 395; 501; 502; 560/561; 563; 564; 595,Some boarding or alighting values for this route (Line Number) at this stop are below 5 and have been suppressed to reinforce the confidential nature of the data. All values that do not meet the threshold (5) are shown as zero.,Fall 2019,0,0,0,0,0,0,149,294,98,255,76,170,,Fall 2019,Automated Passenger Counting (APC) and Automatic Vehicle Location systems,2019,57025-NB 203 ST AT FRASER HWY,49.105966,-122.659978,25949,c6b7a0d3-3834-49b8-9e9d-6edc491275d1,-13654446.29,6292860.772
57026,EB LOGAN AVE AT 203A ST,Southeast,Langley City,564,53,320; 342; 364; 395; 501; 502; 531; 560/561; 562; 563; 564; 595,Some boarding or alighting values for this route (Line Number) at this stop are below 5 and have been suppressed to reinforce the confidential nature of the data. All values that do not meet the threshold (5) are shown as zero.,Fall 2019,0,0,0,0,0,0,53,327,19,136,22,171,,Fall 2019,Automated Passenger Counting (APC) and Automatic Vehicle Location systems,2019,57026-EB LOGAN AVE AT 203A ST,49.107721,-122.657685,25950,d1f668d7-a3c7-4798-9f69-26f8bc9fa4ba,-13654191.04,6293159.199
57080,SB 203 ST AT MICHAUD CRES,Southeast,Langley City,564,55,563; 564,Some boarding or alighting values for this route (Line Number) at this stop are below 5 and have been suppressed to reinforce the confidential nature of the data. All values that do not meet the threshold (5) are shown as zero.,Fall 2019,0,0,0,0,0,0,7,0,5,0,0,0,Some boarding or alighting values for this stop (all Lines at this stop) are below 5 and have been suppressed to reinforce the confidential nature of the data. All values that do not meet the threshold (5) are shown as zero.,Fall 2019,Automated Passenger Counting (APC) and Automatic Vehicle Location systems,2019,57080-SB 203 ST AT MICHAUD CRES,49.102377,-122.659804,25951,64ef522d-c600-4d2d-a61f-f45e251046f9,-13654426.92,6292250.516
57081,SB 203 ST AT 54 AVE,Southeast,Langley City,564,57,563; 564,Some boarding or alighting values for this route (Line Number) at this stop are below 5 and have been suppressed to reinforce the confidential nature of the data. All values that do not meet the threshold (5) are shown as zero.,Fall 2019,6,0,5,0,0,0,10,0,6,0,5,0,Some boarding or alighting values for this stop (all Lines at this stop) are below 5 and have been suppressed to reinforce the confidential nature of the data. All values that do not meet the threshold (5) are shown as zero.,Fall 2019,Automated Passenger Counting (APC) and Automatic Vehicle Location systems,2019,57081-SB 203 ST AT 54 AVE,49.100069,-122.659892,25952,699a4880-ea0b-40a6-a1f7-fb7be1264b8d,-13654436.72,6291858.099
57188,LANGLEY CENTRE BAY 6,Southeast,Langley City,564,15,342; 372; 502; 560/561; 562; 563; 564,,Fall 2019,27,24,16,18,18,16,605,719,375,602,258,415,,Fall 2019,Automated Passenger Counting (APC) and Automatic Vehicle Location systems,2019,57188-LANGLEY CENTRE BAY 6,49.106538,-122.654955,25953,cb1f421f-efeb-454a-a4d2-68f2dd7701ad,-13653887.13,6292958.036
58733,NB 203 ST AT 56 AVE,Southeast,Langley City,564,50,320; 342; 560/561; 563; 564,Some boarding or alighting values for this route (Line Number) at this stop are below 5 and have been suppressed to reinforce the confidential nature of the data. All values that do not meet the threshold (5) are shown as zero.,Fall 2019,0,0,0,0,0,0,8,122,0,74,0,64,Some boarding or alighting values for this stop (all Lines at this stop) are below 5 and have been suppressed to reinforce the confidential nature of the data. All values that do not meet the threshold (5) are shown as zero.,Fall 2019,Automated Passenger Counting (APC) and Automatic Vehicle Location systems,2019,58733-NB 203 ST AT 56 AVE,49.104589,-122.660102,25954,8e20a67d-f8a3-497c-8f44-2217a008c01f,-13654460.1,6292626.628
58908,WB 64 AVE AT 201 ST,Southeast,Langley Township,564,42,364; 395; 531; 564,Some boarding or alighting values for this route (Line Number) at this stop are below 5 and have been suppressed to reinforce the confidential nature of the data. All values that do not meet the threshold (5) are shown as zero.,Fall 2019,0,0,0,0,0,0,18,31,15,22,13,10,,Fall 2019,Automated Passenger Counting (APC) and Automatic Vehicle Location systems,2019,58908-WB 64 AVE AT 201 ST,49.119074,-122.666228,25955,a8667503-b80f-40d9-803d-4762a5673896,-13655142.04,6295089.965
58909,EB 64 AVE AT 200 ST,Southeast,Langley Township,564,59,364; 395; 531; 564,Some boarding or alighting values for this route (Line Number) at this stop are below 5 and have been suppressed to reinforce the confidential nature of the data. All values that do not meet the threshold (5) are shown as zero.,Fall 2019,5,0,0,0,0,0,51,111,35,84,22,54,,Fall 2019,Automated Passenger Counting (APC) and Automatic Vehicle Location systems,2019,58909-EB 64 AVE AT 200 ST,49.11889,-122.66738,25956,377fc605-6fa5-4ed9-a455-e6e3ec744c1e,-13655270.28,6295058.67
58910,NB 53A AVE AT 51B AVE,Southeast,Langley City,564,62,564,Some boarding or alighting values for this route (Line Number) at this stop are below 5 and have been suppressed to reinforce the confidential nature of the data. All values that do not meet the threshold (5) are shown as zero.,Fall 2019,0,0,0,0,0,0,0,0,0,0,0,0,Some boarding or alighting values for this stop (all Lines at this stop) are below 5 and have been suppressed to reinforce the confidential nature of the data. All values that do not meet the threshold (5) are shown as zero.,Fall 2019,Automated Passenger Counting (APC) and Automatic Vehicle Location systems,2019,58910-NB 53A AVE AT 51B AVE,49.098717,-122.65313,25957,24790c4f-69b1-4ab2-a780-3b3c2c06d78a,-13653683.98,6291628.233
58911,SB 53A AVE AT 205 ST,Southeast,Langley City,564,35,564,Some boarding or alighting values for this route (Line Number) at this stop are below 5 and have been suppressed to reinforce the confidential nature of the data. All values that do not meet the threshold (5) are shown as zero.,Fall 2019,0,0,0,0,0,0,0,0,0,0,0,0,Some boarding or alighting values for this stop (all Lines at this stop) are below 5 and have been suppressed to reinforce the confidential nature of the data. All values that do not meet the threshold (5) are shown as zero.,Fall 2019,Automated Passenger Counting (APC) and Automatic Vehicle Location systems,2019,58911-SB 53A AVE AT 205 ST,49.099273,-122.652663,25958,a920e014-4fc0-4987-8126-3143471eb34e,-13653631.99,6291722.763
58912,NB 206 ST AT 5400 BLOCK,Southeast,Langley City,564,64,564,Some boarding or alighting values for this route (Line Number) at this stop are below 5 and have been suppressed to reinforce the confidential nature of the data. All values that do not meet the threshold (5) are shown as zero.,Fall 2019,0,0,0,0,0,0,0,0,0,0,0,0,Some boarding or alighting values for this stop (all Lines at this stop) are below 5 and have been suppressed to reinforce the confidential nature of the data. All values that do not meet the threshold (5) are shown as zero.,Fall 2019,Automated Passenger Counting (APC) and Automatic Vehicle Location systems,2019,58912-NB 206 ST AT 5400 BLOCK,49.101561,-122.651668,25959,a0dd047a-841e-4ecd-9062-2fd67f0a29a8,-13653521.23,6292111.774
58913,SB 206 ST AT DOUGLAS CRES,Southeast,Langley City,564,33,564,Some boarding or alighting values for this route (Line Number) at this stop are below 5 and have been suppressed to reinforce the confidential nature of the data. All values that do not meet the threshold (5) are shown as zero.,Fall 2019,0,7,0,0,0,6,0,7,0,0,0,6,Some boarding or alighting values for this stop (all Lines at this stop) are below 5 and have been suppressed to reinforce the confidential nature of the data. All values that do not meet the threshold (5) are shown as zero.,Fall 2019,Automated Passenger Counting (APC) and Automatic Vehicle Location systems,2019,58913-SB 206 ST AT DOUGLAS CRES,49.102224,-122.651894,25960,e9a25e6c-55ca-4a05-bd30-50e904feff6f,-13653546.38,6292224.502
58914,EB DOUGLAS CRES AT 206 ST,Southeast,Langley City,564,1,564,Some boarding or alighting values for this route (Line Number) at this stop are below 5 and have been suppressed to reinforce the confidential nature of the data. All values that do not meet the threshold (5) are shown as zero.,Fall 2019,0,0,0,0,0,0,0,0,0,0,0,0,Some boarding or alighting values for this stop (all Lines at this stop) are below 5 and have been suppressed to reinforce the confidential nature of the data. All values that do not meet the threshold (5) are shown as zero.,Fall 2019,Automated Passenger Counting (APC) and Automatic Vehicle Location systems,2019,58914-EB DOUGLAS CRES AT 206 ST,49.102473,-122.651294,25961,2e1b903a-b905-4d5c-be0f-c1358f31f430,-13653479.59,6292266.839
58915,WB DOUGLAS CRES AT 207 ST,Southeast,Langley City,564,31,564,Some boarding or alighting values for this route (Line Number) at this stop are below 5 and have been suppressed to reinforce the confidential nature of the data. All values that do not meet the threshold (5) are shown as zero.,Fall 2019,0,0,0,0,0,0,0,0,0,0,0,0,Some boarding or alighting values for this stop (all Lines at this stop) are below 5 and have been suppressed to reinforce the confidential nature of the data. All values that do not meet the threshold (5) are shown as zero.,Fall 2019,Automated Passenger Counting (APC) and Automatic Vehicle Location systems,2019,58915-WB DOUGLAS CRES AT 207 ST,49.102176,-122.649449,25962,58d974d8-5bfc-4f73-bf26-dbafa5dea873,-13653274.21,6292216.34
58917,SB 208 ST AT FRASER HWY,Southeast,Langley City,564,29,564,Some boarding or alighting values for this route (Line Number) at this stop are below 5 and have been suppressed to reinforce the confidential nature of the data. All values that do not meet the threshold (5) are shown as zero.,Fall 2019,0,0,0,0,0,0,0,0,0,0,0,0,Some boarding or alighting values for this stop (all Lines at this stop) are below 5 and have been suppressed to reinforce the confidential nature of the data. All values that do not meet the threshold (5) are shown as zero.,Fall 2019,Automated Passenger Counting (APC) and Automatic Vehicle Location systems,2019,58917-SB 208 ST AT FRASER HWY,49.101961,-122.64694,25963,dbee705d-d0f7-4e92-90dc-135ee840645c,-13652994.91,6292179.784
58918,EB DOUGLAS CRES AT 208 ST,Southeast,Langley City,564,3,564,Some boarding or alighting values for this route (Line Number) at this stop are below 5 and have been suppressed to reinforce the confidential nature of the data. All values that do not meet the threshold (5) are shown as zero.,Fall 2019,0,0,5,0,0,0,0,0,5,0,0,0,Some boarding or alighting values for this stop (all Lines at this stop) are below 5 and have been suppressed to reinforce the confidential nature of the data. All values that do not meet the threshold (5) are shown as zero.,Fall 2019,Automated Passenger Counting (APC) and Automatic Vehicle Location systems,2019,58918-EB DOUGLAS CRES AT 208 ST,49.101492,-122.647183,25964,36e42598-f1a9-4627-a4d3-2d9bc118da50,-13653021.96,6292100.042
58919,NB 208 ST AT FRASER HWY,Southeast,Langley City,564,5,564,Some boarding or alighting values for this route (Line Number) at this stop are below 5 and have been suppressed to reinforce the confidential nature of the data. All values that do not meet the threshold (5) are shown as zero.,Fall 2019,5,0,0,0,0,0,5,0,0,0,0,0,Some boarding or alighting values for this stop (all Lines at this stop) are below 5 and have been suppressed to reinforce the confidential nature of the data. All values that do not meet the threshold (5) are shown as zero.,Fall 2019,Automated Passenger Counting (APC) and Automatic Vehicle Location systems,2019,58919-NB 208 ST AT FRASER HWY,49.103309,-122.646674,25965,255c5b21-8a15-4984-a854-dd0faa99e859,-13652965.3,6292408.984
58920,SB 208 ST AT 56 AVE,Southeast,Langley City,564,27,564,Some boarding or alighting values for this route (Line Number) at this stop are below 5 and have been suppressed to reinforce the confidential nature of the data. All values that do not meet the threshold (5) are shown as zero.,Fall 2019,0,5,0,5,0,6,0,5,0,5,0,6,Some boarding or alighting values for this stop (all Lines at this stop) are below 5 and have been suppressed to reinforce the confidential nature of the data. All values that do not meet the threshold (5) are shown as zero.,Fall 2019,Automated Passenger Counting (APC) and Automatic Vehicle Location systems,2019,58920-SB 208 ST AT 56 AVE,49.104347,-122.646855,25966,71923414-ee5e-4ab1-85ab-97319ce26f49,-13652985.45,6292585.479
58921,EB 56 AVE AT LANGLEY BYPASS,Southeast,Langley City,564,9,503; 564,Some boarding or alighting values for this route (Line Number) at this stop are below 5 and have been suppressed to reinforce the confidential nature of the data. All values that do not meet the threshold (5) are shown as zero.,Fall 2019,0,0,0,0,0,0,11,17,7,9,0,8,Some boarding or alighting values for this stop (all Lines at this stop) are below 5 and have been suppressed to reinforce the confidential nature of the data. All values that do not meet the threshold (5) are shown as zero.,Fall 2019,Automated Passenger Counting (APC) and Automatic Vehicle Location systems,2019,58921-EB 56 AVE AT LANGLEY BYPASS,49.10456,-122.644104,25967,d4223fdb-033c-4ce8-a47a-f6fc15fd7d7f,-13652679.21,6292621.697
58930,WB 64 AVE AT 204 ST,Southeast,Langley Township,564,13,364; 372; 395; 531; 564,Some boarding or alighting values for this route (Line Number) at this stop are below 5 and have been suppressed to reinforce the confidential nature of the data. All values that do not meet the threshold (5) are shown as zero.,Fall 2019,0,5,0,0,0,0,72,59,41,28,28,21,,Fall 2019,Automated Passenger Counting (APC) and Automatic Vehicle Location systems,2019,58930-WB 64 AVE AT 204 ST,49.118955,-122.654693,25968,ea93cd21-ddb9-4751-b89a-daaa8a7b7cde,-13653857.97,6295069.725
58931,EB 64 AVE AT 20400 BLOCK,Southeast,Langley Township,564,19,364; 372; 395; 531; 564,Some boarding or alighting values for this route (Line Number) at this stop are below 5 and have been suppressed to reinforce the confidential nature of the data. All values that do not meet the threshold (5) are shown as zero.,Fall 2019,5,0,0,0,0,0,34,34,5,15,6,23,,Fall 2019,Automated Passenger Counting (APC) and Automatic Vehicle Location systems,2019,58931-EB 64 AVE AT 20400 BLOCK,49.118809,-122.656629,25969,46e33709-7e38-4e43-a8ca-61b9adcd5ae2,-13654073.48,6295044.893
58932,WB 64 AVE AT 20300 BLOCK,Southeast,Langley Township,564,16,364; 372; 395; 531; 564,Some boarding or alighting values for this route (Line Number) at this stop are below 5 and have been suppressed to reinforce the confidential nature of the data. All values that do not meet the threshold (5) are shown as zero.,Fall 2019,0,5,0,0,0,0,18,28,5,6,0,0,Some boarding or alighting values for this stop (all Lines at this stop) are below 5 and have been suppressed to reinforce the confidential nature of the data. All values that do not meet the threshold (5) are shown as zero.,Fall 2019,Automated Passenger Counting (APC) and Automatic Vehicle Location systems,2019,58932-WB 64 AVE AT 20300 BLOCK,49.119002,-122.657557,25970,e09da3a1-b333-4aa8-9432-be66eecdd64f,-13654176.79,6295077.719
58933,EB 64 AVE AT 203 ST,Southeast,Langley Township,564,17,364; 372; 395; 531; 564,Some boarding or alighting values for this route (Line Number) at this stop are below 5 and have been suppressed to reinforce the confidential nature of the data. All values that do not meet the threshold (5) are shown as zero.,Fall 2019,0,0,0,0,0,0,49,32,21,15,18,9,,Fall 2019,Automated Passenger Counting (APC) and Automatic Vehicle Location systems,2019,58933-EB 64 AVE AT 203 ST,49.11882,-122.659312,25971,38e93116-c29c-44f8-b7af-44082227c030,-13654372.15,6295046.764
58935,SB 203 ST AT 65 AVE,Southeast,Langley Township,564,14,372; 564,Some boarding or alighting values for this route (Line Number) at this stop are below 5 and have been suppressed to reinforce the confidential nature of the data. All values that do not meet the threshold (5) are shown as zero.,Fall 2019,7,0,7,0,8,0,18,27,18,25,16,22,,Fall 2019,Automated Passenger Counting (APC) and Automatic Vehicle Location systems,2019,58935-SB 203 ST AT 65 AVE,49.120236,-122.660234,25972,afc93531-4d7b-4c14-ad13-6136723e2dd4,-13654474.79,6295287.608
58937,SB 203 ST AT 66 AVE,Southeast,Langley Township,564,11,372; 564,Some boarding or alighting values for this route (Line Number) at this stop are below 5 and have been suppressed to reinforce the confidential nature of the data. All values that do not meet the threshold (5) are shown as zero.,Fall 2019,0,0,0,0,0,0,8,12,6,9,5,6,,Fall 2019,Automated Passenger Counting (APC) and Automatic Vehicle Location systems,2019,58937-SB 203 ST AT 66 AVE,49.122253,-122.660208,25973,84ed6a2a-5e2a-4f03-8160-73ad5be21234,-13654471.9,6295630.686
58938,WB 66 AVE AT 203 ST,Southeast,Langley Township,564,36,564,Some boarding or alighting values for this route (Line Number) at this stop are below 5 and have been suppressed to reinforce the confidential nature of the data. All values that do not meet the threshold (5) are shown as zero.,Fall 2019,0,0,0,0,0,0,0,0,0,0,0,0,Some boarding or alighting values for this stop (all Lines at this stop) are below 5 and have been suppressed to reinforce the confidential nature of the data. All values that do not meet the threshold (5) are shown as zero.,Fall 2019,Automated Passenger Counting (APC) and Automatic Vehicle Location systems,2019,58938-WB 66 AVE AT 203 ST,49.122631,-122.660659,25974,1e961a42-fa70-43a5-84fc-7dc45620dc8a,-13654522.1,6295694.983
58939,EB 66 AVE AT 20200 BLOCK,Southeast,Langley Township,564,65,564,Some boarding or alighting values for this route (Line Number) at this stop are below 5 and have been suppressed to reinforce the confidential nature of the data. All values that do not meet the threshold (5) are shown as zero.,Fall 2019,0,0,0,0,0,0,0,0,0,0,0,0,Some boarding or alighting values for this stop (all Lines at this stop) are below 5 and have been suppressed to reinforce the confidential nature of the data. All values that do not meet the threshold (5) are shown as zero.,Fall 2019,Automated Passenger Counting (APC) and Automatic Vehicle Location systems,2019,58939-EB 66 AVE AT 20200 BLOCK,49.122561,-122.663247,25975,e5911a2f-243a-4957-9b22-456ea99ccb76,-13654810.2,6295683.076
58941,SB MALL ACCESS RD AT 6500 BLOCK,Southeast,Langley Township,564,38,564,Some boarding or alighting values for this route (Line Number) at this stop are below 5 and have been suppressed to reinforce the confidential nature of the data. All values that do not meet the threshold (5) are shown as zero.,Fall 2019,0,0,0,0,0,0,0,0,0,0,0,0,Some boarding or alighting values for this stop (all Lines at this stop) are below 5 and have been suppressed to reinforce the confidential nature of the data. All values that do not meet the threshold (5) are shown as zero.,Fall 2019,Automated Passenger Counting (APC) and Automatic Vehicle Location systems,2019,58941-SB MALL ACCESS RD AT 6500 BLOCK,49.121261,-122.663769,25976,dc63ec59-c08e-4c50-a67a-612697e2ed96,-13654868.3,6295461.952
58942,NB MALL ACCESS RD AT 6400 BLOCK,Southeast,Langley Township,564,63,564,Some boarding or alighting values for this route (Line Number) at this stop are below 5 and have been suppressed to reinforce the confidential nature of the data. All values that do not meet the threshold (5) are shown as zero.,Fall 2019,0,0,0,5,0,0,0,0,0,5,0,0,Some boarding or alighting values for this stop (all Lines at this stop) are below 5 and have been suppressed to reinforce the confidential nature of the data. All values that do not meet the threshold (5) are shown as zero.,Fall 2019,Automated Passenger Counting (APC) and Automatic Vehicle Location systems,2019,58942-NB MALL ACCESS RD AT 6400 BLOCK,49.120449,-122.663502,25977,d2508562-c9ab-4c80-8b63-d3577d33d22a,-13654838.58,6295323.837
58943,WB 64 AVE AT 202 ST,Southeast,Langley Township,564,40,364; 395; 531; 564,Some boarding or alighting values for this route (Line Number) at this stop are below 5 and have been suppressed to reinforce the confidential nature of the data. All values that do not meet the threshold (5) are shown as zero.,Fall 2019,0,0,0,0,0,0,61,35,52,23,43,14,,Fall 2019,Automated Passenger Counting (APC) and Automatic Vehicle Location systems,2019,58943-WB 64 AVE AT 202 ST,49.119053,-122.663773,25978,4f7f149d-8e8f-4ff9-89b0-50de28004680,-13654868.75,6295086.393
58944,EB 64 AVE AT 201 ST,Southeast,Langley Township,564,61,364; 395; 531; 564,Some boarding or alighting values for this route (Line Number) at this stop are below 5 and have been suppressed to reinforce the confidential nature of the data. All values that do not meet the threshold (5) are shown as zero.,Fall 2019,0,0,0,0,0,0,9,17,7,10,5,7,,Fall 2019,Automated Passenger Counting (APC) and Automatic Vehicle Location systems,2019,58944-EB 64 AVE AT 201 ST,49.118866,-122.665407,25979,c1adea22-91a8-4fe1-92bd-e8527f3e7ddf,-13655050.65,6295054.587
58961,WILLOWBROOK  MALL AT LOCAL STOP,Southeast,Langley Township,564,18,564,,Fall 2019,29,23,23,23,18,20,29,23,23,23,18,20,,Fall 2019,Automated Passenger Counting (APC) and Automatic Vehicle Location systems,2019,58961-WILLOWBROOK  MALL AT LOCAL STOP,49.115168,-122.677038,25980,81337897-4c07-4de6-9360-52eda9fbf0fb,-13656345.4,6294425.635
59592,NB 203 ST AT 65 AVE,Southeast,Langley Township,564,20,372; 564,Some boarding or alighting values for this route (Line Number) at this stop are below 5 and have been suppressed to reinforce the confidential nature of the data. All values that do not meet the threshold (5) are shown as zero.,Fall 2019,0,10,0,13,0,10,37,28,32,26,36,22,,Fall 2019,Automated Passenger Counting (APC) and Automatic Vehicle Location systems,2019,59592-NB 203 ST AT 65 AVE,49.120276,-122.659943,25981,88dd52e1-08d5-4cdd-aca1-c89f2073bf13,-13654442.4,6295294.411
60864,SB 203 ST AT 56 AVE,Southeast,Langley City,564,46,560/561; 563; 564,Some boarding or alighting values for this route (Line Number) at this stop are below 5 and have been suppressed to reinforce the confidential nature of the data. All values that do not meet the threshold (5) are shown as zero.,Fall 2019,0,0,0,0,0,0,20,0,17,0,12,0,Some boarding or alighting values for this stop (all Lines at this stop) are below 5 and have been suppressed to reinforce the confidential nature of the data. All values that do not meet the threshold (5) are shown as zero.,Fall 2019,Automated Passenger Counting (APC) and Automatic Vehicle Location systems,2019,60864-SB 203 ST AT 56 AVE,49.103695,-122.660498,25982,6adabb38-c07f-40b4-9474-7bd9c9b9af47,-13654504.18,6292474.617
60982,NB 203 ST AT 66 AVE,Southeast,Langley Township,564,21,372; 564,Some boarding or alighting values for this route (Line Number) at this stop are below 5 and have been suppressed to reinforce the confidential nature of the data. All values that do not meet the threshold (5) are shown as zero.,Fall 2019,0,0,0,0,0,0,10,9,7,0,5,5,Some boarding or alighting values for this stop (all Lines at this stop) are below 5 and have been suppressed to reinforce the confidential nature of the data. All values that do not meet the threshold (5) are shown as zero.,Fall 2019,Automated Passenger Counting (APC) and Automatic Vehicle Location systems,2019,60982-NB 203 ST AT 66 AVE,49.123038,-122.659893,25983,5c1d10da-1e2c-4a79-b016-184d8eb1fb5b,-13654436.83,6295764.213
60983,SB 203 ST AT 68 AVE,Southeast,Langley Township,564,10,372; 564,Some boarding or alighting values for this route (Line Number) at this stop are below 5 and have been suppressed to reinforce the confidential nature of the data. All values that do not meet the threshold (5) are shown as zero.,Fall 2019,0,0,0,0,0,0,12,6,5,0,5,6,Some boarding or alighting values for this stop (all Lines at this stop) are below 5 and have been suppressed to reinforce the confidential nature of the data. All values that do not meet the threshold (5) are shown as zero.,Fall 2019,Automated Passenger Counting (APC) and Automatic Vehicle Location systems,2019,60983-SB 203 ST AT 68 AVE,49.125763,-122.66044,25984,b8723a8b-02b0-419c-8168-37ccf76c6ea2,-13654497.72,6296227.748
60984,EB 68 AVE AT 203 ST,Southeast,Langley Township,564,26,564,Some boarding or alighting values for this route (Line Number) at this stop are below 5 and have been suppressed to reinforce the confidential nature of the data. All values that do not meet the threshold (5) are shown as zero.,Fall 2019,0,0,0,0,0,0,0,0,0,0,0,0,Some boarding or alighting values for this stop (all Lines at this stop) are below 5 and have been suppressed to reinforce the confidential nature of the data. All values that do not meet the threshold (5) are shown as zero.,Fall 2019,Automated Passenger Counting (APC) and Automatic Vehicle Location systems,2019,60984-EB 68 AVE AT 203 ST,49.126123,-122.659202,25985,6f67eecf-0c0a-48d1-9932-08d2f9516d85,-13654359.91,6296288.987
60985,EB 68 AVE AT 204A ST,Southeast,Langley Township,564,28,564,Some boarding or alighting values for this route (Line Number) at this stop are below 5 and have been suppressed to reinforce the confidential nature of the data. All values that do not meet the threshold (5) are shown as zero.,Fall 2019,0,0,0,0,0,0,0,0,0,0,0,0,Some boarding or alighting values for this stop (all Lines at this stop) are below 5 and have been suppressed to reinforce the confidential nature of the data. All values that do not meet the threshold (5) are shown as zero.,Fall 2019,Automated Passenger Counting (APC) and Automatic Vehicle Location systems,2019,60985-EB 68 AVE AT 204A ST,49.126097,-122.655204,25986,b7a10eea-f6b7-4a2e-960a-23486b8a4107,-13653914.85,6296284.564
60986,WB 68 AVE AT 204A ST,Southeast,Langley Township,564,8,564,Some boarding or alighting values for this route (Line Number) at this stop are below 5 and have been suppressed to reinforce the confidential nature of the data. All values that do not meet the threshold (5) are shown as zero.,Fall 2019,0,0,0,0,0,0,0,0,0,0,0,0,Some boarding or alighting values for this stop (all Lines at this stop) are below 5 and have been suppressed to reinforce the confidential nature of the data. All values that do not meet the threshold (5) are shown as zero.,Fall 2019,Automated Passenger Counting (APC) and Automatic Vehicle Location systems,2019,60986-WB 68 AVE AT 204A ST,49.126205,-122.656122,25987,15b05c90-6620-43ff-b2de-975c42bc8c95,-13654017.04,6296302.936
60987,WB 68 AVE AT 206 ST,Southeast,Langley Township,564,6,564,Some boarding or alighting values for this route (Line Number) at this stop are below 5 and have been suppressed to reinforce the confidential nature of the data. All values that do not meet the threshold (5) are shown as zero.,Fall 2019,5,0,0,0,0,0,5,0,0,0,0,0,Some boarding or alighting values for this stop (all Lines at this stop) are below 5 and have been suppressed to reinforce the confidential nature of the data. All values that do not meet the threshold (5) are shown as zero.,Fall 2019,Automated Passenger Counting (APC) and Automatic Vehicle Location systems,2019,60987-WB 68 AVE AT 206 ST,49.126159,-122.65239,25988,ec3606de-5561-43a6-8677-93b4cd3270fe,-13653601.6,6296295.111
60988,SB 206 ST AT 68 AVE,Southeast,Langley Township,564,30,564,Some boarding or alighting values for this route (Line Number) at this stop are below 5 and have been suppressed to reinforce the confidential nature of the data. All values that do not meet the threshold (5) are shown as zero.,Fall 2019,0,5,0,5,0,0,0,5,0,5,0,0,Some boarding or alighting values for this stop (all Lines at this stop) are below 5 and have been suppressed to reinforce the confidential nature of the data. All values that do not meet the threshold (5) are shown as zero.,Fall 2019,Automated Passenger Counting (APC) and Automatic Vehicle Location systems,2019,60988-SB 206 ST AT 68 AVE,49.125666,-122.651682,25989,167973c4-fa45-434f-85e3-c9f8f815f61d,-13653522.79,6296211.247
60989,SB 206 ST AT 66 AVE,Southeast,Langley Township,564,32,564,Some boarding or alighting values for this route (Line Number) at this stop are below 5 and have been suppressed to reinforce the confidential nature of the data. All values that do not meet the threshold (5) are shown as zero.,Fall 2019,0,0,0,0,0,0,0,0,0,0,0,0,Some boarding or alighting values for this stop (all Lines at this stop) are below 5 and have been suppressed to reinforce the confidential nature of the data. All values that do not meet the threshold (5) are shown as zero.,Fall 2019,Automated Passenger Counting (APC) and Automatic Vehicle Location systems,2019,60989-SB 206 ST AT 66 AVE,49.122894,-122.651491,25990,8e0f2c6e-328b-49c5-b016-59f571c5c622,-13653501.52,6295739.719
60990,NB 206 ST AT 66 AVE,Southeast,Langley Township,564,4,564,Some boarding or alighting values for this route (Line Number) at this stop are below 5 and have been suppressed to reinforce the confidential nature of the data. All values that do not meet the threshold (5) are shown as zero.,Fall 2019,0,0,0,0,0,0,0,0,0,0,0,0,Some boarding or alighting values for this stop (all Lines at this stop) are below 5 and have been suppressed to reinforce the confidential nature of the data. All values that do not meet the threshold (5) are shown as zero.,Fall 2019,Automated Passenger Counting (APC) and Automatic Vehicle Location systems,2019,60990-NB 206 ST AT 66 AVE,49.122855,-122.651312,25991,194d6999-eb44-4b1c-b843-75a20954a516,-13653481.6,6295733.085
60991,WB 66 AVE AT 20400 BLOCK,Southeast,Langley Township,564,34,564,Some boarding or alighting values for this route (Line Number) at this stop are below 5 and have been suppressed to reinforce the confidential nature of the data. All values that do not meet the threshold (5) are shown as zero.,Fall 2019,5,0,0,0,0,0,5,0,0,0,0,0,Some boarding or alighting values for this stop (all Lines at this stop) are below 5 and have been suppressed to reinforce the confidential nature of the data. All values that do not meet the threshold (5) are shown as zero.,Fall 2019,Automated Passenger Counting (APC) and Automatic Vehicle Location systems,2019,60991-WB 66 AVE AT 20400 BLOCK,49.122624,-122.65547,25992,00ac5c14-f6c6-49d2-b998-23367d83bfb4,-13653944.46,6295693.793
60992,EB 66 AVE AT 20400 BLOCK,Southeast,Langley Township,564,2,564,Some boarding or alighting values for this route (Line Number) at this stop are below 5 and have been suppressed to reinforce the confidential nature of the data. All values that do not meet the threshold (5) are shown as zero.,Fall 2019,0,0,0,0,0,0,0,0,0,0,0,0,Some boarding or alighting values for this stop (all Lines at this stop) are below 5 and have been suppressed to reinforce the confidential nature of the data. All values that do not meet the threshold (5) are shown as zero.,Fall 2019,Automated Passenger Counting (APC) and Automatic Vehicle Location systems,2019,60992-EB 66 AVE AT 20400 BLOCK,49.1225,-122.655434,25993,f8ec980b-c0ca-4c1f-be82-0f515739e231,-13653940.46,6295672.7
61944,WB MUFFORD CRES AT 62 AVE,Southeast,Langley Township,564,12,372; 564,Some boarding or alighting values for this route (Line Number) at this stop are below 5 and have been suppressed to reinforce the confidential nature of the data. All values that do not meet the threshold (5) are shown as zero.,Fall 2019,0,0,0,0,0,0,0,0,0,0,0,0,Some boarding or alighting values for this stop (all Lines at this stop) are below 5 and have been suppressed to reinforce the confidential nature of the data. All values that do not meet the threshold (5) are shown as zero.,Fall 2019,Automated Passenger Counting (APC) and Automatic Vehicle Location systems,2019,61944-WB MUFFORD CRES AT 62 AVE,49.115698,-122.64798,25994,2246da2a-1caf-4a3f-842a-17335b889d01,-13653110.68,6294515.774
61945,EB MUFFORD CRES AT 62 AVE,Southeast,Langley Township,564,22,372; 564,Some boarding or alighting values for this route (Line Number) at this stop are below 5 and have been suppressed to reinforce the confidential nature of the data. All values that do not meet the threshold (5) are shown as zero.,Fall 2019,0,0,0,0,0,0,0,0,0,0,0,0,Some boarding or alighting values for this stop (all Lines at this stop) are below 5 and have been suppressed to reinforce the confidential nature of the data. All values that do not meet the threshold (5) are shown as zero.,Fall 2019,Automated Passenger Counting (APC) and Automatic Vehicle Location systems,2019,61945-EB MUFFORD CRES AT 62 AVE,49.114478,-122.645921,25995,61107f80-e90e-4be1-88da-2edae1042bc6,-13652881.47,6294308.286
55191,SB HARVEST DR AT LADNER TRUNK RD,Southwest,Delta,606,14,310; 601; 606; 616; 617; 618; 640,Some boarding or alighting values for this route (Line Number) at this stop are below 5 and have been suppressed to reinforce the confidential nature of the data. All values that do not meet the threshold (5) are shown as zero.,Fall 2019,0,0,0,0,0,0,103,460,74,300,56,233,,Fall 2019,Automated Passenger Counting (APC) and Automatic Vehicle Location systems,2019,55191-SB HARVEST DR AT LADNER TRUNK RD,49.08931,-123.063128,26278,7a3cfe25-011c-4519-baef-1b413bba8668,-13699324.74,6290029.041
57387,NB ARTHUR DR AT 4400 BLOCK,Southwest,Delta,606,29,601; 606; 616,Some boarding or alighting values for this route (Line Number) at this stop are below 5 and have been suppressed to reinforce the confidential nature of the data. All values that do not meet the threshold (5) are shown as zero.,Fall 2019,0,0,0,0,0,0,37,41,19,17,15,17,,Fall 2019,Automated Passenger Counting (APC) and Automatic Vehicle Location systems,2019,57387-NB ARTHUR DR AT 4400 BLOCK,49.083773,-123.078237,26279,51d7c06b-17e5-49a1-98f9-255320594db9,-13701006.67,6289087.892
57499,NB 46A ST AT RIVER RD WEST,Southwest,Delta,606,30,606; 616,Some boarding or alighting values for this route (Line Number) at this stop are below 5 and have been suppressed to reinforce the confidential nature of the data. All values that do not meet the threshold (5) are shown as zero.,Fall 2019,0,6,0,0,0,0,14,16,11,10,7,6,,Fall 2019,Automated Passenger Counting (APC) and Automatic Vehicle Location systems,2019,57499-NB 46A ST AT RIVER RD WEST,49.088518,-123.094879,26280,5c8b59e1-99e8-4403-891e-05a13bfccc51,-13702859.25,6289894.415
57500,EB RIVER RD AT 47A ST,Southwest,Delta,606,15,606; 616,Some boarding or alighting values for this route (Line Number) at this stop are below 5 and have been suppressed to reinforce the confidential nature of the data. All values that do not meet the threshold (5) are shown as zero.,Fall 2019,0,0,0,0,0,0,0,0,0,0,0,0,Some boarding or alighting values for this stop (all Lines at this stop) are below 5 and have been suppressed to reinforce the confidential nature of the data. All values that do not meet the threshold (5) are shown as zero.,Fall 2019,Automated Passenger Counting (APC) and Automatic Vehicle Location systems,2019,57500-EB RIVER RD AT 47A ST,49.089203,-123.090957,26281,36f40011-ec41-4369-b682-f7cf34713d19,-13702422.65,6290010.853
57501,EB 47A AVE AT 48B ST,Southwest,Delta,606,21,606; 616,Some boarding or alighting values for this route (Line Number) at this stop are below 5 and have been suppressed to reinforce the confidential nature of the data. All values that do not meet the threshold (5) are shown as zero.,Fall 2019,0,0,0,0,0,0,0,0,0,0,0,0,Some boarding or alighting values for this stop (all Lines at this stop) are below 5 and have been suppressed to reinforce the confidential nature of the data. All values that do not meet the threshold (5) are shown as zero.,Fall 2019,Automated Passenger Counting (APC) and Automatic Vehicle Location systems,2019,57501-EB 47A AVE AT 48B ST,49.089191,-123.088306,26282,9c02bf9c-d4bc-4b5b-905d-9bd4eba77025,-13702127.55,6290008.813
57503,NB CENTRAL AVE AT LADNER TRUNK RD,Southwest,Delta,606,23,606; 618,Some boarding or alighting values for this route (Line Number) at this stop are below 5 and have been suppressed to reinforce the confidential nature of the data. All values that do not meet the threshold (5) are shown as zero.,Fall 2019,0,0,0,0,0,0,8,6,0,0,0,0,Some boarding or alighting values for this stop (all Lines at this stop) are below 5 and have been suppressed to reinforce the confidential nature of the data. All values that do not meet the threshold (5) are shown as zero.,Fall 2019,Automated Passenger Counting (APC) and Automatic Vehicle Location systems,2019,57503-NB CENTRAL AVE AT LADNER TRUNK RD,49.090565,-123.080893,26283,d309dae3-51bb-4310-8cb8-91255bd84aee,-13701302.34,6290242.374
57504,NB CENTRAL AVE AT 4900 BLOCK,Southwest,Delta,606,25,606; 618,Some boarding or alighting values for this route (Line Number) at this stop are below 5 and have been suppressed to reinforce the confidential nature of the data. All values that do not meet the threshold (5) are shown as zero.,Fall 2019,0,0,0,0,0,0,0,0,0,0,0,0,Some boarding or alighting values for this stop (all Lines at this stop) are below 5 and have been suppressed to reinforce the confidential nature of the data. All values that do not meet the threshold (5) are shown as zero.,Fall 2019,Automated Passenger Counting (APC) and Automatic Vehicle Location systems,2019,57504-NB CENTRAL AVE AT 4900 BLOCK,49.092079,-123.079682,26284,6dab992d-05a4-4433-84d9-11208541a580,-13701167.53,6290499.741
57505,WB LINDEN DR AT FENTON DR,Southwest,Delta,606,27,606; 618,Some boarding or alighting values for this route (Line Number) at this stop are below 5 and have been suppressed to reinforce the confidential nature of the data. All values that do not meet the threshold (5) are shown as zero.,Fall 2019,0,0,0,0,0,0,0,0,0,0,0,0,Some boarding or alighting values for this stop (all Lines at this stop) are below 5 and have been suppressed to reinforce the confidential nature of the data. All values that do not meet the threshold (5) are shown as zero.,Fall 2019,Automated Passenger Counting (APC) and Automatic Vehicle Location systems,2019,57505-WB LINDEN DR AT FENTON DR,49.095377,-123.077599,26285,60cfe4a7-38af-4b4e-80cd-351044723a56,-13700935.65,6291060.398
57506,NB FERRY RD AT WESTMINSTER AVE,Southwest,Delta,606,31,606; 618,Some boarding or alighting values for this route (Line Number) at this stop are below 5 and have been suppressed to reinforce the confidential nature of the data. All values that do not meet the threshold (5) are shown as zero.,Fall 2019,0,0,0,0,0,0,0,0,0,0,0,0,Some boarding or alighting values for this stop (all Lines at this stop) are below 5 and have been suppressed to reinforce the confidential nature of the data. All values that do not meet the threshold (5) are shown as zero.,Fall 2019,Automated Passenger Counting (APC) and Automatic Vehicle Location systems,2019,57506-NB FERRY RD AT WESTMINSTER AVE,49.097392,-123.078598,26286,c58f7c64-a947-4211-ad73-843097068c79,-13701046.86,6291402.965
57507,NB FERRY RD AT SCHOONER GATE,Southwest,Delta,606,32,606; 618,Some boarding or alighting values for this route (Line Number) at this stop are below 5 and have been suppressed to reinforce the confidential nature of the data. All values that do not meet the threshold (5) are shown as zero.,Fall 2019,0,0,0,0,0,0,0,0,0,0,0,0,Some boarding or alighting values for this stop (all Lines at this stop) are below 5 and have been suppressed to reinforce the confidential nature of the data. All values that do not meet the threshold (5) are shown as zero.,Fall 2019,Automated Passenger Counting (APC) and Automatic Vehicle Location systems,2019,57507-NB FERRY RD AT SCHOONER GATE,49.101527,-123.07962,26287,e3904d58-9501-4bb6-a25f-42c9f534c1a2,-13701160.63,6292105.993
57509,EB COMMODORE DR AT FERRY RD,Southwest,Delta,606,1,606,Some boarding or alighting values for this route (Line Number) at this stop are below 5 and have been suppressed to reinforce the confidential nature of the data. All values that do not meet the threshold (5) are shown as zero.,Fall 2019,0,0,0,0,0,0,0,0,0,0,0,0,Some boarding or alighting values for this stop (all Lines at this stop) are below 5 and have been suppressed to reinforce the confidential nature of the data. All values that do not meet the threshold (5) are shown as zero.,Fall 2019,Automated Passenger Counting (APC) and Automatic Vehicle Location systems,2019,57509-EB COMMODORE DR AT FERRY RD,49.105664,-123.078601,26288,e99b6c89-435c-4cd5-837d-3110d1183fb8,-13701047.19,6292809.419
57510,SB ADMIRAL BLVD AT COMMODORE DR,Southwest,Delta,606,3,606; 618,Some boarding or alighting values for this route (Line Number) at this stop are below 5 and have been suppressed to reinforce the confidential nature of the data. All values that do not meet the threshold (5) are shown as zero.,Fall 2019,0,0,0,0,0,0,0,0,0,0,0,0,Some boarding or alighting values for this stop (all Lines at this stop) are below 5 and have been suppressed to reinforce the confidential nature of the data. All values that do not meet the threshold (5) are shown as zero.,Fall 2019,Automated Passenger Counting (APC) and Automatic Vehicle Location systems,2019,57510-SB ADMIRAL BLVD AT COMMODORE DR,49.105854,-123.074317,26289,96a657ee-ba38-4a15-ab03-776d5ad473fc,-13700570.3,6292841.727
57511,SB ADMIRAL BLVD AT REGATTA WAY,Southwest,Delta,606,5,606; 618,Some boarding or alighting values for this route (Line Number) at this stop are below 5 and have been suppressed to reinforce the confidential nature of the data. All values that do not meet the threshold (5) are shown as zero.,Fall 2019,0,0,0,0,0,0,0,0,0,0,0,0,Some boarding or alighting values for this stop (all Lines at this stop) are below 5 and have been suppressed to reinforce the confidential nature of the data. All values that do not meet the threshold (5) are shown as zero.,Fall 2019,Automated Passenger Counting (APC) and Automatic Vehicle Location systems,2019,57511-SB ADMIRAL BLVD AT REGATTA WAY,49.104536,-123.073092,26290,f11bbaba-b7ac-46ea-b255-88496e52a93f,-13700433.93,6292617.616
57512,SB WESTMINSTER AVE AT CHAMBERLAYNE AVE,Southwest,Delta,606,8,606; 618,Some boarding or alighting values for this route (Line Number) at this stop are below 5 and have been suppressed to reinforce the confidential nature of the data. All values that do not meet the threshold (5) are shown as zero.,Fall 2019,0,0,0,0,0,0,0,5,0,0,0,0,Some boarding or alighting values for this stop (all Lines at this stop) are below 5 and have been suppressed to reinforce the confidential nature of the data. All values that do not meet the threshold (5) are shown as zero.,Fall 2019,Automated Passenger Counting (APC) and Automatic Vehicle Location systems,2019,57512-SB WESTMINSTER AVE AT CHAMBERLAYNE AVE,49.102311,-123.072352,26291,ebecb324-3a08-4823-9a7c-5d9c78b6659f,-13700351.56,6292239.294
57513,EB CRESCENT DR AT WELLBURN DR,Southwest,Delta,606,9,606; 618,Some boarding or alighting values for this route (Line Number) at this stop are below 5 and have been suppressed to reinforce the confidential nature of the data. All values that do not meet the threshold (5) are shown as zero.,Fall 2019,0,0,0,0,0,0,0,0,0,0,0,0,Some boarding or alighting values for this stop (all Lines at this stop) are below 5 and have been suppressed to reinforce the confidential nature of the data. All values that do not meet the threshold (5) are shown as zero.,Fall 2019,Automated Passenger Counting (APC) and Automatic Vehicle Location systems,2019,57513-EB CRESCENT DR AT WELLBURN DR,49.100685,-123.070365,26292,6ebdb28e-15bd-45f0-91fa-e74881a80fa0,-13700130.36,6291962.832
57514,EB CRESCENT DR AT DOWLER RD,Southwest,Delta,606,10,606; 618,Some boarding or alighting values for this route (Line Number) at this stop are below 5 and have been suppressed to reinforce the confidential nature of the data. All values that do not meet the threshold (5) are shown as zero.,Fall 2019,0,0,0,0,0,0,0,0,0,0,0,0,Some boarding or alighting values for this stop (all Lines at this stop) are below 5 and have been suppressed to reinforce the confidential nature of the data. All values that do not meet the threshold (5) are shown as zero.,Fall 2019,Automated Passenger Counting (APC) and Automatic Vehicle Location systems,2019,57514-EB CRESCENT DR AT DOWLER RD,49.099284,-123.068371,26293,f6bb2052-72e0-4bee-b4be-d8fd8b2a084e,-13699908.39,6291724.633
57515,SB 57 ST AT CRESCENT DR,Southwest,Delta,606,11,606; 618,Some boarding or alighting values for this route (Line Number) at this stop are below 5 and have been suppressed to reinforce the confidential nature of the data. All values that do not meet the threshold (5) are shown as zero.,Fall 2019,0,0,0,0,0,0,0,0,0,0,0,0,Some boarding or alighting values for this stop (all Lines at this stop) are below 5 and have been suppressed to reinforce the confidential nature of the data. All values that do not meet the threshold (5) are shown as zero.,Fall 2019,Automated Passenger Counting (APC) and Automatic Vehicle Location systems,2019,57515-SB 57 ST AT CRESCENT DR,49.097343,-123.065274,26294,09580b0d-9f76-491b-a104-20b735fe6804,-13699563.64,6291394.634
57516,SB 57 ST AT GROVE AVE,Southwest,Delta,606,12,606; 618,Some boarding or alighting values for this route (Line Number) at this stop are below 5 and have been suppressed to reinforce the confidential nature of the data. All values that do not meet the threshold (5) are shown as zero.,Fall 2019,0,0,0,0,0,0,0,0,0,0,0,0,Some boarding or alighting values for this stop (all Lines at this stop) are below 5 and have been suppressed to reinforce the confidential nature of the data. All values that do not meet the threshold (5) are shown as zero.,Fall 2019,Automated Passenger Counting (APC) and Automatic Vehicle Location systems,2019,57516-SB 57 ST AT GROVE AVE,49.094738,-123.065298,26295,df1fe061-066e-4a7a-8d32-f84afd4d58ed,-13699566.31,6290951.766
57517,SB 57 ST AT 49B AVE,Southwest,Delta,606,13,606; 618,Some boarding or alighting values for this route (Line Number) at this stop are below 5 and have been suppressed to reinforce the confidential nature of the data. All values that do not meet the threshold (5) are shown as zero.,Fall 2019,0,0,0,0,0,0,0,0,0,0,0,0,Some boarding or alighting values for this stop (all Lines at this stop) are below 5 and have been suppressed to reinforce the confidential nature of the data. All values that do not meet the threshold (5) are shown as zero.,Fall 2019,Automated Passenger Counting (APC) and Automatic Vehicle Location systems,2019,57517-SB 57 ST AT 49B AVE,49.093077,-123.065334,26296,35832341-62a3-468d-b4a8-5692f827e6df,-13699570.32,6290669.396
57518,LADNER EXCHANGE BAY 7,Southwest,Delta,606,6,606; 608; 616; 618,Some boarding or alighting values for this route (Line Number) at this stop are below 5 and have been suppressed to reinforce the confidential nature of the data. All values that do not meet the threshold (5) are shown as zero.,Fall 2019,25,0,0,0,0,0,87,52,37,28,15,13,,Fall 2019,Automated Passenger Counting (APC) and Automatic Vehicle Location systems,2019,57518-LADNER EXCHANGE BAY 7,49.08759,-123.062747,26297,0e4a8f96-2956-4c5b-8182-2b6c65728e75,-13699282.33,6289736.674
57519,SB HARVEST DR AT 4500 BLOCK,Southwest,Delta,606,16,606; 616,Some boarding or alighting values for this route (Line Number) at this stop are below 5 and have been suppressed to reinforce the confidential nature of the data. All values that do not meet the threshold (5) are shown as zero.,Fall 2019,0,0,0,0,0,0,5,0,0,0,0,0,Some boarding or alighting values for this stop (all Lines at this stop) are below 5 and have been suppressed to reinforce the confidential nature of the data. All values that do not meet the threshold (5) are shown as zero.,Fall 2019,Automated Passenger Counting (APC) and Automatic Vehicle Location systems,2019,57519-SB HARVEST DR AT 4500 BLOCK,49.085866,-123.064198,26298,2994f97a-cf0b-412d-8662-fb926bc32f03,-13699443.86,6289443.637
57520,WB HARVEST DR AT 57 ST,Southwest,Delta,606,22,606; 616,Some boarding or alighting values for this route (Line Number) at this stop are below 5 and have been suppressed to reinforce the confidential nature of the data. All values that do not meet the threshold (5) are shown as zero.,Fall 2019,0,0,0,0,0,0,0,0,0,0,0,0,Some boarding or alighting values for this stop (all Lines at this stop) are below 5 and have been suppressed to reinforce the confidential nature of the data. All values that do not meet the threshold (5) are shown as zero.,Fall 2019,Automated Passenger Counting (APC) and Automatic Vehicle Location systems,2019,57520-WB HARVEST DR AT 57 ST,49.084363,-123.065208,26299,9832c3d1-775a-4018-a7e4-7815d51159e8,-13699556.29,6289188.172
57521,WB 44 AVE AT HUTCHERSON LANE,Southwest,Delta,606,24,606; 616,Some boarding or alighting values for this route (Line Number) at this stop are below 5 and have been suppressed to reinforce the confidential nature of the data. All values that do not meet the threshold (5) are shown as zero.,Fall 2019,0,0,0,0,0,0,0,0,0,0,0,0,Some boarding or alighting values for this stop (all Lines at this stop) are below 5 and have been suppressed to reinforce the confidential nature of the data. All values that do not meet the threshold (5) are shown as zero.,Fall 2019,Automated Passenger Counting (APC) and Automatic Vehicle Location systems,2019,57521-WB 44 AVE AT HUTCHERSON LANE,49.083359,-123.070116,26300,5de12bb7-eefd-454e-bea3-f9877162120f,-13700102.64,6289017.527
57522,WB 44 AVE AT 5400 BLOCK,Southwest,Delta,606,26,606; 616,Some boarding or alighting values for this route (Line Number) at this stop are below 5 and have been suppressed to reinforce the confidential nature of the data. All values that do not meet the threshold (5) are shown as zero.,Fall 2019,0,0,0,0,0,0,0,0,0,0,0,0,Some boarding or alighting values for this stop (all Lines at this stop) are below 5 and have been suppressed to reinforce the confidential nature of the data. All values that do not meet the threshold (5) are shown as zero.,Fall 2019,Automated Passenger Counting (APC) and Automatic Vehicle Location systems,2019,57522-WB 44 AVE AT 5400 BLOCK,49.083373,-123.07223,26301,4c3d52b9-5415-4c49-8118-70855970a202,-13700337.97,6289019.906
57523,WB 44 AVE AT MAPLE LANE,Southwest,Delta,606,28,606; 616,Some boarding or alighting values for this route (Line Number) at this stop are below 5 and have been suppressed to reinforce the confidential nature of the data. All values that do not meet the threshold (5) are shown as zero.,Fall 2019,0,0,0,0,0,0,0,0,0,0,0,0,Some boarding or alighting values for this stop (all Lines at this stop) are below 5 and have been suppressed to reinforce the confidential nature of the data. All values that do not meet the threshold (5) are shown as zero.,Fall 2019,Automated Passenger Counting (APC) and Automatic Vehicle Location systems,2019,57523-WB 44 AVE AT MAPLE LANE,49.083116,-123.075681,26302,e6da274b-bbca-494b-857c-cda668f44ece,-13700722.14,6288976.226
57524,WB 45 AVE AT ARTHUR DR,Southwest,Delta,606,33,606; 616,Some boarding or alighting values for this route (Line Number) at this stop are below 5 and have been suppressed to reinforce the confidential nature of the data. All values that do not meet the threshold (5) are shown as zero.,Fall 2019,0,0,0,0,0,0,0,0,0,0,0,0,Some boarding or alighting values for this stop (all Lines at this stop) are below 5 and have been suppressed to reinforce the confidential nature of the data. All values that do not meet the threshold (5) are shown as zero.,Fall 2019,Automated Passenger Counting (APC) and Automatic Vehicle Location systems,2019,57524-WB 45 AVE AT ARTHUR DR,49.08518,-123.079882,26303,671fee2a-4c0e-4678-903d-77ac7396ff60,-13701189.79,6289327.036
57525,WB 45 AVE AT 51 ST,Southwest,Delta,606,34,606; 616,Some boarding or alighting values for this route (Line Number) at this stop are below 5 and have been suppressed to reinforce the confidential nature of the data. All values that do not meet the threshold (5) are shown as zero.,Fall 2019,0,0,0,0,0,0,0,14,0,0,0,0,Some boarding or alighting values for this stop (all Lines at this stop) are below 5 and have been suppressed to reinforce the confidential nature of the data. All values that do not meet the threshold (5) are shown as zero.,Fall 2019,Automated Passenger Counting (APC) and Automatic Vehicle Location systems,2019,57525-WB 45 AVE AT 51 ST,49.085201,-123.083005,26304,12a5d1de-8b4b-43b7-bff9-c8a86fd3da2a,-13701537.44,6289330.606
57526,WB 45 AVE AT GARRY ST,Southwest,Delta,606,2,606; 616,Some boarding or alighting values for this route (Line Number) at this stop are below 5 and have been suppressed to reinforce the confidential nature of the data. All values that do not meet the threshold (5) are shown as zero.,Fall 2019,0,0,0,0,0,0,0,5,0,0,0,0,Some boarding or alighting values for this stop (all Lines at this stop) are below 5 and have been suppressed to reinforce the confidential nature of the data. All values that do not meet the threshold (5) are shown as zero.,Fall 2019,Automated Passenger Counting (APC) and Automatic Vehicle Location systems,2019,57526-WB 45 AVE AT GARRY ST,49.085222,-123.086835,26305,b4f45cdc-fb8f-4a58-9b40-444c0721260a,-13701963.8,6289334.175
57527,WB 45 AVE AT 47A ST,Southwest,Delta,606,4,606; 616,Some boarding or alighting values for this route (Line Number) at this stop are below 5 and have been suppressed to reinforce the confidential nature of the data. All values that do not meet the threshold (5) are shown as zero.,Fall 2019,0,0,0,0,0,0,5,5,0,0,0,0,Some boarding or alighting values for this stop (all Lines at this stop) are below 5 and have been suppressed to reinforce the confidential nature of the data. All values that do not meet the threshold (5) are shown as zero.,Fall 2019,Automated Passenger Counting (APC) and Automatic Vehicle Location systems,2019,57527-WB 45 AVE AT 47A ST,49.08522,-123.090641,26306,756dd054-1ce0-4ff5-8b57-98cb907c073b,-13702387.48,6289333.835
57528,WB 45 AVE AT 46B ST,Southwest,Delta,606,7,606; 616,Some boarding or alighting values for this route (Line Number) at this stop are below 5 and have been suppressed to reinforce the confidential nature of the data. All values that do not meet the threshold (5) are shown as zero.,Fall 2019,0,5,0,0,0,0,8,16,5,0,5,0,Some boarding or alighting values for this stop (all Lines at this stop) are below 5 and have been suppressed to reinforce the confidential nature of the data. All values that do not meet the threshold (5) are shown as zero.,Fall 2019,Automated Passenger Counting (APC) and Automatic Vehicle Location systems,2019,57528-WB 45 AVE AT 46B ST,49.085248,-123.094436,26307,337b52e3-c87d-455e-bd2e-f71c8d293eb2,-13702809.94,6289338.594
57538,NB HARVEST DR AT MOUNTAIN VIEW BLVD,Southwest,Delta,606,20,606; 608; 616,Some boarding or alighting values for this route (Line Number) at this stop are below 5 and have been suppressed to reinforce the confidential nature of the data. All values that do not meet the threshold (5) are shown as zero.,Fall 2019,0,0,0,0,0,0,0,0,0,0,0,0,Some boarding or alighting values for this stop (all Lines at this stop) are below 5 and have been suppressed to reinforce the confidential nature of the data. All values that do not meet the threshold (5) are shown as zero.,Fall 2019,Automated Passenger Counting (APC) and Automatic Vehicle Location systems,2019,57538-NB HARVEST DR AT MOUNTAIN VIEW BLVD,49.085874,-123.063921,26308,2b917bdf-070e-4fd5-a2b2-5178daf2fe87,-13699413.02,6289444.996
58067,SB CLARENCE TAYLOR CRES AT 4600 BLOCK,Southwest,Delta,606,18,606; 616,Some boarding or alighting values for this route (Line Number) at this stop are below 5 and have been suppressed to reinforce the confidential nature of the data. All values that do not meet the threshold (5) are shown as zero.,Fall 2019,0,0,0,0,0,0,0,7,0,0,0,0,Some boarding or alighting values for this stop (all Lines at this stop) are below 5 and have been suppressed to reinforce the confidential nature of the data. All values that do not meet the threshold (5) are shown as zero.,Fall 2019,Automated Passenger Counting (APC) and Automatic Vehicle Location systems,2019,58067-SB CLARENCE TAYLOR CRES AT 4600 BLOCK,49.085793,-123.059711,26309,bf1f31bf-cb89-4bcf-902a-500eff4d89b6,-13698944.37,6289431.229
58073,WB MOUNTAIN VIEW BLVD AT CLARENCE TAYLOR CRES,Southwest,Delta,606,19,606; 616,Some boarding or alighting values for this route (Line Number) at this stop are below 5 and have been suppressed to reinforce the confidential nature of the data. All values that do not meet the threshold (5) are shown as zero.,Fall 2019,0,0,0,0,0,0,0,0,0,0,0,0,Some boarding or alighting values for this stop (all Lines at this stop) are below 5 and have been suppressed to reinforce the confidential nature of the data. All values that do not meet the threshold (5) are shown as zero.,Fall 2019,Automated Passenger Counting (APC) and Automatic Vehicle Location systems,2019,58073-WB MOUNTAIN VIEW BLVD AT CLARENCE TAYLOR CRES,49.084783,-123.060175,26310,d8dc36b3-d7ff-4d30-b993-849321e46241,-13698996.02,6289259.559
58596,EB CLARENCE TAYLOR CRES AT HARVEST DR,Southwest,Delta,606,17,606; 616,Some boarding or alighting values for this route (Line Number) at this stop are below 5 and have been suppressed to reinforce the confidential nature of the data. All values that do not meet the threshold (5) are shown as zero.,Fall 2019,0,0,0,0,0,0,0,23,0,15,0,12,Some boarding or alighting values for this stop (all Lines at this stop) are below 5 and have been suppressed to reinforce the confidential nature of the data. All values that do not meet the threshold (5) are shown as zero.,Fall 2019,Automated Passenger Counting (APC) and Automatic Vehicle Location systems,2019,58596-EB CLARENCE TAYLOR CRES AT HARVEST DR,49.087928,-123.060783,26311,5e5dc743-5271-4ea3-8cdd-23a4091b18e3,-13699063.7,6289794.127
59798,NB FERRY RD AT BRIGANTINE RD,Southwest,Delta,606,35,606; 618,Some boarding or alighting values for this route (Line Number) at this stop are below 5 and have been suppressed to reinforce the confidential nature of the data. All values that do not meet the threshold (5) are shown as zero.,Fall 2019,0,0,0,0,0,0,0,0,0,0,0,0,Some boarding or alighting values for this stop (all Lines at this stop) are below 5 and have been suppressed to reinforce the confidential nature of the data. All values that do not meet the threshold (5) are shown as zero.,Fall 2019,Automated Passenger Counting (APC) and Automatic Vehicle Location systems,2019,59798-NB FERRY RD AT BRIGANTINE RD,49.10349,-123.07933,26312,413ee4e1-2fcc-492c-90aa-f6301ef3f6e4,-13701128.34,6292439.76
57397,WB LADNER TRUNK RD AT HARVEST DR,Southwest,Delta,608,14,601; 608; 618,Some boarding or alighting values for this route (Line Number) at this stop are below 5 and have been suppressed to reinforce the confidential nature of the data. All values that do not meet the threshold (5) are shown as zero.,Fall 2019,0,0,0,0,0,0,72,18,68,16,59,15,,Fall 2019,Automated Passenger Counting (APC) and Automatic Vehicle Location systems,2019,57397-WB LADNER TRUNK RD AT HARVEST DR,49.090283,-123.063738,26313,576bf028-0ba2-44df-88ea-2cda00361f4b,-13699392.65,6290194.438
57405,SB ARTHUR DR AT 45 AVE,Southwest,Delta,608,25,601; 608,Some boarding or alighting values for this route (Line Number) at this stop are below 5 and have been suppressed to reinforce the confidential nature of the data. All values that do not meet the threshold (5) are shown as zero.,Fall 2019,0,0,0,0,0,0,34,33,13,29,9,21,,Fall 2019,Automated Passenger Counting (APC) and Automatic Vehicle Location systems,2019,57405-SB ARTHUR DR AT 45 AVE,49.084757,-123.078934,26314,1e97c0b4-ca85-4230-9f15-3777c61a11ec,-13701084.26,6289255.139
57518,LADNER EXCHANGE BAY 7,Southwest,Delta,608,26,606; 608; 616; 618,Some boarding or alighting values for this route (Line Number) at this stop are below 5 and have been suppressed to reinforce the confidential nature of the data. All values that do not meet the threshold (5) are shown as zero.,Fall 2019,6,22,0,0,0,0,87,52,37,28,15,13,,Fall 2019,Automated Passenger Counting (APC) and Automatic Vehicle Location systems,2019,57518-LADNER EXCHANGE BAY 7,49.08759,-123.062747,26315,0acc0623-ce1f-44f1-b603-6d562889f518,-13699282.33,6289736.674
57529,SB 46A ST AT RIVER RD WEST,Southwest,Delta,608,5,608,Some boarding or alighting values for this route (Line Number) at this stop are below 5 and have been suppressed to reinforce the confidential nature of the data. All values that do not meet the threshold (5) are shown as zero.,Fall 2019,0,0,0,0,0,0,0,0,0,0,0,0,Some boarding or alighting values for this stop (all Lines at this stop) are below 5 and have been suppressed to reinforce the confidential nature of the data. All values that do not meet the threshold (5) are shown as zero.,Fall 2019,Automated Passenger Counting (APC) and Automatic Vehicle Location systems,2019,57529-SB 46A ST AT RIVER RD WEST,49.088565,-123.095068,26316,8b5095a0-e6bf-4545-be1d-9dbb19dec855,-13702880.29,6289902.404
57530,EB 45 AVE AT 46A ST,Southwest,Delta,608,15,608,Some boarding or alighting values for this route (Line Number) at this stop are below 5 and have been suppressed to reinforce the confidential nature of the data. All values that do not meet the threshold (5) are shown as zero.,Fall 2019,6,0,0,0,0,0,6,0,0,0,0,0,Some boarding or alighting values for this stop (all Lines at this stop) are below 5 and have been suppressed to reinforce the confidential nature of the data. All values that do not meet the threshold (5) are shown as zero.,Fall 2019,Automated Passenger Counting (APC) and Automatic Vehicle Location systems,2019,57530-EB 45 AVE AT 46A ST,49.085147,-123.094566,26317,f6507cc1-8b54-42a1-9951-f93c2c887e48,-13702824.41,6289321.427
57531,EB 45 AVE AT 47A ST,Southwest,Delta,608,19,608,Some boarding or alighting values for this route (Line Number) at this stop are below 5 and have been suppressed to reinforce the confidential nature of the data. All values that do not meet the threshold (5) are shown as zero.,Fall 2019,0,0,0,0,0,0,0,0,0,0,0,0,Some boarding or alighting values for this stop (all Lines at this stop) are below 5 and have been suppressed to reinforce the confidential nature of the data. All values that do not meet the threshold (5) are shown as zero.,Fall 2019,Automated Passenger Counting (APC) and Automatic Vehicle Location systems,2019,57531-EB 45 AVE AT 47A ST,49.085118,-123.090792,26318,7b35503c-e4b9-43cd-b8e9-9c95ebc2edd3,-13702404.29,6289316.498
57532,EB 45 AVE AT 48B ST,Southwest,Delta,608,21,608,Some boarding or alighting values for this route (Line Number) at this stop are below 5 and have been suppressed to reinforce the confidential nature of the data. All values that do not meet the threshold (5) are shown as zero.,Fall 2019,0,0,0,0,0,0,0,0,0,0,0,0,Some boarding or alighting values for this stop (all Lines at this stop) are below 5 and have been suppressed to reinforce the confidential nature of the data. All values that do not meet the threshold (5) are shown as zero.,Fall 2019,Automated Passenger Counting (APC) and Automatic Vehicle Location systems,2019,57532-EB 45 AVE AT 48B ST,49.085109,-123.088289,26319,9ba16942-ada0-42bc-95c8-112d755639a7,-13702125.65,6289314.969
57533,EB 45 AVE AT 51 ST,Southwest,Delta,608,23,608,Some boarding or alighting values for this route (Line Number) at this stop are below 5 and have been suppressed to reinforce the confidential nature of the data. All values that do not meet the threshold (5) are shown as zero.,Fall 2019,0,0,0,0,0,0,0,0,0,0,0,0,Some boarding or alighting values for this stop (all Lines at this stop) are below 5 and have been suppressed to reinforce the confidential nature of the data. All values that do not meet the threshold (5) are shown as zero.,Fall 2019,Automated Passenger Counting (APC) and Automatic Vehicle Location systems,2019,57533-EB 45 AVE AT 51 ST,49.085085,-123.083298,26320,4aad26cf-7b0e-403e-b769-2b5eb42d9eb5,-13701570.06,6289310.889
57534,EB 44 AVE AT 52A ST,Southwest,Delta,608,28,608,Some boarding or alighting values for this route (Line Number) at this stop are below 5 and have been suppressed to reinforce the confidential nature of the data. All values that do not meet the threshold (5) are shown as zero.,Fall 2019,0,0,0,0,0,0,0,0,0,0,0,0,Some boarding or alighting values for this stop (all Lines at this stop) are below 5 and have been suppressed to reinforce the confidential nature of the data. All values that do not meet the threshold (5) are shown as zero.,Fall 2019,Automated Passenger Counting (APC) and Automatic Vehicle Location systems,2019,57534-EB 44 AVE AT 52A ST,49.082996,-123.076789,26321,24d7d79a-c8be-4e94-bdf0-9049b854e20c,-13700845.48,6288955.83
57535,EB 44 AVE AT 5400 BLOCK,Southwest,Delta,608,30,608,Some boarding or alighting values for this route (Line Number) at this stop are below 5 and have been suppressed to reinforce the confidential nature of the data. All values that do not meet the threshold (5) are shown as zero.,Fall 2019,0,0,0,0,0,0,0,0,0,0,0,0,Some boarding or alighting values for this stop (all Lines at this stop) are below 5 and have been suppressed to reinforce the confidential nature of the data. All values that do not meet the threshold (5) are shown as zero.,Fall 2019,Automated Passenger Counting (APC) and Automatic Vehicle Location systems,2019,57535-EB 44 AVE AT 5400 BLOCK,49.083242,-123.072044,26322,66d65331-28ce-4608-bc28-f0f212556731,-13700317.27,6288997.641
57536,EB 44 AVE AT 55B ST,Southwest,Delta,608,32,608,Some boarding or alighting values for this route (Line Number) at this stop are below 5 and have been suppressed to reinforce the confidential nature of the data. All values that do not meet the threshold (5) are shown as zero.,Fall 2019,0,0,0,0,0,0,0,0,0,0,0,0,Some boarding or alighting values for this stop (all Lines at this stop) are below 5 and have been suppressed to reinforce the confidential nature of the data. All values that do not meet the threshold (5) are shown as zero.,Fall 2019,Automated Passenger Counting (APC) and Automatic Vehicle Location systems,2019,57536-EB 44 AVE AT 55B ST,49.083227,-123.069047,26323,5db3a6af-62c0-4818-9aeb-24f04be97fbc,-13699983.64,6288995.092
57537,EB HARVEST DR AT 57 ST,Southwest,Delta,608,1,608,Some boarding or alighting values for this route (Line Number) at this stop are below 5 and have been suppressed to reinforce the confidential nature of the data. All values that do not meet the threshold (5) are shown as zero.,Fall 2019,0,0,0,0,0,0,0,0,0,0,0,0,Some boarding or alighting values for this stop (all Lines at this stop) are below 5 and have been suppressed to reinforce the confidential nature of the data. All values that do not meet the threshold (5) are shown as zero.,Fall 2019,Automated Passenger Counting (APC) and Automatic Vehicle Location systems,2019,57537-EB HARVEST DR AT 57 ST,49.084203,-123.065095,26324,5cad5b65-61e7-4d1a-a47b-e21695053857,-13699543.71,6289160.977
57538,NB HARVEST DR AT MOUNTAIN VIEW BLVD,Southwest,Delta,608,3,606; 608; 616,Some boarding or alighting values for this route (Line Number) at this stop are below 5 and have been suppressed to reinforce the confidential nature of the data. All values that do not meet the threshold (5) are shown as zero.,Fall 2019,0,0,0,0,0,0,0,0,0,0,0,0,Some boarding or alighting values for this stop (all Lines at this stop) are below 5 and have been suppressed to reinforce the confidential nature of the data. All values that do not meet the threshold (5) are shown as zero.,Fall 2019,Automated Passenger Counting (APC) and Automatic Vehicle Location systems,2019,57538-NB HARVEST DR AT MOUNTAIN VIEW BLVD,49.085874,-123.063921,26325,cca4e629-4ac9-430e-9dbf-f3b275691119,-13699413.02,6289444.996
57539,NB 57 ST AT 48B AVE,Southwest,Delta,608,20,608; 618,Some boarding or alighting values for this route (Line Number) at this stop are below 5 and have been suppressed to reinforce the confidential nature of the data. All values that do not meet the threshold (5) are shown as zero.,Fall 2019,0,0,0,0,0,0,0,0,0,0,0,0,Some boarding or alighting values for this stop (all Lines at this stop) are below 5 and have been suppressed to reinforce the confidential nature of the data. All values that do not meet the threshold (5) are shown as zero.,Fall 2019,Automated Passenger Counting (APC) and Automatic Vehicle Location systems,2019,57539-NB 57 ST AT 48B AVE,49.091215,-123.065164,26326,4ab49326-166b-4de5-90fa-bd7bd91d3de5,-13699551.39,6290352.867
57540,NB 57 ST AT 49B AVE,Southwest,Delta,608,22,608; 618,Some boarding or alighting values for this route (Line Number) at this stop are below 5 and have been suppressed to reinforce the confidential nature of the data. All values that do not meet the threshold (5) are shown as zero.,Fall 2019,0,0,0,0,0,0,0,0,0,0,0,0,Some boarding or alighting values for this stop (all Lines at this stop) are below 5 and have been suppressed to reinforce the confidential nature of the data. All values that do not meet the threshold (5) are shown as zero.,Fall 2019,Automated Passenger Counting (APC) and Automatic Vehicle Location systems,2019,57540-NB 57 ST AT 49B AVE,49.093461,-123.065142,26327,122941f9-62ac-4827-8a06-da5a2b586b74,-13699548.94,6290734.675
57541,NB 57 ST AT GROVE AVE,Southwest,Delta,608,24,608; 618,Some boarding or alighting values for this route (Line Number) at this stop are below 5 and have been suppressed to reinforce the confidential nature of the data. All values that do not meet the threshold (5) are shown as zero.,Fall 2019,0,0,0,0,0,0,0,0,0,0,0,0,Some boarding or alighting values for this stop (all Lines at this stop) are below 5 and have been suppressed to reinforce the confidential nature of the data. All values that do not meet the threshold (5) are shown as zero.,Fall 2019,Automated Passenger Counting (APC) and Automatic Vehicle Location systems,2019,57541-NB 57 ST AT GROVE AVE,49.095463,-123.065086,26328,0c2e8816-efb1-4542-80b8-b9fdba99efe3,-13699542.71,6291075.018
57542,WB CRESCENT DR AT 57 ST,Southwest,Delta,608,27,608; 618,Some boarding or alighting values for this route (Line Number) at this stop are below 5 and have been suppressed to reinforce the confidential nature of the data. All values that do not meet the threshold (5) are shown as zero.,Fall 2019,0,0,0,0,0,0,0,0,0,0,0,0,Some boarding or alighting values for this stop (all Lines at this stop) are below 5 and have been suppressed to reinforce the confidential nature of the data. All values that do not meet the threshold (5) are shown as zero.,Fall 2019,Automated Passenger Counting (APC) and Automatic Vehicle Location systems,2019,57542-WB CRESCENT DR AT 57 ST,49.097772,-123.065586,26329,0db588d5-711e-45f7-9755-2d39614439d5,-13699598.37,6291467.569
57543,WB CRESCENT DR AT DOWLER RD,Southwest,Delta,608,29,608; 618,Some boarding or alighting values for this route (Line Number) at this stop are below 5 and have been suppressed to reinforce the confidential nature of the data. All values that do not meet the threshold (5) are shown as zero.,Fall 2019,0,0,0,0,0,0,0,0,0,0,0,0,Some boarding or alighting values for this stop (all Lines at this stop) are below 5 and have been suppressed to reinforce the confidential nature of the data. All values that do not meet the threshold (5) are shown as zero.,Fall 2019,Automated Passenger Counting (APC) and Automatic Vehicle Location systems,2019,57543-WB CRESCENT DR AT DOWLER RD,49.099773,-123.068804,26330,ec4502fe-c935-4583-b006-3d154dfb2eff,-13699956.59,6291807.772
57544,WB CRESCENT DR AT WELLBURN DR,Southwest,Delta,608,31,608; 618,Some boarding or alighting values for this route (Line Number) at this stop are below 5 and have been suppressed to reinforce the confidential nature of the data. All values that do not meet the threshold (5) are shown as zero.,Fall 2019,0,0,0,0,0,0,0,0,0,0,0,0,Some boarding or alighting values for this stop (all Lines at this stop) are below 5 and have been suppressed to reinforce the confidential nature of the data. All values that do not meet the threshold (5) are shown as zero.,Fall 2019,Automated Passenger Counting (APC) and Automatic Vehicle Location systems,2019,57544-WB CRESCENT DR AT WELLBURN DR,49.101381,-123.071123,26331,d61a7eb1-370b-4a8a-a007-9292548466d5,-13700214.74,6292081.169
57545,NB WESTMINSTER AVE AT CHAMBERLAYNE AVE,Southwest,Delta,608,33,608; 618,Some boarding or alighting values for this route (Line Number) at this stop are below 5 and have been suppressed to reinforce the confidential nature of the data. All values that do not meet the threshold (5) are shown as zero.,Fall 2019,0,0,0,0,0,0,0,0,0,0,0,0,Some boarding or alighting values for this stop (all Lines at this stop) are below 5 and have been suppressed to reinforce the confidential nature of the data. All values that do not meet the threshold (5) are shown as zero.,Fall 2019,Automated Passenger Counting (APC) and Automatic Vehicle Location systems,2019,57545-NB WESTMINSTER AVE AT CHAMBERLAYNE AVE,49.102492,-123.072176,26332,8c252dd2-3a6b-4ef2-9aed-16ca73260bf9,-13700331.96,6292270.069
57546,WB ADMIRAL BLVD AT REGATTA WAY,Southwest,Delta,608,2,608; 618,Some boarding or alighting values for this route (Line Number) at this stop are below 5 and have been suppressed to reinforce the confidential nature of the data. All values that do not meet the threshold (5) are shown as zero.,Fall 2019,0,0,0,0,0,0,0,0,0,0,0,0,Some boarding or alighting values for this stop (all Lines at this stop) are below 5 and have been suppressed to reinforce the confidential nature of the data. All values that do not meet the threshold (5) are shown as zero.,Fall 2019,Automated Passenger Counting (APC) and Automatic Vehicle Location systems,2019,57546-WB ADMIRAL BLVD AT REGATTA WAY,49.104896,-123.073217,26333,518c5b9e-fb09-4305-b9a2-f94826335375,-13700447.85,6292678.83
57547,WB COMMODORE DR AT ADMIRAL BLVD,Southwest,Delta,608,4,608,Some boarding or alighting values for this route (Line Number) at this stop are below 5 and have been suppressed to reinforce the confidential nature of the data. All values that do not meet the threshold (5) are shown as zero.,Fall 2019,0,0,0,0,0,0,0,0,0,0,0,0,Some boarding or alighting values for this stop (all Lines at this stop) are below 5 and have been suppressed to reinforce the confidential nature of the data. All values that do not meet the threshold (5) are shown as zero.,Fall 2019,Automated Passenger Counting (APC) and Automatic Vehicle Location systems,2019,57547-WB COMMODORE DR AT ADMIRAL BLVD,49.106266,-123.074771,26334,a3461fcf-20c7-4928-97a7-32638816ff6c,-13700620.84,6292911.784
57548,WB COMMODORE DR AT CLIPPER RD,Southwest,Delta,608,6,608,Some boarding or alighting values for this route (Line Number) at this stop are below 5 and have been suppressed to reinforce the confidential nature of the data. All values that do not meet the threshold (5) are shown as zero.,Fall 2019,0,0,0,0,0,0,0,0,0,0,0,0,Some boarding or alighting values for this stop (all Lines at this stop) are below 5 and have been suppressed to reinforce the confidential nature of the data. All values that do not meet the threshold (5) are shown as zero.,Fall 2019,Automated Passenger Counting (APC) and Automatic Vehicle Location systems,2019,57548-WB COMMODORE DR AT CLIPPER RD,49.105713,-123.077484,26335,dec4e890-f9c6-4db4-b082-8dd951b9606d,-13700922.85,6292817.751
57549,SB FERRY RD AT COMMODORE DR,Southwest,Delta,608,7,608; 618,Some boarding or alighting values for this route (Line Number) at this stop are below 5 and have been suppressed to reinforce the confidential nature of the data. All values that do not meet the threshold (5) are shown as zero.,Fall 2019,0,0,0,0,0,0,0,0,0,0,0,0,Some boarding or alighting values for this stop (all Lines at this stop) are below 5 and have been suppressed to reinforce the confidential nature of the data. All values that do not meet the threshold (5) are shown as zero.,Fall 2019,Automated Passenger Counting (APC) and Automatic Vehicle Location systems,2019,57549-SB FERRY RD AT COMMODORE DR,49.105389,-123.079236,26336,eebd0a10-8599-4539-b033-1d0c2462c10b,-13701117.88,6292762.658
57550,SB FERRY RD AT BRIGANTINE RD,Southwest,Delta,608,8,608; 618,Some boarding or alighting values for this route (Line Number) at this stop are below 5 and have been suppressed to reinforce the confidential nature of the data. All values that do not meet the threshold (5) are shown as zero.,Fall 2019,0,0,0,0,0,0,0,0,0,0,0,0,Some boarding or alighting values for this stop (all Lines at this stop) are below 5 and have been suppressed to reinforce the confidential nature of the data. All values that do not meet the threshold (5) are shown as zero.,Fall 2019,Automated Passenger Counting (APC) and Automatic Vehicle Location systems,2019,57550-SB FERRY RD AT BRIGANTINE RD,49.103419,-123.079536,26337,156f3c80-0682-4ab8-b9b0-3594f0ae3478,-13701151.27,6292427.688
57551,SB FERRY RD AT SCHOONER GATE,Southwest,Delta,608,9,608; 618,Some boarding or alighting values for this route (Line Number) at this stop are below 5 and have been suppressed to reinforce the confidential nature of the data. All values that do not meet the threshold (5) are shown as zero.,Fall 2019,0,0,0,0,0,0,0,0,0,0,0,0,Some boarding or alighting values for this stop (all Lines at this stop) are below 5 and have been suppressed to reinforce the confidential nature of the data. All values that do not meet the threshold (5) are shown as zero.,Fall 2019,Automated Passenger Counting (APC) and Automatic Vehicle Location systems,2019,57551-SB FERRY RD AT SCHOONER GATE,49.100818,-123.079915,26338,27b432f9-2610-42e1-b142-9e089f50c198,-13701193.46,6291985.445
57552,SB FERRY RD AT HERON BAY CLOSE,Southwest,Delta,608,10,608; 618,Some boarding or alighting values for this route (Line Number) at this stop are below 5 and have been suppressed to reinforce the confidential nature of the data. All values that do not meet the threshold (5) are shown as zero.,Fall 2019,0,0,0,0,0,0,0,0,0,0,0,0,Some boarding or alighting values for this stop (all Lines at this stop) are below 5 and have been suppressed to reinforce the confidential nature of the data. All values that do not meet the threshold (5) are shown as zero.,Fall 2019,Automated Passenger Counting (APC) and Automatic Vehicle Location systems,2019,57552-SB FERRY RD AT HERON BAY CLOSE,49.097612,-123.079033,26339,5238aacf-7d9a-45db-9a6f-7f4c5129637d,-13701095.28,6291440.367
57553,EB LINDEN DR AT WESTMINSTER AVE,Southwest,Delta,608,11,608; 618,Some boarding or alighting values for this route (Line Number) at this stop are below 5 and have been suppressed to reinforce the confidential nature of the data. All values that do not meet the threshold (5) are shown as zero.,Fall 2019,0,0,0,0,0,0,0,0,0,0,0,0,Some boarding or alighting values for this stop (all Lines at this stop) are below 5 and have been suppressed to reinforce the confidential nature of the data. All values that do not meet the threshold (5) are shown as zero.,Fall 2019,Automated Passenger Counting (APC) and Automatic Vehicle Location systems,2019,57553-EB LINDEN DR AT WESTMINSTER AVE,49.095676,-123.079281,26340,3ab1f924-4aa7-448e-9159-682b59773009,-13701122.89,6291111.23
57554,EB LINDEN DR AT CENTRAL AVE,Southwest,Delta,608,12,608; 618,Some boarding or alighting values for this route (Line Number) at this stop are below 5 and have been suppressed to reinforce the confidential nature of the data. All values that do not meet the threshold (5) are shown as zero.,Fall 2019,0,0,0,0,0,0,0,0,0,0,0,0,Some boarding or alighting values for this stop (all Lines at this stop) are below 5 and have been suppressed to reinforce the confidential nature of the data. All values that do not meet the threshold (5) are shown as zero.,Fall 2019,Automated Passenger Counting (APC) and Automatic Vehicle Location systems,2019,57554-EB LINDEN DR AT CENTRAL AVE,49.094952,-123.076279,26341,2bbd11a4-6add-4c82-a7de-a450e77a724a,-13700788.71,6290988.146
57555,SB CENTRAL AVE AT 4900 BLOCK,Southwest,Delta,608,13,608; 618,Some boarding or alighting values for this route (Line Number) at this stop are below 5 and have been suppressed to reinforce the confidential nature of the data. All values that do not meet the threshold (5) are shown as zero.,Fall 2019,0,0,0,0,0,0,0,0,0,0,0,0,Some boarding or alighting values for this stop (all Lines at this stop) are below 5 and have been suppressed to reinforce the confidential nature of the data. All values that do not meet the threshold (5) are shown as zero.,Fall 2019,Automated Passenger Counting (APC) and Automatic Vehicle Location systems,2019,57555-SB CENTRAL AVE AT 4900 BLOCK,49.092652,-123.079157,26342,6ef3a04c-3105-4f8f-83d4-b028fd6e2aa8,-13701109.08,6290597.147
57556,SB CENTRAL AVE AT LADNER TRUNK RD,Southwest,Delta,608,16,608; 618,Some boarding or alighting values for this route (Line Number) at this stop are below 5 and have been suppressed to reinforce the confidential nature of the data. All values that do not meet the threshold (5) are shown as zero.,Fall 2019,0,0,0,0,0,0,0,5,0,0,0,0,Some boarding or alighting values for this stop (all Lines at this stop) are below 5 and have been suppressed to reinforce the confidential nature of the data. All values that do not meet the threshold (5) are shown as zero.,Fall 2019,Automated Passenger Counting (APC) and Automatic Vehicle Location systems,2019,57556-SB CENTRAL AVE AT LADNER TRUNK RD,49.090502,-123.081074,26343,a8850cd9-e07e-49dd-b960-4d24d02cfe72,-13701322.48,6290231.665
57559,WB 47A AVE AT 48B ST,Southwest,Delta,608,17,608,Some boarding or alighting values for this route (Line Number) at this stop are below 5 and have been suppressed to reinforce the confidential nature of the data. All values that do not meet the threshold (5) are shown as zero.,Fall 2019,0,0,0,0,0,0,0,0,0,0,0,0,Some boarding or alighting values for this stop (all Lines at this stop) are below 5 and have been suppressed to reinforce the confidential nature of the data. All values that do not meet the threshold (5) are shown as zero.,Fall 2019,Automated Passenger Counting (APC) and Automatic Vehicle Location systems,2019,57559-WB 47A AVE AT 48B ST,49.089315,-123.089102,26344,e7c98953-765a-4337-b7fa-3abe0b447b7d,-13702216.16,6290029.891
57560,WB RIVER RD AT ASHBURY PL,Southwest,Delta,608,18,608,Some boarding or alighting values for this route (Line Number) at this stop are below 5 and have been suppressed to reinforce the confidential nature of the data. All values that do not meet the threshold (5) are shown as zero.,Fall 2019,0,0,0,0,0,0,0,0,0,0,0,0,Some boarding or alighting values for this stop (all Lines at this stop) are below 5 and have been suppressed to reinforce the confidential nature of the data. All values that do not meet the threshold (5) are shown as zero.,Fall 2019,Automated Passenger Counting (APC) and Automatic Vehicle Location systems,2019,57560-WB RIVER RD AT ASHBURY PL,49.089338,-123.093724,26345,bf0d9a16-ce6e-4a29-8a29-2b539eed0f8e,-13702730.68,6290033.801
